file_id,title,text,label,label_name,rating_float,dataset,topic_score
story_reviews_00098,How barbershops could help lower blood pressure,How barbershops could help lower blood pressure,1,Real,5,HealthStory,0.6769032
story_reviews_00922,Patient's own stem cells help heal heart,Patient's own stem cells help heal heart,1,Real,4,HealthStory,0.6721967
story_reviews_01357,Viagra may help heart effects of muscular dystrophy,Viagra may help heart effects of muscular dystrophy,0,Fake,2,HealthStory,0.63178164
story_reviews_01008,Yoga shows some benefit for diabetes,Yoga shows some benefit for diabetes,0,Fake,2,HealthStory,0.6243953
story_reviews_01239,Antidepressants relieve hot flashes,Antidepressants relieve hot flashes,0,Fake,2,HealthStory,0.6218349
story_reviews_00848,Botox may help multiple sclerosis tremors,Botox may help multiple sclerosis tremors,1,Real,5,HealthStory,0.6102887
story_reviews_01193,"More unusual, fewer usual breaks with bone drugs","More unusual, fewer usual breaks with bone drugs",1,Real,5,HealthStory,0.59996736
story_reviews_00700,Curcumin may help lower inflammation in metabolic syndrome,Curcumin may help lower inflammation in metabolic syndrome,1,Real,3,HealthStory,0.59883106
story_reviews_01686,Using CT scans to see plaque in coronary arteries,Using CT scans to see plaque in coronary arteries,1,Real,3,HealthStory,0.5981843
story_reviews_01015,"Bran, soy help cut cholesterol","Bran, soy help cut cholesterol",0,Fake,2,HealthStory,0.59278136
story_reviews_00329,New statin guidelines: Everyone 40 and older should be considered for the drug therapy,New statin guidelines: Everyone 40 and older should be considered for the drug therapy,1,Real,3,HealthStory,0.59252864
story_reviews_00893,Green coffee beans show potential for losing weight,Green coffee beans show potential for losing weight,1,Real,3,HealthStory,0.58467954
story_reviews_00294,Alternative medicine might help treat premature ejaculation,Alternative medicine might help treat premature ejaculation,1,Real,4,HealthStory,0.5823681
story_reviews_01164,Hormones may be better than soy for hot flashes,Hormones may be better than soy for hot flashes,1,Real,5,HealthStory,0.5798928
story_reviews_00027,"Antidepressants, psychotherapy may help ease irritable bowel syndrome","Antidepressants, psychotherapy may help ease irritable bowel syndrome",1,Real,3,HealthStory,0.57686365
story_reviews_00691,New treatment instantly relieves knee pain,New treatment instantly relieves knee pain,0,Fake,2,HealthStory,0.5757473
story_reviews_01456,Tai Chi improves symptoms of fibromyalgia,Tai Chi improves symptoms of fibromyalgia,1,Real,3,HealthStory,0.57341146
story_reviews_00617,New tests offer hope for millions of patients with irritable bowel syndrome,New tests offer hope for millions of patients with irritable bowel syndrome,0,Fake,1,HealthStory,0.57276857
story_reviews_00398,Drug shows promise for quick treatment of postpartum depression,Drug shows promise for quick treatment of postpartum depression,1,Real,4,HealthStory,0.57241565
story_reviews_01271,The Healthy Skeptic: telomerase activators,The Healthy Skeptic: telomerase activators,1,Real,3,HealthStory,0.57036436
story_reviews_01541,"In melanoma patients, immune therapy may boost survival","In melanoma patients, immune therapy may boost survival",1,Real,5,HealthStory,0.56880814
story_reviews_00875,Mixed message on antidepressant for hot flashes,Mixed message on antidepressant for hot flashes,1,Real,5,HealthStory,0.56363744
story_reviews_00673,Phone support can help ease postpartum depression,Phone support can help ease postpartum depression,1,Real,4,HealthStory,0.5626628
story_reviews_00689,Promising data bodes well for all-Achillion hep C treatment,Promising data bodes well for all-Achillion hep C treatment,0,Fake,2,HealthStory,0.5621562
story_reviews_00750,Folic acid linked to reduced risk of autism spectrum disorders,Folic acid linked to reduced risk of autism spectrum disorders,1,Real,4,HealthStory,0.5618476
story_reviews_00910,Study: Brain suffers when fish oil falls short,Study: Brain suffers when fish oil falls short,0,Fake,2,HealthStory,0.5618359
story_reviews_01207,Creatine supplements may benefit women with knee osteoarthritis,Creatine supplements may benefit women with knee osteoarthritis,0,Fake,2,HealthStory,0.56113976
story_reviews_01602,Liver supplements don’t seem to offer protection,Liver supplements don’t seem to offer protection,1,Real,5,HealthStory,0.5608875
story_reviews_00214,New study shows promise of yoga in treating back pain,New study shows promise of yoga in treating back pain,0,Fake,2,HealthStory,0.5595603
story_reviews_01695,"More evidence coffee, tea could prevent diabetes","More evidence coffee, tea could prevent diabetes",1,Real,4,HealthStory,0.5589414
story_reviews_01063,Research shows promise in reversing Type 1 diabetes,Research shows promise in reversing Type 1 diabetes,1,Real,5,HealthStory,0.55848277
story_reviews_00719,An avocado a day lowers cholesterol,An avocado a day lowers cholesterol,1,Real,3,HealthStory,0.55742437
story_reviews_01312,New drug promising against cholesterol,New drug promising against cholesterol,1,Real,3,HealthStory,0.5570509
story_reviews_01658,Surgical procedure urged for atrial fibrillation,Surgical procedure urged for atrial fibrillation,1,Real,3,HealthStory,0.5558578
story_reviews_00949,Spinal tap may predict Alzheimer's years ahead,Spinal tap may predict Alzheimer's years ahead,1,Real,5,HealthStory,0.5555897
story_reviews_00935,New implant addresses hearing loss caused by inner-ear damage,New implant addresses hearing loss caused by inner-ear damage,0,Fake,1,HealthStory,0.55500996
story_reviews_01067,Consuming more olive oil may protect against strokes,Consuming more olive oil may protect against strokes,1,Real,3,HealthStory,0.55479586
story_reviews_01463,"For diabetics, taking the sting out of insulin","For diabetics, taking the sting out of insulin",1,Real,4,HealthStory,0.5529376
story_reviews_01650,Industrial chemical OSR#1 used as autism treatment,Industrial chemical OSR#1 used as autism treatment,1,Real,5,HealthStory,0.5500547
story_reviews_01244,New studies say antibiotics are good for infants with confirmed ear infections,New studies say antibiotics are good for infants with confirmed ear infections,1,Real,4,HealthStory,0.5494457
story_reviews_01121,"Aspirin cuts heart attacks, not deaths or strokes","Aspirin cuts heart attacks, not deaths or strokes",1,Real,5,HealthStory,0.54896134
story_reviews_01474,Some evidence vitamin D might fight colds,Some evidence vitamin D might fight colds,1,Real,4,HealthStory,0.5470424
story_reviews_00552,T-cell therapy results more modest than hoped for chronic leukemia,T-cell therapy results more modest than hoped for chronic leukemia,1,Real,4,HealthStory,0.5470187
story_reviews_00274,Mild electric shocks on the arm might help ease migraine pain,Mild electric shocks on the arm might help ease migraine pain,1,Real,4,HealthStory,0.54650146
story_reviews_00498,How stem cell therapy may help treat COPD,How stem cell therapy may help treat COPD,0,Fake,1,HealthStory,0.54588616
story_reviews_00001,Evofem's birth control gel meets main study goal; shares rise,Evofem's birth control gel meets main study goal; shares rise,1,Real,3,HealthStory,0.5456117
story_reviews_00932,Study clouds evidence on soy and menopause,Study clouds evidence on soy and menopause,1,Real,5,HealthStory,0.5449011
story_reviews_00322,There’s something in magic mushrooms that’s shown to ease anxiety and depression in cancer patients in one dose,There’s something in magic mushrooms that’s shown to ease anxiety and depression in cancer patients in one dose,1,Real,4,HealthStory,0.54450375
story_reviews_00872,Marijuana may ease multiple sclerosis symptoms,Marijuana may ease multiple sclerosis symptoms,1,Real,5,HealthStory,0.5440552
story_reviews_00901,Study suggests overall benefit from antidepressants,Study suggests overall benefit from antidepressants,1,Real,4,HealthStory,0.54348034
story_reviews_01513,"""Mind-body"" therapy shows promise for fibromyalgia","""Mind-body"" therapy shows promise for fibromyalgia",1,Real,4,HealthStory,0.5434512
story_reviews_01478,Ketamine lifts mood quickly in bipolar disorder,Ketamine lifts mood quickly in bipolar disorder,0,Fake,2,HealthStory,0.5434155
story_reviews_00713,FDA approves a device for weight loss,FDA approves a device for weight loss,1,Real,3,HealthStory,0.5426558
story_reviews_00483,"Flashing night-lights may help lessen jet lag, circadian problems","Flashing night-lights may help lessen jet lag, circadian problems",1,Real,5,HealthStory,0.5425138
story_reviews_00028,Amarin fish oil capsule shows dramatic benefit for cardiovascular patients,Amarin fish oil capsule shows dramatic benefit for cardiovascular patients,1,Real,3,HealthStory,0.54206014
story_reviews_00580,Prenatal testing can detect cancer in pregnant mothers,Prenatal testing can detect cancer in pregnant mothers,0,Fake,2,HealthStory,0.5420135
story_reviews_01144,Abbott absorbable stent shows good results,Abbott absorbable stent shows good results,0,Fake,2,HealthStory,0.5419778
story_reviews_00633,New drugs show promise for treating high cholesterol,New drugs show promise for treating high cholesterol,1,Real,3,HealthStory,0.54184175
story_reviews_00070,FDA approves new drug that prevents migraines without side effects,FDA approves new drug that prevents migraines without side effects,1,Real,3,HealthStory,0.5412558
story_reviews_00826,Acupuncture has limited benefit for chronic pain,Acupuncture has limited benefit for chronic pain,1,Real,3,HealthStory,0.54060286
story_reviews_01540,Bioidentical hormones for menopausal symptoms,Bioidentical hormones for menopausal symptoms,1,Real,3,HealthStory,0.54033655
story_reviews_00150,First test of anti-epilepsy surgeries in children shows dramatic benefit,First test of anti-epilepsy surgeries in children shows dramatic benefit,1,Real,4,HealthStory,0.5401822
story_reviews_00511,"Light therapy effective for treating depression, not just winter blues","Light therapy effective for treating depression, not just winter blues",1,Real,4,HealthStory,0.5392659
story_reviews_00899,'Cutting' your risk of prostate cancer,'Cutting' your risk of prostate cancer,1,Real,3,HealthStory,0.5390859
story_reviews_00041,"Multigene test may find risk for heart disease, diabetes and breast cancer","Multigene test may find risk for heart disease, diabetes and breast cancer",1,Real,3,HealthStory,0.53693616
story_reviews_00960,Gene test could assist cancer therapy,Gene test could assist cancer therapy,1,Real,4,HealthStory,0.53686285
story_reviews_01278,Weighing effectiveness versus risk in obesity drugs,Weighing effectiveness versus risk in obesity drugs,0,Fake,2,HealthStory,0.5363532
story_reviews_00687,"Before you conclude that you’re gluten-sensitive, consider FODMAPs foods","Before you conclude that you’re gluten-sensitive, consider FODMAPs foods",0,Fake,2,HealthStory,0.5361622
story_reviews_01679,Nose treatment cuts hospital-acquired infections,Nose treatment cuts hospital-acquired infections,0,Fake,2,HealthStory,0.53599554
story_reviews_01325,Doctors suggest that women hit pause button on osteoporosis drugs,Doctors suggest that women hit pause button on osteoporosis drugs,1,Real,3,HealthStory,0.5351975
story_reviews_01451,Tai chi may ease fibromyalgia pain,Tai chi may ease fibromyalgia pain,1,Real,4,HealthStory,0.5346727
story_reviews_00018,Novartis drug cut death risk by 35 percent in gene mutation breast cancer,Novartis drug cut death risk by 35 percent in gene mutation breast cancer,0,Fake,2,HealthStory,0.5343147
story_reviews_00372,Focused brain ultrasound offers some hope for essential tremor,Focused brain ultrasound offers some hope for essential tremor,1,Real,4,HealthStory,0.53424263
story_reviews_00000,Virtual reality to help detect early risk of Alzheimer’s,Virtual reality to help detect early risk of Alzheimer’s,0,Fake,1,HealthStory,0.53395504
story_reviews_00634,"At gathering, living proof that CPR can save cardiac-arrest victims","At gathering, living proof that CPR can save cardiac-arrest victims",0,Fake,2,HealthStory,0.5325762
story_reviews_00359,Study shines a light on low winter-time male libido,Study shines a light on low winter-time male libido,0,Fake,2,HealthStory,0.53181857
story_reviews_00212,New drug shows promise against vision-robbing disease in seniors,New drug shows promise against vision-robbing disease in seniors,1,Real,3,HealthStory,0.5317106
story_reviews_01070,Firm develops magnetic-pulse treatment for major depression,Firm develops magnetic-pulse treatment for major depression,1,Real,3,HealthStory,0.5313134
story_reviews_00553,Women are not getting treated for menopausal symptoms,Women are not getting treated for menopausal symptoms,1,Real,3,HealthStory,0.5313044
story_reviews_00023,Migraine patients can now try three new drugs for prevention,Migraine patients can now try three new drugs for prevention,1,Real,3,HealthStory,0.5302592
story_reviews_01412,Researchers develop test for pregnancy complication,Researchers develop test for pregnancy complication,1,Real,3,HealthStory,0.53024
story_reviews_00031,Here’s how one woman used an implant to get some relief from chronic back pain,Here’s how one woman used an implant to get some relief from chronic back pain,0,Fake,2,HealthStory,0.5299736
story_reviews_01237,Study: Fatty acids can help ease PMS symptoms,Study: Fatty acids can help ease PMS symptoms,1,Real,3,HealthStory,0.5299545
story_reviews_01468,Spinal fluid proteins can help diagnose Alzheimer's,Spinal fluid proteins can help diagnose Alzheimer's,0,Fake,1,HealthStory,0.52983546
story_reviews_00484,Jet lag research finds new potential treatment,Jet lag research finds new potential treatment,1,Real,3,HealthStory,0.5298331
story_reviews_00906,Experimental treatment may help food allergies,Experimental treatment may help food allergies,0,Fake,2,HealthStory,0.5293385
story_reviews_01520,Progress made on artificial pancreas for diabetic patients,Progress made on artificial pancreas for diabetic patients,0,Fake,2,HealthStory,0.529039
story_reviews_00684,"Chemoprevention works against breast cancer, but these drugs are not popular","Chemoprevention works against breast cancer, but these drugs are not popular",1,Real,5,HealthStory,0.5287365
story_reviews_01480,In the Works: Immunotherapy for food allergies,In the Works: Immunotherapy for food allergies,1,Real,4,HealthStory,0.5284157
story_reviews_00877,Experts issue new guidelines for preventing migraines with drugs,Experts issue new guidelines for preventing migraines with drugs,1,Real,3,HealthStory,0.5267883
story_reviews_00250,Botox tested to help treat depression and social anxiety,Botox tested to help treat depression and social anxiety,0,Fake,2,HealthStory,0.5254757
story_reviews_01176,Scientists develop blood test for Down's Syndrome,Scientists develop blood test for Down's Syndrome,0,Fake,2,HealthStory,0.5250627
story_reviews_00043,Hyperbaric oxygen: The mysterious therapy that saved a cancer survivor from radiation side effects,Hyperbaric oxygen: The mysterious therapy that saved a cancer survivor from radiation side effects,1,Real,4,HealthStory,0.5248342
story_reviews_01683,"Study: Ginkgo biloba has no effect on Alzheimer's, dementia","Study: Ginkgo biloba has no effect on Alzheimer's, dementia",1,Real,4,HealthStory,0.5246066
story_reviews_00835,Magnetic stimulation helps some people with treatment-resistant depression,Magnetic stimulation helps some people with treatment-resistant depression,1,Real,5,HealthStory,0.5244389
story_reviews_01230,Deep Brain Stimulation for Stubborn Hypertension,Deep Brain Stimulation for Stubborn Hypertension,1,Real,3,HealthStory,0.52438664
story_reviews_00739,Walnuts for Diabetes,Walnuts for Diabetes,0,Fake,1,HealthStory,0.5240666
story_reviews_00134,Gene therapy makes a big advance treating hemophilia B blood disorder,Gene therapy makes a big advance treating hemophilia B blood disorder,1,Real,4,HealthStory,0.5238992
story_reviews_00808,Cervical cancer vaccine in early stages,Cervical cancer vaccine in early stages,1,Real,4,HealthStory,0.52364105
story_reviews_00802,Israeli medical device offers new Alzheimer's treatment,Israeli medical device offers new Alzheimer's treatment,0,Fake,1,HealthStory,0.52363265
story_reviews_00544,Lilly diabetes drug slashes deaths in patients with heart risk,Lilly diabetes drug slashes deaths in patients with heart risk,1,Real,3,HealthStory,0.5234113
story_reviews_00395,Stem cell research aims to put an end to root canals,Stem cell research aims to put an end to root canals,0,Fake,2,HealthStory,0.52340835
story_reviews_01408,Small study suggests electrical stimulation of the brain can ease migraine pain,Small study suggests electrical stimulation of the brain can ease migraine pain,0,Fake,1,HealthStory,0.52334505
story_reviews_01138,Study finds statins reduce pneumonia death rates,Study finds statins reduce pneumonia death rates,0,Fake,2,HealthStory,0.523092
story_reviews_01302,Pill shows a drop of up to 70% in HIV infection risk,Pill shows a drop of up to 70% in HIV infection risk,1,Real,4,HealthStory,0.5230171
story_reviews_01251,Stem cell therapy for macular degeneration,Stem cell therapy for macular degeneration,1,Real,3,HealthStory,0.5217682
story_reviews_00270,Quality of life after heart CT scan depends on results,Quality of life after heart CT scan depends on results,0,Fake,2,HealthStory,0.5208128
story_reviews_00289,Low-FODMAP diet catches on among people with digestive misery,Low-FODMAP diet catches on among people with digestive misery,1,Real,4,HealthStory,0.52017266
story_reviews_00602,An old-line diabetes drug may have new uses against diseases of aging,An old-line diabetes drug may have new uses against diseases of aging,1,Real,4,HealthStory,0.5191386
story_reviews_00676,'Peanut patch' may protect against life-threatening allergy,'Peanut patch' may protect against life-threatening allergy,1,Real,3,HealthStory,0.5190865
story_reviews_00701,Insulin spray may be helpful for people with early dementia,Insulin spray may be helpful for people with early dementia,0,Fake,2,HealthStory,0.5184685
story_reviews_01039,Women who eat lots of fiber have less breast cancer,Women who eat lots of fiber have less breast cancer,1,Real,5,HealthStory,0.5172627
story_reviews_01381,Study hints multivitamins aid women's heart health,Study hints multivitamins aid women's heart health,1,Real,3,HealthStory,0.5167467
story_reviews_01403,Some appendicitis cases may not require 'emergency' surgery,Some appendicitis cases may not require 'emergency' surgery,1,Real,5,HealthStory,0.5162861
story_reviews_00599,Here’s how a five-day diet that mimics fasting may ‘reboot’ the body and reduce cancer risk,Here’s how a five-day diet that mimics fasting may ‘reboot’ the body and reduce cancer risk,0,Fake,0,HealthStory,0.5162288
story_reviews_00772,Beet Juice Lowers Blood Pressure,Beet Juice Lowers Blood Pressure,1,Real,3,HealthStory,0.5160669
story_reviews_00662,Electric 'noise' treats Parkinson's symptoms,Electric 'noise' treats Parkinson's symptoms,1,Real,3,HealthStory,0.51539385
story_reviews_01627,Cord blood stem cells help meet minority marrow needs,Cord blood stem cells help meet minority marrow needs,0,Fake,2,HealthStory,0.51531744
story_reviews_01113,Tailored medicine could prevent more heart attacks,Tailored medicine could prevent more heart attacks,1,Real,4,HealthStory,0.51518166
story_reviews_01368,Special Report: Life and death in the age of the bionic heart,Special Report: Life and death in the age of the bionic heart,0,Fake,2,HealthStory,0.5146772
story_reviews_01569,Magnetic brain stimulation fights depression,Magnetic brain stimulation fights depression,1,Real,3,HealthStory,0.51461834
story_reviews_01430,Surgery prevents breast cancers in high-risk women,Surgery prevents breast cancers in high-risk women,0,Fake,1,HealthStory,0.5142199
story_reviews_00568,"New study finds surprising news about teens, marijuana, and health issues","New study finds surprising news about teens, marijuana, and health issues",0,Fake,1,HealthStory,0.5140564
story_reviews_00057,Modified polio vaccine helps fight deadly brain tumors,Modified polio vaccine helps fight deadly brain tumors,1,Real,4,HealthStory,0.5136093
story_reviews_00243,"In small Alzheimer’s study, hints of modest benefit from unusual drug","In small Alzheimer’s study, hints of modest benefit from unusual drug",1,Real,5,HealthStory,0.5134851
story_reviews_00165,Researchers identify CTE biomarker that may lead to diagnosis while alive,Researchers identify CTE biomarker that may lead to diagnosis while alive,1,Real,4,HealthStory,0.51306003
story_reviews_00679,Gradual smoking cessation may be possible with nicotine addiction pill,Gradual smoking cessation may be possible with nicotine addiction pill,1,Real,4,HealthStory,0.51198024
story_reviews_00430,Doctors test new device for uterine fibroids,Doctors test new device for uterine fibroids,1,Real,4,HealthStory,0.51188284
story_reviews_00264,Sperm problems? Smartphone device could screen for infertility,Sperm problems? Smartphone device could screen for infertility,0,Fake,2,HealthStory,0.5118767
story_reviews_01014,Certain foods may be the best medicine for lowering ‘bad’ cholesterol,Certain foods may be the best medicine for lowering ‘bad’ cholesterol,1,Real,3,HealthStory,0.51172286
story_reviews_01252,Prozac shows promise in recovery from stroke,Prozac shows promise in recovery from stroke,1,Real,3,HealthStory,0.511681
story_reviews_01046,The shallow waters of dolphin therapy claims,The shallow waters of dolphin therapy claims,1,Real,4,HealthStory,0.51159817
story_reviews_00135,Open windows and doors can improve sleep quality,Open windows and doors can improve sleep quality,1,Real,3,HealthStory,0.51118445
story_reviews_01370,Sorting through advice on osteoporosis,Sorting through advice on osteoporosis,1,Real,4,HealthStory,0.5108241
story_reviews_00324,Sweat it out! Skin patch aims to test sweat for health,Sweat it out! Skin patch aims to test sweat for health,0,Fake,2,HealthStory,0.51074195
story_reviews_00555,Asterias's stem cell therapy shows promise in study,Asterias's stem cell therapy shows promise in study,1,Real,3,HealthStory,0.510417
story_reviews_00721,Avocados may help lower 'bad' cholesterol,Avocados may help lower 'bad' cholesterol,1,Real,3,HealthStory,0.50991493
story_reviews_00142,"Spit test may diagnose, predict duration of concussion in kids","Spit test may diagnose, predict duration of concussion in kids",1,Real,4,HealthStory,0.5095477
story_reviews_01043,"Quick shot replacing nip, tuck","Quick shot replacing nip, tuck",0,Fake,1,HealthStory,0.50905216
story_reviews_00903,Researchers report progress in cancer immunotherapy,Researchers report progress in cancer immunotherapy,1,Real,4,HealthStory,0.50885767
story_reviews_00338,Study offers potential breakthrough in care of children with autism,Study offers potential breakthrough in care of children with autism,1,Real,3,HealthStory,0.5085849
story_reviews_00319,Strobe lighting provides a flicker of hope in the fight against Alzheimer’s,Strobe lighting provides a flicker of hope in the fight against Alzheimer’s,0,Fake,2,HealthStory,0.50851893
story_reviews_01634,Acupuncture shows promise for depression in pregnancy,Acupuncture shows promise for depression in pregnancy,1,Real,3,HealthStory,0.5085187
story_reviews_01226,"Extra calcium, vitamin D no bone booster for men","Extra calcium, vitamin D no bone booster for men",1,Real,4,HealthStory,0.5083063
story_reviews_01477,"Low-carb, low-calorie diets can both result in weight loss","Low-carb, low-calorie diets can both result in weight loss",1,Real,3,HealthStory,0.50821394
story_reviews_01397,Study questions benefit of mammograms in women over 50,Study questions benefit of mammograms in women over 50,1,Real,3,HealthStory,0.50812006
story_reviews_01064,Olive oil lovers show lower stroke risk,Olive oil lovers show lower stroke risk,1,Real,5,HealthStory,0.5076866
story_reviews_01283,Baby aspirin linked to reduced cancer deaths,Baby aspirin linked to reduced cancer deaths,1,Real,4,HealthStory,0.50762385
story_reviews_01183,Study: PSA rise not good prostate cancer predictor,Study: PSA rise not good prostate cancer predictor,1,Real,4,HealthStory,0.50721717
story_reviews_00172,Menopause hormone therapy not linked to premature death,Menopause hormone therapy not linked to premature death,1,Real,5,HealthStory,0.50712115
story_reviews_00247,"Fighting the flu, with frog mucus","Fighting the flu, with frog mucus",1,Real,5,HealthStory,0.5066432
story_reviews_01210,Breast-cancer study questions lymph node removal,Breast-cancer study questions lymph node removal,1,Real,4,HealthStory,0.5066188
story_reviews_00145,"Regular painkillers work as well as opioids for sprains, strains and fractures","Regular painkillers work as well as opioids for sprains, strains and fractures",1,Real,3,HealthStory,0.5057526
story_reviews_00751,Folic acid in pregnancy may help lower autism risk,Folic acid in pregnancy may help lower autism risk,1,Real,3,HealthStory,0.50563633
story_reviews_01202,"Zinc will help your cold, at least a little","Zinc will help your cold, at least a little",1,Real,3,HealthStory,0.50563383
story_reviews_01069,Extracting the facts about pomegranate pills,Extracting the facts about pomegranate pills,1,Real,5,HealthStory,0.5056103
story_reviews_01440,"Gaining on death, cooling therapy catches on slowly","Gaining on death, cooling therapy catches on slowly",1,Real,5,HealthStory,0.50550663
story_reviews_00812,Tomatoes may help reduce stroke risk,Tomatoes may help reduce stroke risk,1,Real,4,HealthStory,0.5051482
story_reviews_00237,Experimental drug reduces thyroid-associated ‘Graves' eyes’,Experimental drug reduces thyroid-associated ‘Graves' eyes’,1,Real,4,HealthStory,0.50494456
story_reviews_00779,Longer tamoxifen use cuts breast cancer deaths,Longer tamoxifen use cuts breast cancer deaths,1,Real,5,HealthStory,0.50444615
story_reviews_00360,New inhaler protects lungs against effects of air pollution,New inhaler protects lungs against effects of air pollution,1,Real,3,HealthStory,0.50429463
story_reviews_00989,Medtronic tests stent for erectile dysfunction,Medtronic tests stent for erectile dysfunction,0,Fake,1,HealthStory,0.50376505
story_reviews_00702,Nasal spray shows promise as treatment for Alzheimer's disease,Nasal spray shows promise as treatment for Alzheimer's disease,0,Fake,2,HealthStory,0.50362617
story_reviews_01599,Prostate drug may work as a preventive,Prostate drug may work as a preventive,1,Real,3,HealthStory,0.503118
story_reviews_00236,Microsoft shows off watch that quiets Parkinson's tremors,Microsoft shows off watch that quiets Parkinson's tremors,0,Fake,2,HealthStory,0.5025606
story_reviews_00343,Anti-inflammatory drugs might someday treat depression,Anti-inflammatory drugs might someday treat depression,1,Real,3,HealthStory,0.5021187
story_reviews_00783,Magnets zap blues for some with depression,Magnets zap blues for some with depression,1,Real,3,HealthStory,0.50183296
story_reviews_00619,Vitamin B3 could help reduce skin cancer risk,Vitamin B3 could help reduce skin cancer risk,1,Real,3,HealthStory,0.50168127
story_reviews_00016,FDA approves new flu pill that can be taken after onset of symptoms,FDA approves new flu pill that can be taken after onset of symptoms,0,Fake,2,HealthStory,0.5014021
story_reviews_00245,Treating Vulvo-Vaginal Atrophy,Treating Vulvo-Vaginal Atrophy,0,Fake,2,HealthStory,0.501345
story_reviews_00542,Vaccine offers new hope for removing precancerous cervical lesions,Vaccine offers new hope for removing precancerous cervical lesions,0,Fake,0,HealthStory,0.5003807
story_reviews_00082,"For advanced lung cancer, immune therapy plus chemo prolongs survival","For advanced lung cancer, immune therapy plus chemo prolongs survival",1,Real,3,HealthStory,0.50031114
story_reviews_01277,"German doctors declare ""cure"" in HIV patient","German doctors declare ""cure"" in HIV patient",1,Real,4,HealthStory,0.49984875
story_reviews_01400,Mammogram benefits more modest than doctors thought,Mammogram benefits more modest than doctors thought,1,Real,4,HealthStory,0.49983782
story_reviews_01462,"Beta-blockers used by musicians, athletes, students to enhance performance","Beta-blockers used by musicians, athletes, students to enhance performance",0,Fake,2,HealthStory,0.49914345
story_reviews_00909,Omega-3 oils shown as good for brain health in study involving older people,Omega-3 oils shown as good for brain health in study involving older people,0,Fake,2,HealthStory,0.49879682
story_reviews_00234,"For women, baby aspirin may reduce risk of breast cancer","For women, baby aspirin may reduce risk of breast cancer",1,Real,3,HealthStory,0.4986798
story_reviews_00626,Penn study questions Lariat device to prevent stroke in heart patients,Penn study questions Lariat device to prevent stroke in heart patients,1,Real,5,HealthStory,0.49839535
story_reviews_01222,Scientists look to stem cells to mend broken hearts,Scientists look to stem cells to mend broken hearts,0,Fake,0,HealthStory,0.49825573
story_reviews_01555,Houston scientists say test may show ovarian cancer early,Houston scientists say test may show ovarian cancer early,1,Real,5,HealthStory,0.4980537
story_reviews_01177,Stomach pacemaker could help obese lose weight,Stomach pacemaker could help obese lose weight,1,Real,3,HealthStory,0.49768144
story_reviews_00540,"'Super' berry may help boost memory, heart health","'Super' berry may help boost memory, heart health",0,Fake,2,HealthStory,0.4976735
story_reviews_01160,40% of Gastric Banding Patients Have Complications,40% of Gastric Banding Patients Have Complications,1,Real,4,HealthStory,0.49739575
story_reviews_00033,"Merck KGaA, Pfizer's immuno-drug shown to alleviate kidney cancer","Merck KGaA, Pfizer's immuno-drug shown to alleviate kidney cancer",0,Fake,1,HealthStory,0.49737504
story_reviews_00091,Modified Pap tests can show early warning signs of other gynecological cancers,Modified Pap tests can show early warning signs of other gynecological cancers,1,Real,3,HealthStory,0.49698538
story_reviews_01363,Protein urine test may signal prostate cancer,Protein urine test may signal prostate cancer,0,Fake,2,HealthStory,0.49625245
story_reviews_01358,Study: Vitamin B12 may help ward off Alzheimer's,Study: Vitamin B12 may help ward off Alzheimer's,1,Real,4,HealthStory,0.49595472
story_reviews_01218,Osteoporosis medication extends life by five years,Osteoporosis medication extends life by five years,0,Fake,0,HealthStory,0.49594972
story_reviews_00281,Major study finds testosterone therapy is no fountain of youth,Major study finds testosterone therapy is no fountain of youth,1,Real,5,HealthStory,0.49586588
story_reviews_00825,"Study: Placebo or not, acupuncture helps with pain","Study: Placebo or not, acupuncture helps with pain",1,Real,5,HealthStory,0.49572554
story_reviews_01414,Study backs prostate screening for high risk men,Study backs prostate screening for high risk men,1,Real,3,HealthStory,0.49547693
story_reviews_00318,How optimism may help you live longer,How optimism may help you live longer,1,Real,3,HealthStory,0.4954404
story_reviews_00474,Occasional fasting could help you live longer,Occasional fasting could help you live longer,1,Real,3,HealthStory,0.49511898
story_reviews_01662,Low-Carb Diet Lowers Blood Pressure,Low-Carb Diet Lowers Blood Pressure,0,Fake,2,HealthStory,0.49510062
story_reviews_00491,Sleeping in on weekends may help reduce diabetes risk,Sleeping in on weekends may help reduce diabetes risk,1,Real,4,HealthStory,0.49494174
story_reviews_00733,Gene test may help guide prostate cancer treatment,Gene test may help guide prostate cancer treatment,1,Real,5,HealthStory,0.49450424
story_reviews_00453,Tracking the risks and rewards of transcranial magnetic stimulation,Tracking the risks and rewards of transcranial magnetic stimulation,1,Real,3,HealthStory,0.4944296
story_reviews_01007,"Rare surgery brings more weight loss, more risks","Rare surgery brings more weight loss, more risks",1,Real,5,HealthStory,0.49420133
story_reviews_00403,"Stem cell study for ALS patients shows promise, yet causes pain","Stem cell study for ALS patients shows promise, yet causes pain",1,Real,4,HealthStory,0.49381188
story_reviews_00761,The other incontinence,The other incontinence,1,Real,4,HealthStory,0.49347535
story_reviews_00594,Cancer-fighting spices offer flavorful way to eat healthy,Cancer-fighting spices offer flavorful way to eat healthy,0,Fake,2,HealthStory,0.4933688
story_reviews_00131,Study: Antibiotics could dramatically reduce sexually transmitted infections,Study: Antibiotics could dramatically reduce sexually transmitted infections,1,Real,3,HealthStory,0.49335375
story_reviews_00304,Bystander CPR may boost survival odds when ambulance delayed,Bystander CPR may boost survival odds when ambulance delayed,1,Real,5,HealthStory,0.4929692
story_reviews_00445,"Wine and coffee lovers, drink up! It’s great for your microbiome","Wine and coffee lovers, drink up! It’s great for your microbiome",1,Real,3,HealthStory,0.49282697
story_reviews_01587,Stem-cell therapy feels Food and Drug Administration’s pinch,Stem-cell therapy feels Food and Drug Administration’s pinch,1,Real,3,HealthStory,0.49256393
story_reviews_00780,Long-term treatment cuts breast cancer deaths,Long-term treatment cuts breast cancer deaths,1,Real,3,HealthStory,0.49254468
story_reviews_00855,Study questions efficacy and safety of knee injections,Study questions efficacy and safety of knee injections,0,Fake,1,HealthStory,0.49228337
story_reviews_00059,Experimental type 1 diabetes vaccine causes improvement in small study,Experimental type 1 diabetes vaccine causes improvement in small study,1,Real,4,HealthStory,0.49219275
story_reviews_00823,DNA markers may predict impotence after prostate cancer,DNA markers may predict impotence after prostate cancer,1,Real,3,HealthStory,0.4921761
story_reviews_00972,New scan can speed Parkinson's diagnosis,New scan can speed Parkinson's diagnosis,0,Fake,2,HealthStory,0.49192604
story_reviews_01659,Ultrasound may cut deaths in high-risk pregnancies,Ultrasound may cut deaths in high-risk pregnancies,1,Real,4,HealthStory,0.49113145
story_reviews_01486,Common Diagnostic Test May Prolong Low Back Pain,Common Diagnostic Test May Prolong Low Back Pain,0,Fake,2,HealthStory,0.49102876
story_reviews_00413,Novo diabetes drug cuts heart risks by less-than-hoped 13 percentage,Novo diabetes drug cuts heart risks by less-than-hoped 13 percentage,1,Real,4,HealthStory,0.4909875
story_reviews_01300,Robotic assist eases less-invasive hysterectomies,Robotic assist eases less-invasive hysterectomies,1,Real,4,HealthStory,0.49093485
story_reviews_01133,Study: Weight-loss combo pill shows promise,Study: Weight-loss combo pill shows promise,1,Real,4,HealthStory,0.49042156
story_reviews_01173,"Mediterranean diet cuts heart, diabetes risk factors","Mediterranean diet cuts heart, diabetes risk factors",1,Real,3,HealthStory,0.49038997
story_reviews_00416,"Ovarian cancer blood tests: Available, not widely used","Ovarian cancer blood tests: Available, not widely used",1,Real,4,HealthStory,0.4903224
story_reviews_01479,Castration drug given to kids as autism therapy,Castration drug given to kids as autism therapy,1,Real,5,HealthStory,0.48976743
story_reviews_01213,Early breast cancers may need less lymph node surgery,Early breast cancers may need less lymph node surgery,1,Real,4,HealthStory,0.4894423
story_reviews_01326,Vitamin B and its role in improving memory,Vitamin B and its role in improving memory,1,Real,4,HealthStory,0.4894199
story_reviews_00254,Facial-recognition software finds new use: diagnosing genetic disorders,Facial-recognition software finds new use: diagnosing genetic disorders,0,Fake,2,HealthStory,0.48918477
story_reviews_01102,Crohn's patients respond to J&J's Stelara in study,Crohn's patients respond to J&J's Stelara in study,1,Real,3,HealthStory,0.48886704
story_reviews_00419,Breast cancer study may influence use of aromatase inhibitors,Breast cancer study may influence use of aromatase inhibitors,1,Real,5,HealthStory,0.4887175
story_reviews_01021,"Blood injections may help chronic ""tennis elbow""","Blood injections may help chronic ""tennis elbow""",1,Real,3,HealthStory,0.48809057
story_reviews_00181,"Novartis hopeful for novel heart drug, despite 'modest' benefit","Novartis hopeful for novel heart drug, despite 'modest' benefit",1,Real,4,HealthStory,0.4879715
story_reviews_01393,"Cartilage regeneration builds a new knee, from the inside","Cartilage regeneration builds a new knee, from the inside",0,Fake,2,HealthStory,0.4876974
story_reviews_00422,Program Cut Catheter-Associated Urinary Tract Infections,Program Cut Catheter-Associated Urinary Tract Infections,1,Real,4,HealthStory,0.4873435
story_reviews_00810,Covidien tools shown effective against PAD,Covidien tools shown effective against PAD,0,Fake,1,HealthStory,0.48707643
story_reviews_01439,Omega-3 margarines fail to help in heart study,Omega-3 margarines fail to help in heart study,1,Real,5,HealthStory,0.4870712
story_reviews_01472,Effectiveness of statins is called into question,Effectiveness of statins is called into question,1,Real,4,HealthStory,0.48664317
story_reviews_00022,J&J's Stelara succeeds in chronic bowel disease study,J&J's Stelara succeeds in chronic bowel disease study,0,Fake,2,HealthStory,0.48571855
story_reviews_00512,Coffee could literally be a lifesaver,Coffee could literally be a lifesaver,1,Real,3,HealthStory,0.4852159
story_reviews_00471,How a balloon can help you lose weight,How a balloon can help you lose weight,0,Fake,2,HealthStory,0.48517618
story_reviews_00797,Researchers raise concerns over chelation heart study,Researchers raise concerns over chelation heart study,1,Real,5,HealthStory,0.48505905
story_reviews_00355,The drug industry might finally have an answer for migraines,The drug industry might finally have an answer for migraines,0,Fake,2,HealthStory,0.4848334
story_reviews_00563,Testing for more breast cancer genes offers useful information,Testing for more breast cancer genes offers useful information,1,Real,5,HealthStory,0.48478842
story_reviews_00747,"Small trial shows ""brain pacemaker"" may ease severe anorexia","Small trial shows ""brain pacemaker"" may ease severe anorexia",1,Real,3,HealthStory,0.4845326
story_reviews_01563,Below-the-skin defibrillator restores heartbeat,Below-the-skin defibrillator restores heartbeat,1,Real,4,HealthStory,0.48439354
story_reviews_01318,Study: New blood thinner works as well as Coumadin,Study: New blood thinner works as well as Coumadin,1,Real,4,HealthStory,0.48437878
story_reviews_01212,Heart failure therapy twice as effective in women,Heart failure therapy twice as effective in women,0,Fake,2,HealthStory,0.48427388
story_reviews_00420,Blood test could identify people who will respond to antidepressants,Blood test could identify people who will respond to antidepressants,0,Fake,2,HealthStory,0.48425642
story_reviews_00947,Debate over thyroid check in pregnancy,Debate over thyroid check in pregnancy,1,Real,5,HealthStory,0.4841313
story_reviews_00497,Cortisol levels in children's hair may reveal future mental health risk,Cortisol levels in children's hair may reveal future mental health risk,0,Fake,2,HealthStory,0.4833082
story_reviews_00952,Statins tied to lower risk of fatal prostate cancer,Statins tied to lower risk of fatal prostate cancer,1,Real,5,HealthStory,0.4832565
story_reviews_00566,Better communication can help couples affected by Alzheimer’s,Better communication can help couples affected by Alzheimer’s,0,Fake,2,HealthStory,0.48312986
story_reviews_00334,Calcium supplements and your heart: Researchers send mixed messages,Calcium supplements and your heart: Researchers send mixed messages,1,Real,4,HealthStory,0.48310804
story_reviews_00567,Lasering your lady parts? New technology helps women revitalize sex life after menopause,Lasering your lady parts? New technology helps women revitalize sex life after menopause,0,Fake,2,HealthStory,0.48300925
story_reviews_01294,Study links finger length to prostate cancer risk,Study links finger length to prostate cancer risk,0,Fake,0,HealthStory,0.4826312
story_reviews_00548,"For Alzheimer's patients, resveratrol brings new hope","For Alzheimer's patients, resveratrol brings new hope",1,Real,5,HealthStory,0.4825708
story_reviews_00843,A New Check for Heart Problems,A New Check for Heart Problems,0,Fake,2,HealthStory,0.48243654
story_reviews_00933,Hot flash remedies: Estrogen may be the best answer,Hot flash remedies: Estrogen may be the best answer,1,Real,3,HealthStory,0.48236784
story_reviews_00638,The real importance of getting a pap smear and pelvic exam,The real importance of getting a pap smear and pelvic exam,0,Fake,2,HealthStory,0.48174414
story_reviews_00630,New helmet technology helping patients tackle baldness,New helmet technology helping patients tackle baldness,1,Real,4,HealthStory,0.48173815
story_reviews_01096,Study shows differences in pancreatic cancer treatments,Study shows differences in pancreatic cancer treatments,0,Fake,1,HealthStory,0.48149893
story_reviews_01276,FDA rejects Avastin as breast cancer therapy,FDA rejects Avastin as breast cancer therapy,1,Real,4,HealthStory,0.48134702
story_reviews_01317,New pill prevents strokes with less bleeding risk for atrial fib patients,New pill prevents strokes with less bleeding risk for atrial fib patients,1,Real,4,HealthStory,0.48105767
story_reviews_00809,Cervical cancer vaccine shows promise,Cervical cancer vaccine shows promise,1,Real,3,HealthStory,0.48099512
story_reviews_00492,School water coolers may help kids lose weight,School water coolers may help kids lose weight,1,Real,4,HealthStory,0.48040363
story_reviews_01227,New U.S. analysis backs annual breast screening,New U.S. analysis backs annual breast screening,0,Fake,1,HealthStory,0.47935048
story_reviews_00427,Embryo screening helps couples avoid genetic diseases,Embryo screening helps couples avoid genetic diseases,0,Fake,2,HealthStory,0.47933188
story_reviews_01078,New melanoma drugs improve chances of survival,New melanoma drugs improve chances of survival,1,Real,4,HealthStory,0.47904855
story_reviews_01434,Houston surgeons treat heart through spinal cord,Houston surgeons treat heart through spinal cord,0,Fake,1,HealthStory,0.47900513
story_reviews_01522,Scientists find way to predict timing of menopause,Scientists find way to predict timing of menopause,0,Fake,2,HealthStory,0.47835192
story_reviews_00510,Panic disorder treatment could be breath of fresh air,Panic disorder treatment could be breath of fresh air,1,Real,5,HealthStory,0.478291
story_reviews_01516,Medtronic insulin pump beats injections in study,Medtronic insulin pump beats injections in study,0,Fake,1,HealthStory,0.47797048
story_reviews_00194,Is it Alzheimer’s or another dementia form? Why doctors need to distinguish and how they might do so,Is it Alzheimer’s or another dementia form? Why doctors need to distinguish and how they might do so,1,Real,3,HealthStory,0.47750485
story_reviews_01591,Sleep's role in weight loss remains a mystery,Sleep's role in weight loss remains a mystery,1,Real,3,HealthStory,0.47690615
story_reviews_00321,Driving home from night shift may be safer with light therapy,Driving home from night shift may be safer with light therapy,1,Real,5,HealthStory,0.47647446
story_reviews_00298,Research shows you really can lose weight — by combining diet AND exercise AND counseling,Research shows you really can lose weight — by combining diet AND exercise AND counseling,1,Real,3,HealthStory,0.4763498
story_reviews_01469,Quick brain scan could screen for autism,Quick brain scan could screen for autism,1,Real,3,HealthStory,0.47621897
story_reviews_01638,Hormone-infused nasal spray found to help people with autism,Hormone-infused nasal spray found to help people with autism,1,Real,3,HealthStory,0.4762042
story_reviews_00804,Daily multivitamin shown to help ward off cancer in men,Daily multivitamin shown to help ward off cancer in men,1,Real,4,HealthStory,0.47590554
story_reviews_01582,Study: Bone drug lowers breast cancer risk 38% in high-risk women,Study: Bone drug lowers breast cancer risk 38% in high-risk women,1,Real,3,HealthStory,0.47579756
story_reviews_01529,Experimental flu treatment may help related virus,Experimental flu treatment may help related virus,1,Real,3,HealthStory,0.47579604
story_reviews_01464,Oral alternative to allergy shots improves hay fever,Oral alternative to allergy shots improves hay fever,1,Real,4,HealthStory,0.47575942
story_reviews_01347,"Science working to create workable, safe blood substitutes","Science working to create workable, safe blood substitutes",1,Real,4,HealthStory,0.4757288
story_reviews_00350,Marisa Tomei opens up about her struggle with chronic dry eye,Marisa Tomei opens up about her struggle with chronic dry eye,0,Fake,1,HealthStory,0.47545806
story_reviews_00714,Blueberries May Lower Blood Pressure,Blueberries May Lower Blood Pressure,0,Fake,2,HealthStory,0.47539303
story_reviews_01384,Swedish mammography study sows more confusion about screening for breast cancer,Swedish mammography study sows more confusion about screening for breast cancer,1,Real,5,HealthStory,0.47537118
story_reviews_00710,Beetroot juice and blood pressure: Study and benefits,Beetroot juice and blood pressure: Study and benefits,1,Real,3,HealthStory,0.47534993
story_reviews_00208,Blood test by Britain's Angle detects ovarian cancer in study,Blood test by Britain's Angle detects ovarian cancer in study,0,Fake,2,HealthStory,0.47526222
story_reviews_00852,Low-carb diet burns the most calories in small study,Low-carb diet burns the most calories in small study,1,Real,5,HealthStory,0.47517458
story_reviews_01286,Study finds daily aspirin cuts many cancer risks,Study finds daily aspirin cuts many cancer risks,0,Fake,2,HealthStory,0.47504818
story_reviews_00869,Prep-free virtual colonoscopy could be as effective as scope procedure,Prep-free virtual colonoscopy could be as effective as scope procedure,1,Real,5,HealthStory,0.47456646
story_reviews_00788,"New approach could treat MS, other autoimmune diseases","New approach could treat MS, other autoimmune diseases",1,Real,3,HealthStory,0.47455394
story_reviews_01527,Coffee may cut risk for some cancers,Coffee may cut risk for some cancers,1,Real,4,HealthStory,0.47440162
story_reviews_01136,Premature births may be reduced with hormone gel,Premature births may be reduced with hormone gel,1,Real,3,HealthStory,0.4743013
story_reviews_00429,Experimental procedure aimed at repairing spinal cord shows promise,Experimental procedure aimed at repairing spinal cord shows promise,0,Fake,2,HealthStory,0.473972
story_reviews_00475,'Female Viagra' gets mixed reviews,'Female Viagra' gets mixed reviews,0,Fake,2,HealthStory,0.4735981
story_reviews_00962,Treatment Shows Promise for Premature Ejaculation,Treatment Shows Promise for Premature Ejaculation,1,Real,3,HealthStory,0.47343215
story_reviews_00596,MD Anderson researchers find potential way to detect pancreatic cancer early,MD Anderson researchers find potential way to detect pancreatic cancer early,0,Fake,2,HealthStory,0.47278324
story_reviews_00121,FDA approves first drug aimed at women with inherited breast cancer,FDA approves first drug aimed at women with inherited breast cancer,1,Real,3,HealthStory,0.4726617
story_reviews_01057,Review raises questions over benefits of cutting salt,Review raises questions over benefits of cutting salt,1,Real,5,HealthStory,0.47219157
story_reviews_01095,New drug advances the fight against pancreatic cancer,New drug advances the fight against pancreatic cancer,1,Real,4,HealthStory,0.47188878
story_reviews_00369,Rethinking the Use of Hormones to Ease Menopause Symptoms,Rethinking the Use of Hormones to Ease Menopause Symptoms,0,Fake,2,HealthStory,0.47187173
story_reviews_00387,Allergy sufferers find relief in immunotherapy toothpaste,Allergy sufferers find relief in immunotherapy toothpaste,0,Fake,2,HealthStory,0.47160727
story_reviews_01471,Breath test may be able to detect common cancers,Breath test may be able to detect common cancers,0,Fake,1,HealthStory,0.47120723
story_reviews_01565,Weight Loss Pill Also Lowers Blood Pressure,Weight Loss Pill Also Lowers Blood Pressure,1,Real,4,HealthStory,0.47115886
story_reviews_00155,Cutting-edge immunotherapy treatment approved for another deadly cancer,Cutting-edge immunotherapy treatment approved for another deadly cancer,1,Real,3,HealthStory,0.47113785
story_reviews_00508,"""Bubble baby"" stem cell treatment looks like a cure","""Bubble baby"" stem cell treatment looks like a cure",0,Fake,1,HealthStory,0.47082242
story_reviews_00432,Type 1 diabetes treatment could end need for insulin shots,Type 1 diabetes treatment could end need for insulin shots,0,Fake,2,HealthStory,0.4707609
story_reviews_00723,Best time of the month for women to quit smoking,Best time of the month for women to quit smoking,0,Fake,2,HealthStory,0.47039843
story_reviews_00313,Melanoma survivors' friends can help spot new moles,Melanoma survivors' friends can help spot new moles,1,Real,4,HealthStory,0.47025028
story_reviews_01003,The Healthy Skeptic: Products make testosterone claims,The Healthy Skeptic: Products make testosterone claims,1,Real,5,HealthStory,0.47006714
story_reviews_00488,Teen eating habits may help cut breast cancer risk,Teen eating habits may help cut breast cancer risk,1,Real,3,HealthStory,0.47001934
story_reviews_00084,New way of defining Alzheimer's aims to find disease sooner,New way of defining Alzheimer's aims to find disease sooner,1,Real,4,HealthStory,0.46995407
story_reviews_01424,Nsaids May Directly Ease Muscle and Joint Pain,Nsaids May Directly Ease Muscle and Joint Pain,1,Real,4,HealthStory,0.46976978
story_reviews_00592,"A virtual ""walk"" through the colon could detect cancer earlier","A virtual ""walk"" through the colon could detect cancer earlier",0,Fake,2,HealthStory,0.46960434
story_reviews_01694,Radiation from CT scans may raise cancer risks,Radiation from CT scans may raise cancer risks,1,Real,3,HealthStory,0.4692552
story_reviews_00095,FDA takes fresh step towards curbing U.S. nicotine addiction,FDA takes fresh step towards curbing U.S. nicotine addiction,1,Real,3,HealthStory,0.46880957
story_reviews_01539,Merck drug improves sleep in insomnia study,Merck drug improves sleep in insomnia study,0,Fake,1,HealthStory,0.46875125
story_reviews_01094,"Celebrex may curb colon cancer, but with caveats","Celebrex may curb colon cancer, but with caveats",1,Real,5,HealthStory,0.46804824
story_reviews_01547,Trial Help for Sex Problems,Trial Help for Sex Problems,1,Real,4,HealthStory,0.46775118
story_reviews_00918,The Healthy Skeptic: Probiotics could help in cold and flu season,The Healthy Skeptic: Probiotics could help in cold and flu season,1,Real,5,HealthStory,0.467496
story_reviews_00775,University of Pennsylvania gene therapy shows promise in eradicating some blood cancers,University of Pennsylvania gene therapy shows promise in eradicating some blood cancers,1,Real,3,HealthStory,0.46693525
story_reviews_00137,Radiofrequency therapy relieved herniated disc pain in new study,Radiofrequency therapy relieved herniated disc pain in new study,1,Real,3,HealthStory,0.46670246
story_reviews_01554,Drug may work in melanoma tumors in brain,Drug may work in melanoma tumors in brain,0,Fake,2,HealthStory,0.46632814
story_reviews_01379,New method could make IVF more effective,New method could make IVF more effective,0,Fake,0,HealthStory,0.46623358
story_reviews_00072,FDA expands use of Novartis MS drug to pediatric patients,FDA expands use of Novartis MS drug to pediatric patients,0,Fake,2,HealthStory,0.46617708
story_reviews_01181,Gene therapy raises hope for a future AIDS cure,Gene therapy raises hope for a future AIDS cure,1,Real,5,HealthStory,0.46608523
story_reviews_01263,More signs lung cancer screening could save lives,More signs lung cancer screening could save lives,1,Real,4,HealthStory,0.4655454
story_reviews_01020,Will you have a heart attack? These tests might tell,Will you have a heart attack? These tests might tell,0,Fake,1,HealthStory,0.46551713
story_reviews_00728,New drugs improve options for melanoma patients,New drugs improve options for melanoma patients,1,Real,5,HealthStory,0.46529913
story_reviews_00306,CAR-T therapy makes early inroads in treating brain cancer,CAR-T therapy makes early inroads in treating brain cancer,1,Real,4,HealthStory,0.46517518
story_reviews_01699,Studies: Bone drugs may help prevent breast cancer,Studies: Bone drugs may help prevent breast cancer,1,Real,4,HealthStory,0.4648985
story_reviews_00140,Replacing lymph nodes to ease painful legacy of cancer care,Replacing lymph nodes to ease painful legacy of cancer care,1,Real,3,HealthStory,0.46475863
story_reviews_01433,Diabetes drug may keep lung cancer at bay,Diabetes drug may keep lung cancer at bay,1,Real,3,HealthStory,0.46382773
story_reviews_00392,'Dry needling' for pain therapy is under scrutiny,'Dry needling' for pain therapy is under scrutiny,1,Real,4,HealthStory,0.46368924
story_reviews_00749,Folic acid in pregnancy tied to lower autism risk,Folic acid in pregnancy tied to lower autism risk,1,Real,4,HealthStory,0.46363905
story_reviews_01482,Device for clearing up dangerous blood clots gaining popularity,Device for clearing up dangerous blood clots gaining popularity,0,Fake,2,HealthStory,0.46356213
story_reviews_00743,Simple Breath Test Might Diagnose Heart Failure,Simple Breath Test Might Diagnose Heart Failure,1,Real,3,HealthStory,0.4634983
story_reviews_00697,Ending the multivitamin debate: Why taking one may actually save your life,Ending the multivitamin debate: Why taking one may actually save your life,0,Fake,1,HealthStory,0.4630648
story_reviews_00058,"First marijuana-derived drug approved, will target severe epilepsy","First marijuana-derived drug approved, will target severe epilepsy",1,Real,3,HealthStory,0.46262467
story_reviews_00167,Strange but true: Sleep deprivation can help depression. Penn scientists want to know why,Strange but true: Sleep deprivation can help depression. Penn scientists want to know why,1,Real,4,HealthStory,0.46253824
story_reviews_00836,Hormone boosts mental function in small study,Hormone boosts mental function in small study,1,Real,4,HealthStory,0.46250945
story_reviews_01141,"Good news, bad news for former estrogen users","Good news, bad news for former estrogen users",1,Real,3,HealthStory,0.46238327
story_reviews_01109,Study: Lower salt intake could be riskier than thought,Study: Lower salt intake could be riskier than thought,1,Real,3,HealthStory,0.46210307
story_reviews_01241,Anti-Gravity Treadmill helps injured get moving again,Anti-Gravity Treadmill helps injured get moving again,0,Fake,1,HealthStory,0.46173334
story_reviews_01585,Constant migraines may be from unlikely culprit: a deviated septum,Constant migraines may be from unlikely culprit: a deviated septum,0,Fake,0,HealthStory,0.4615992
story_reviews_00002,How a breakthrough new fertility test is offering hope for families who have suffered miscarriages,How a breakthrough new fertility test is offering hope for families who have suffered miscarriages,0,Fake,2,HealthStory,0.46128565
story_reviews_00686,Clot-removal device paired with drug shows benefits for stroke patients,Clot-removal device paired with drug shows benefits for stroke patients,1,Real,4,HealthStory,0.46122262
story_reviews_00013,Dementia: Five-minute neck scan can spot symptoms earlier,Dementia: Five-minute neck scan can spot symptoms earlier,0,Fake,2,HealthStory,0.46119022
story_reviews_01052,Folic acid tied to better grades in Swedish teens,Folic acid tied to better grades in Swedish teens,1,Real,5,HealthStory,0.461068
story_reviews_01259,Study finds overuse of implanted defibrillators,Study finds overuse of implanted defibrillators,1,Real,4,HealthStory,0.46094394
story_reviews_01596,Gene found that may predict lung cancer in smokers,Gene found that may predict lung cancer in smokers,1,Real,3,HealthStory,0.46040857
story_reviews_01267,Study: Stroke deaths higher where fried fish aplenty,Study: Stroke deaths higher where fried fish aplenty,1,Real,5,HealthStory,0.46029934
story_reviews_01270,Vaginal steam bath finds a place among Southern California spa options,Vaginal steam bath finds a place among Southern California spa options,1,Real,4,HealthStory,0.46016055
story_reviews_00639,Toddler brain images reveal which may have autism and struggle with language,Toddler brain images reveal which may have autism and struggle with language,0,Fake,2,HealthStory,0.4598835
story_reviews_00182,Adamas Pharma secures approval for Parkinson's dyskinesia drug,Adamas Pharma secures approval for Parkinson's dyskinesia drug,0,Fake,2,HealthStory,0.4593281
story_reviews_01673,"Robot prostate surgery has downsides, needs more data","Robot prostate surgery has downsides, needs more data",1,Real,4,HealthStory,0.4589184
story_reviews_00103,Less-invasive heart valve replacement tied to better quality of life,Less-invasive heart valve replacement tied to better quality of life,0,Fake,2,HealthStory,0.45881873
story_reviews_00590,"For post-op complications, go back to the same hospital: study","For post-op complications, go back to the same hospital: study",0,Fake,2,HealthStory,0.4584831
story_reviews_01622,Electromagnetic Pulses May Stem Arthritic Knee Pain,Electromagnetic Pulses May Stem Arthritic Knee Pain,0,Fake,0,HealthStory,0.45817363
story_reviews_00674,Lay off the mega-doses of Vitamin D,Lay off the mega-doses of Vitamin D,1,Real,4,HealthStory,0.45784923
story_reviews_01590,Julie's Health Club: Health claim: Weight loss shot dissolves fat,Julie's Health Club: Health claim: Weight loss shot dissolves fat,1,Real,4,HealthStory,0.45783192
story_reviews_00828,Heart study helps save lives of young athletes,Heart study helps save lives of young athletes,0,Fake,2,HealthStory,0.45767385
story_reviews_00119,New approach to abdominal aortic aneurysm saves lives,New approach to abdominal aortic aneurysm saves lives,0,Fake,1,HealthStory,0.457517
story_reviews_00490,Zafgen reports promising results from weight-loss drug study,Zafgen reports promising results from weight-loss drug study,1,Real,3,HealthStory,0.45743775
story_reviews_01441,'Breakthrough' melanoma drug shrinks tumors,'Breakthrough' melanoma drug shrinks tumors,1,Real,4,HealthStory,0.457388
story_reviews_00126,Drinking hot tea linked to lowered glaucoma risk,Drinking hot tea linked to lowered glaucoma risk,1,Real,4,HealthStory,0.45730722
story_reviews_01651,Face time with MyClyns anti-germ spray,Face time with MyClyns anti-germ spray,1,Real,4,HealthStory,0.45720688
story_reviews_00064,Automatic texting helps ease stress of chemotherapy in breast cancer patients,Automatic texting helps ease stress of chemotherapy in breast cancer patients,0,Fake,2,HealthStory,0.45717853
story_reviews_00275,Excess brain fluid may predict autism in high-risk babies,Excess brain fluid may predict autism in high-risk babies,1,Real,3,HealthStory,0.45715997
story_reviews_00834,U-M oversees cutting-edge trial that offers hope in fight against Lou Gehrig's disease,U-M oversees cutting-edge trial that offers hope in fight against Lou Gehrig's disease,1,Real,5,HealthStory,0.45677507
story_reviews_00179,"Ecstasy could be ‘breakthrough’ therapy for soldiers, others suffering from PTSD","Ecstasy could be ‘breakthrough’ therapy for soldiers, others suffering from PTSD",1,Real,4,HealthStory,0.4567557
story_reviews_01304,Pomegranate juice could help kidney patients,Pomegranate juice could help kidney patients,1,Real,5,HealthStory,0.45669004
story_reviews_00170,What to know about the new affordable at-home BRCA genetic mutation test,What to know about the new affordable at-home BRCA genetic mutation test,1,Real,3,HealthStory,0.45645392
story_reviews_00187,New ALS drug Radicava comes with new questions as well,New ALS drug Radicava comes with new questions as well,1,Real,3,HealthStory,0.45633164
story_reviews_00758,Vanda sleep drug effective in second late-stage trial,Vanda sleep drug effective in second late-stage trial,0,Fake,2,HealthStory,0.45623043
story_reviews_01373,Colonoscopy may miss more than 7 percent of cancers,Colonoscopy may miss more than 7 percent of cancers,1,Real,4,HealthStory,0.4560325
story_reviews_01493,Hate needles? Flu patch may take sting out of your fears,Hate needles? Flu patch may take sting out of your fears,0,Fake,2,HealthStory,0.45575494
story_reviews_01490,"What ""clinically proven"" means for a beauty product","What ""clinically proven"" means for a beauty product",1,Real,5,HealthStory,0.45475346
story_reviews_00102,What’s in the IV bag? Studies show safer option than saline,What’s in the IV bag? Studies show safer option than saline,1,Real,3,HealthStory,0.45474237
story_reviews_01600,Stroke study: stroke treatments studied locally,Stroke study: stroke treatments studied locally,0,Fake,2,HealthStory,0.45464793
story_reviews_01501,Higher vitamin E intake tied to lower dementia risk,Higher vitamin E intake tied to lower dementia risk,1,Real,4,HealthStory,0.45461124
story_reviews_01647,Hormone replacement tied to lower colon cancer risk,Hormone replacement tied to lower colon cancer risk,1,Real,5,HealthStory,0.45461017
story_reviews_00794,Amgen experimental drug lowers cholesterol in mid-stage trial,Amgen experimental drug lowers cholesterol in mid-stage trial,1,Real,3,HealthStory,0.4541924
story_reviews_00336,Bloodsucking parasitic hookworms could help make millions of people healthier,Bloodsucking parasitic hookworms could help make millions of people healthier,0,Fake,2,HealthStory,0.4539885
story_reviews_00066,'Holy grail of cancer research': doctors positive about early detection blood test,'Holy grail of cancer research': doctors positive about early detection blood test,0,Fake,2,HealthStory,0.45382208
story_reviews_00366,The water workout trend health experts are gushing over,The water workout trend health experts are gushing over,0,Fake,2,HealthStory,0.45380682
story_reviews_00148,‘Unbelievable’: Heart Stents Fail to Ease Chest Pain,‘Unbelievable’: Heart Stents Fail to Ease Chest Pain,1,Real,4,HealthStory,0.4536887
story_reviews_01061,Benefit of mammograms even greater than thought,Benefit of mammograms even greater than thought,0,Fake,2,HealthStory,0.45318592
story_reviews_00311,Laser therapy with deep-sea drug kills prostate cancer in trial,Laser therapy with deep-sea drug kills prostate cancer in trial,0,Fake,1,HealthStory,0.45304722
story_reviews_00753,Long-awaited stroke studies show hopeful new treatment no better than older one,Long-awaited stroke studies show hopeful new treatment no better than older one,1,Real,5,HealthStory,0.45286256
story_reviews_00603,"Exercise, diet or both may protect against excess pregnancy weight","Exercise, diet or both may protect against excess pregnancy weight",1,Real,3,HealthStory,0.45254785
story_reviews_00550,Pathway launches 'liquid biopsy' to find cancer in healthy people,Pathway launches 'liquid biopsy' to find cancer in healthy people,1,Real,5,HealthStory,0.45237952
story_reviews_00806,Options in Treating Incontinence,Options in Treating Incontinence,0,Fake,2,HealthStory,0.4522915
story_reviews_00229,High blood platelet count 'as good a cancer predictor as a lump in the breast',High blood platelet count 'as good a cancer predictor as a lump in the breast',1,Real,4,HealthStory,0.45227823
story_reviews_01045,Drug may cut menopause after breast cancer chemo,Drug may cut menopause after breast cancer chemo,1,Real,3,HealthStory,0.45206368
story_reviews_00618,"New test could sharply reduce risky, costly lung cancer biopsies","New test could sharply reduce risky, costly lung cancer biopsies",1,Real,3,HealthStory,0.45204848
story_reviews_01042,A Rubber Twist On Treating Tennis Elbow Pain,A Rubber Twist On Treating Tennis Elbow Pain,1,Real,4,HealthStory,0.4519525
story_reviews_00086,Legal marijuana could help offset opioid epidemic,Legal marijuana could help offset opioid epidemic,1,Real,3,HealthStory,0.45159027
story_reviews_00660,College kids make robotic arms for children without real ones,College kids make robotic arms for children without real ones,0,Fake,2,HealthStory,0.4514524
story_reviews_01293,Researchers one step closer to potential autism test,Researchers one step closer to potential autism test,1,Real,3,HealthStory,0.45142573
story_reviews_00386,"To reverse damage of sitting, take a brisk, hour-long walk","To reverse damage of sitting, take a brisk, hour-long walk",1,Real,4,HealthStory,0.45137006
story_reviews_01542,Study: One dose of radiation during breast cancer surgery is effective,Study: One dose of radiation during breast cancer surgery is effective,1,Real,3,HealthStory,0.45118433
story_reviews_00911,Vitamin D3 Might Ease Menstrual Cramps,Vitamin D3 Might Ease Menstrual Cramps,1,Real,4,HealthStory,0.45088804
story_reviews_00263,Researchers just exposed another way to help combat the opioid epidemic,Researchers just exposed another way to help combat the opioid epidemic,0,Fake,2,HealthStory,0.4502946
story_reviews_00384,Fish Oil Benefits after Heart Attack,Fish Oil Benefits after Heart Attack,1,Real,3,HealthStory,0.45027107
story_reviews_00036,Cannabidiol Reduces Symptoms of Psychosis,Cannabidiol Reduces Symptoms of Psychosis,0,Fake,2,HealthStory,0.45017493
story_reviews_00842,Fruitful news from tart cherry studies,Fruitful news from tart cherry studies,1,Real,3,HealthStory,0.45005265
story_reviews_00770,New test could help diagnose Alzheimer's disease in live patients,New test could help diagnose Alzheimer's disease in live patients,1,Real,5,HealthStory,0.44977418
story_reviews_00642,Managing the stress of cancer,Managing the stress of cancer,0,Fake,2,HealthStory,0.44975427
story_reviews_00671,App ‘trains’ your brain to see better,App ‘trains’ your brain to see better,1,Real,4,HealthStory,0.449682
story_reviews_00814,A new course for concussions,A new course for concussions,1,Real,4,HealthStory,0.44958287
story_reviews_00963,Experimental Treatment May Help Relieve Back Pain,Experimental Treatment May Help Relieve Back Pain,1,Real,3,HealthStory,0.44916993
story_reviews_00595,A blood test for pancreatic cancer may re-stack the odds in patients’ favor,A blood test for pancreatic cancer may re-stack the odds in patients’ favor,1,Real,3,HealthStory,0.44905362
story_reviews_00665,Intent on surviving another decade? Ace this test,Intent on surviving another decade? Ace this test,1,Real,3,HealthStory,0.4489475
story_reviews_00726,Cempra’s lead oral antibiotic meets main goal in late-stage trial,Cempra’s lead oral antibiotic meets main goal in late-stage trial,0,Fake,2,HealthStory,0.44873896
story_reviews_00489,Cell therapy in protective bubble offers hope for diabetes fix,Cell therapy in protective bubble offers hope for diabetes fix,1,Real,4,HealthStory,0.4484173
story_reviews_00517,Penn study: Pay patients to take their pills,Penn study: Pay patients to take their pills,1,Real,5,HealthStory,0.44838703
story_reviews_01617,Medtronic atrial fibrillation system shines in study,Medtronic atrial fibrillation system shines in study,1,Real,4,HealthStory,0.44795418
story_reviews_00340,Fighting genetic disease with help from HIV virus,Fighting genetic disease with help from HIV virus,0,Fake,2,HealthStory,0.44763196
story_reviews_01597,Test May Reveal Early Signs of Emphysema,Test May Reveal Early Signs of Emphysema,0,Fake,0,HealthStory,0.44761702
story_reviews_01646,"Test of ""artificial pancreas"" offers diabetes hope","Test of ""artificial pancreas"" offers diabetes hope",0,Fake,1,HealthStory,0.44747144
story_reviews_01549,Sanofi prostate cancer drug shows 28 percent survival,Sanofi prostate cancer drug shows 28 percent survival,0,Fake,2,HealthStory,0.44714135
story_reviews_01037,The Healthy Skeptic: DHA touted as ‘smart’ pill for kids,The Healthy Skeptic: DHA touted as ‘smart’ pill for kids,1,Real,3,HealthStory,0.44711292
story_reviews_00382,New Asthma Treatment: Pill Makes Huge Difference In Patients With Severe Symptoms,New Asthma Treatment: Pill Makes Huge Difference In Patients With Severe Symptoms,0,Fake,1,HealthStory,0.44670472
story_reviews_00164,Study: Whooping cough vaccination during pregnancy protects newborns,Study: Whooping cough vaccination during pregnancy protects newborns,1,Real,4,HealthStory,0.4465062
story_reviews_01524,Ladies: 5 ways to feel sexy again,Ladies: 5 ways to feel sexy again,0,Fake,1,HealthStory,0.4464971
story_reviews_00532,OrCam helps the blind math teacher 'see' again,OrCam helps the blind math teacher 'see' again,1,Real,3,HealthStory,0.44639698
story_reviews_00176,"PSA saves lives, a new analysis finds. Not everyone agrees","PSA saves lives, a new analysis finds. Not everyone agrees",1,Real,4,HealthStory,0.44637495
story_reviews_00249,FDA Approves Vagus Nerve Stimulator to Treat Cluster Headaches,FDA Approves Vagus Nerve Stimulator to Treat Cluster Headaches,0,Fake,2,HealthStory,0.4461872
story_reviews_01675,Weekend stroke care more aggressive but not better,Weekend stroke care more aggressive but not better,1,Real,4,HealthStory,0.44617778
story_reviews_00090,Roche's Tecentriq cocktail adds to lung cancer survival success,Roche's Tecentriq cocktail adds to lung cancer survival success,0,Fake,2,HealthStory,0.44613835
story_reviews_01546,New Drug Spray May Help Premature Ejaculation,New Drug Spray May Help Premature Ejaculation,1,Real,5,HealthStory,0.44540638
story_reviews_00276,Kite's CAR-T cancer therapy shows strong results in key study,Kite's CAR-T cancer therapy shows strong results in key study,1,Real,3,HealthStory,0.44526556
story_reviews_00476,Ibuprofen patch heralds side effect free drug future,Ibuprofen patch heralds side effect free drug future,1,Real,3,HealthStory,0.44457743
story_reviews_00458,Love of physical activity may start in the womb,Love of physical activity may start in the womb,0,Fake,2,HealthStory,0.44425717
story_reviews_01533,Endometriosis? Robot surgery may not be the answer,Endometriosis? Robot surgery may not be the answer,1,Real,3,HealthStory,0.44409007
story_reviews_00402,"I’ll never go through shoulder surgery again, so here’s what I did","I’ll never go through shoulder surgery again, so here’s what I did",1,Real,3,HealthStory,0.44395873
story_reviews_00803,Study: Multivitamins may lower cancer risk in men,Study: Multivitamins may lower cancer risk in men,1,Real,5,HealthStory,0.44367918
story_reviews_00967,The Healthy Skeptic: Promise of ChromaGen lenses for dyslexia a bit blurry,The Healthy Skeptic: Promise of ChromaGen lenses for dyslexia a bit blurry,1,Real,5,HealthStory,0.44367385
story_reviews_00509,The alternative infertility treatment that's helping some women get pregnant,The alternative infertility treatment that's helping some women get pregnant,1,Real,3,HealthStory,0.44367245
story_reviews_00525,Portable gluten test promises to ease dining woes,Portable gluten test promises to ease dining woes,1,Real,3,HealthStory,0.44360724
story_reviews_00163,FDA approves 1st blood sugar monitor without finger pricks,FDA approves 1st blood sugar monitor without finger pricks,1,Real,3,HealthStory,0.44315875
story_reviews_01319,Pacemaker-like device combined with defibrillator reduces deaths in mild heart failure by 29%,Pacemaker-like device combined with defibrillator reduces deaths in mild heart failure by 29%,1,Real,3,HealthStory,0.44314623
story_reviews_00948,"Spinal Manipulation, Home Exercise May Ease Neck Pain","Spinal Manipulation, Home Exercise May Ease Neck Pain",1,Real,4,HealthStory,0.44272688
story_reviews_01556,Special diet doesn't help kids with autism in small study,Special diet doesn't help kids with autism in small study,1,Real,5,HealthStory,0.44226658
story_reviews_01055,Stem Cell Treatment May Relieve Angina,Stem Cell Treatment May Relieve Angina,1,Real,4,HealthStory,0.44195524
story_reviews_00895,Experimental cholesterol drug results called 'game changing',Experimental cholesterol drug results called 'game changing',1,Real,4,HealthStory,0.44138414
story_reviews_00699,Trial finds GSK Ebola shot is safe and provokes immune response,Trial finds GSK Ebola shot is safe and provokes immune response,1,Real,4,HealthStory,0.4411087
story_reviews_01261,New test under development could find single cancer cell in blood,New test under development could find single cancer cell in blood,0,Fake,2,HealthStory,0.441078
story_reviews_00198,A new study suggests it’s possible to get people off opioids and improve their pain,A new study suggests it’s possible to get people off opioids and improve their pain,1,Real,5,HealthStory,0.4409396
story_reviews_01231,Deep Brain Stimulation Might Ease Tough-to-Treat Hypertension,Deep Brain Stimulation Might Ease Tough-to-Treat Hypertension,1,Real,3,HealthStory,0.44031027
story_reviews_00323,Allergy treatments enter new era as money pours into field,Allergy treatments enter new era as money pours into field,1,Real,4,HealthStory,0.44019666
story_reviews_01672,Info: Advice on how to choose a therapist,Info: Advice on how to choose a therapist,1,Real,4,HealthStory,0.43994638
story_reviews_01443,Scientists use synthetic corneas to restore vision,Scientists use synthetic corneas to restore vision,0,Fake,2,HealthStory,0.43954575
story_reviews_00588,Here's new evidence that widespread breast cancer screening isn't effective,Here's new evidence that widespread breast cancer screening isn't effective,1,Real,4,HealthStory,0.43948662
story_reviews_01006,Cracking The Conundrum Of Chronic Fatigue Syndrome,Cracking The Conundrum Of Chronic Fatigue Syndrome,0,Fake,2,HealthStory,0.4392699
story_reviews_01614,Salsalate May Help Treat Type 2 Diabetes,Salsalate May Help Treat Type 2 Diabetes,1,Real,4,HealthStory,0.43845487
story_reviews_01030,New drug shows promise in fighting breast cancer,New drug shows promise in fighting breast cancer,0,Fake,2,HealthStory,0.43842247
story_reviews_00226,Immunotherapy drug opens a new era of precision medicine for cancer,Immunotherapy drug opens a new era of precision medicine for cancer,0,Fake,2,HealthStory,0.43825406
story_reviews_01053,New laser treatment takes aim at toenail fungus,New laser treatment takes aim at toenail fungus,0,Fake,2,HealthStory,0.4380553
story_reviews_00080,Amgen's Aimovig halved migraine days in 30 percent of trial patients,Amgen's Aimovig halved migraine days in 30 percent of trial patients,0,Fake,2,HealthStory,0.43766442
story_reviews_00451,Aggressive 'mini-stroke' therapy may cut serious stroke risk by half,Aggressive 'mini-stroke' therapy may cut serious stroke risk by half,1,Real,3,HealthStory,0.43766132
story_reviews_00096,Three-in-One Pill Shows Promise in Beating High Blood Pressure,Three-in-One Pill Shows Promise in Beating High Blood Pressure,0,Fake,1,HealthStory,0.43736023
story_reviews_01077,Two new drugs extend survival for melanoma patients,Two new drugs extend survival for melanoma patients,1,Real,4,HealthStory,0.43709898
story_reviews_00632,The new Botox? FDA approves an injection to fight double chins,The new Botox? FDA approves an injection to fight double chins,1,Real,3,HealthStory,0.43677932
story_reviews_01698,Artificial retina gives woman limited vision after decades of darkness,Artificial retina gives woman limited vision after decades of darkness,0,Fake,2,HealthStory,0.43669626
story_reviews_00980,The Healthy Skeptic: Seeing through skin supplements’ claims,The Healthy Skeptic: Seeing through skin supplements’ claims,1,Real,4,HealthStory,0.43667504
story_reviews_00524,Merck's Keytruda extends survival in lung cancer study,Merck's Keytruda extends survival in lung cancer study,0,Fake,2,HealthStory,0.43659416
story_reviews_01268,Dyslexia: Scanning the brain for clues,Dyslexia: Scanning the brain for clues,1,Real,4,HealthStory,0.43609035
story_reviews_01391,Can lasers help you stop smoking? Check the data,Can lasers help you stop smoking? Check the data,1,Real,5,HealthStory,0.4354963
story_reviews_00575,"Pill may make pizza, pasta safe for gluten-free diners","Pill may make pizza, pasta safe for gluten-free diners",0,Fake,1,HealthStory,0.4347169
story_reviews_00927,Inventor says new heart catheter will save lives,Inventor says new heart catheter will save lives,0,Fake,2,HealthStory,0.43471023
story_reviews_00534,"Genetic tests for psychiatric drugs spur hope, doubts","Genetic tests for psychiatric drugs spur hope, doubts",1,Real,5,HealthStory,0.4340894
story_reviews_01211,New research raises hopes in quest to find universal flu vaccine,New research raises hopes in quest to find universal flu vaccine,1,Real,3,HealthStory,0.43392134
story_reviews_00817,Drug Shows Promise in Treating a Type of Muscular Dystrophy in Boys,Drug Shows Promise in Treating a Type of Muscular Dystrophy in Boys,1,Real,4,HealthStory,0.43385023
story_reviews_01329,Study: CT scans can reduce lung cancer deaths by 20%,Study: CT scans can reduce lung cancer deaths by 20%,1,Real,3,HealthStory,0.43365216
story_reviews_01416,"Nothing much works for morning sickness, study finds","Nothing much works for morning sickness, study finds",0,Fake,2,HealthStory,0.43324056
story_reviews_01054,Study Questions Chiropractic's Impact on Back Pain,Study Questions Chiropractic's Impact on Back Pain,1,Real,4,HealthStory,0.43248168
story_reviews_00737,Stomach CT scans may help find osteoporosis - study,Stomach CT scans may help find osteoporosis - study,1,Real,5,HealthStory,0.43237776
story_reviews_00125,"Luxturna gene therapy to cost $425,000 per eye","Luxturna gene therapy to cost $425,000 per eye",1,Real,3,HealthStory,0.4323311
story_reviews_00481,When medication doesn't work: Innovative program eases ADHD symptoms naturally,When medication doesn't work: Innovative program eases ADHD symptoms naturally,0,Fake,1,HealthStory,0.43210852
story_reviews_00400,FDA approves first dissolving stent for US patients,FDA approves first dissolving stent for US patients,1,Real,4,HealthStory,0.43183982
story_reviews_01338,Researchers at Philadelphia conference announce progress toward noninvasive colon cancer test,Researchers at Philadelphia conference announce progress toward noninvasive colon cancer test,0,Fake,2,HealthStory,0.4315668
story_reviews_01016,Less-invasive appendix surgery shines in new study,Less-invasive appendix surgery shines in new study,1,Real,5,HealthStory,0.4314835
story_reviews_01048,Taking meds before exposure cuts HIV risk for heterosexuals,Taking meds before exposure cuts HIV risk for heterosexuals,1,Real,3,HealthStory,0.431452
story_reviews_01331,"""Spiral"" CT scans reduce smoker deaths: U.S. study","""Spiral"" CT scans reduce smoker deaths: U.S. study",1,Real,3,HealthStory,0.43125772
story_reviews_00042,FDA approves marketing for a contraception app for the 1st time,FDA approves marketing for a contraception app for the 1st time,1,Real,3,HealthStory,0.4311771
story_reviews_00725,New drug tricks metabolism into burning fat as if you’ve just finished a meal,New drug tricks metabolism into burning fat as if you’ve just finished a meal,0,Fake,2,HealthStory,0.4310873
story_reviews_01365,Testosterone Hormone Replacement for Men? Perhaps,Testosterone Hormone Replacement for Men? Perhaps,1,Real,4,HealthStory,0.43101653
story_reviews_00741,Experimental sleep drug may cause fewer side effects: Merck study,Experimental sleep drug may cause fewer side effects: Merck study,1,Real,3,HealthStory,0.430555
story_reviews_01174,Acupuncture May Ease Hot Flashes,Acupuncture May Ease Hot Flashes,0,Fake,1,HealthStory,0.43007076
story_reviews_01131,Diet drug Qnexa: New study touts drug; don't get too excited,Diet drug Qnexa: New study touts drug; don't get too excited,1,Real,4,HealthStory,0.4292142
story_reviews_00128,Do you take calcium and vitamin D to protect your bones? A new study says it doesn't help,Do you take calcium and vitamin D to protect your bones? A new study says it doesn't help,1,Real,4,HealthStory,0.4291649
story_reviews_01275,Remedies: Honey for Coughing,Remedies: Honey for Coughing,1,Real,3,HealthStory,0.4290915
story_reviews_00077,Partial rather than full knee replacements better for many – report,Partial rather than full knee replacements better for many – report,0,Fake,2,HealthStory,0.42822987
story_reviews_01026,Gene therapy shown to destroy leukemia tumors,Gene therapy shown to destroy leukemia tumors,1,Real,4,HealthStory,0.42804638
story_reviews_01367,"Erbitux may help fight breast cancer, claims study","Erbitux may help fight breast cancer, claims study",1,Real,4,HealthStory,0.4279777
story_reviews_00003,J&J says its psoriasis drug superior to Novartis treatment in study,J&J says its psoriasis drug superior to Novartis treatment in study,0,Fake,2,HealthStory,0.42795727
story_reviews_01031,Urine test for prostate cancer may be better than blood test,Urine test for prostate cancer may be better than blood test,0,Fake,2,HealthStory,0.4277904
story_reviews_01653,Fish Oil May Fight Psychosis,Fish Oil May Fight Psychosis,1,Real,4,HealthStory,0.42720428
story_reviews_01228,Breast cancer drug may slow lung cancer’s march,Breast cancer drug may slow lung cancer’s march,0,Fake,2,HealthStory,0.42718455
story_reviews_01374,Seizure and Pain Drug May Treat Hot Flashes,Seizure and Pain Drug May Treat Hot Flashes,1,Real,4,HealthStory,0.42704517
story_reviews_00670,Nerve Treatment Via Nose Shows Promise Against Migraines,Nerve Treatment Via Nose Shows Promise Against Migraines,0,Fake,2,HealthStory,0.4267442
story_reviews_01092,Tonsil Removal Might Cure Bedwetting in Some Kids With Sleep Apnea,Tonsil Removal Might Cure Bedwetting in Some Kids With Sleep Apnea,1,Real,3,HealthStory,0.42658305
story_reviews_00472,First-of-its-kind cataract surgery using stem cells shows promise,First-of-its-kind cataract surgery using stem cells shows promise,1,Real,4,HealthStory,0.42653617
story_reviews_01199,Zinc May Prevent and Shorten Colds,Zinc May Prevent and Shorten Colds,0,Fake,2,HealthStory,0.42649925
story_reviews_00570,Brain training app could help people with schizophrenia,Brain training app could help people with schizophrenia,0,Fake,1,HealthStory,0.4256712
story_reviews_01112,"Fewer mammograms being done, studies show","Fewer mammograms being done, studies show",1,Real,4,HealthStory,0.4254339
story_reviews_01245,"Studies show that for kids' ear infections, antibiotics work better than waiting","Studies show that for kids' ear infections, antibiotics work better than waiting",0,Fake,1,HealthStory,0.42526457
story_reviews_01029,Mother's blood test reveals baby's sex,Mother's blood test reveals baby's sex,1,Real,4,HealthStory,0.42507023
story_reviews_00029,Tiny Device Is a ‘Huge Advance’ for Treatment of Severe Heart Failure,Tiny Device Is a ‘Huge Advance’ for Treatment of Severe Heart Failure,1,Real,3,HealthStory,0.42452246
story_reviews_00564,FDA approves tool for diagnosing dementia in a doctor’s office,FDA approves tool for diagnosing dementia in a doctor’s office,0,Fake,2,HealthStory,0.42450595
story_reviews_00300,Good news for people who love spicy food,Good news for people who love spicy food,1,Real,3,HealthStory,0.42420858
story_reviews_01690,Stem cell therapies for hearts inching closer to wide use,Stem cell therapies for hearts inching closer to wide use,1,Real,5,HealthStory,0.42410603
story_reviews_00744,New method for hip replacement wins favor with some surgeons,New method for hip replacement wins favor with some surgeons,1,Real,3,HealthStory,0.42387423
story_reviews_01437,Pot may provide some chronic pain relief: study,Pot may provide some chronic pain relief: study,1,Real,4,HealthStory,0.42378953
story_reviews_00776,Drug Shows Promise for Lupus Skin Conditions,Drug Shows Promise for Lupus Skin Conditions,1,Real,3,HealthStory,0.42368707
story_reviews_00766,Experimental drug may help people with bipolar disorder,Experimental drug may help people with bipolar disorder,1,Real,3,HealthStory,0.4235083
story_reviews_00541,"Text Reminders Help People Lower Cholesterol, Blood Pressure","Text Reminders Help People Lower Cholesterol, Blood Pressure",1,Real,5,HealthStory,0.42318878
story_reviews_01187,Drugs To Prevent Weak Bones Linked To Unusual Fractures,Drugs To Prevent Weak Bones Linked To Unusual Fractures,1,Real,5,HealthStory,0.42313588
story_reviews_00557,An aspirin a day – for years – may keep colon cancer away,An aspirin a day – for years – may keep colon cancer away,1,Real,5,HealthStory,0.42262357
story_reviews_01111,Fewer Colorado women getting mammograms since 2009 guideline change,Fewer Colorado women getting mammograms since 2009 guideline change,0,Fake,2,HealthStory,0.42247877
story_reviews_00771,Treating Kidneys With Radio Waves May Ease Tough-to-Control Hypertension,Treating Kidneys With Radio Waves May Ease Tough-to-Control Hypertension,1,Real,3,HealthStory,0.42243233
story_reviews_01538,Portland cancer center among those offering experimental immune therapy ipilimumab,Portland cancer center among those offering experimental immune therapy ipilimumab,1,Real,5,HealthStory,0.4212451
story_reviews_01258,Injecting Migraine Pain Away,Injecting Migraine Pain Away,1,Real,3,HealthStory,0.42122647
story_reviews_01238,Antidepressant May Help Ease Hot Flashes,Antidepressant May Help Ease Hot Flashes,1,Real,4,HealthStory,0.420789
story_reviews_00659,A Simple Flashcard Test to Detect Concussions,A Simple Flashcard Test to Detect Concussions,1,Real,3,HealthStory,0.42073518
story_reviews_00280,Scientists mix friendly bacteria into lotions to ward off bad germs,Scientists mix friendly bacteria into lotions to ward off bad germs,1,Real,3,HealthStory,0.42065296
story_reviews_01588,Knee Braces Ease Osteoarthritis Pain,Knee Braces Ease Osteoarthritis Pain,0,Fake,1,HealthStory,0.42025626
story_reviews_00454,"More than shots, there's new help for allergy sufferers","More than shots, there's new help for allergy sufferers",1,Real,4,HealthStory,0.42004514
story_reviews_00063,This Blood Test Could Help Predict If A Pregnancy Is At Risk For Premature Labor,This Blood Test Could Help Predict If A Pregnancy Is At Risk For Premature Labor,1,Real,4,HealthStory,0.41987705
story_reviews_01027,Gene Therapy Cures Adult Leukemia,Gene Therapy Cures Adult Leukemia,1,Real,4,HealthStory,0.41970718
story_reviews_00696,Five Nobel laureates backing antiaging dietary supplement,Five Nobel laureates backing antiaging dietary supplement,1,Real,3,HealthStory,0.4196899
story_reviews_00543,Powdered Ginger May Ease Seasonal Allergy Symptoms,Powdered Ginger May Ease Seasonal Allergy Symptoms,1,Real,4,HealthStory,0.41960797
story_reviews_00519,Study: New docs' suicidal thoughts eased with online therapy,Study: New docs' suicidal thoughts eased with online therapy,1,Real,3,HealthStory,0.41919294
story_reviews_01154,How to soothe baby's colic? Pour a cup of tea,How to soothe baby's colic? Pour a cup of tea,0,Fake,0,HealthStory,0.41887248
story_reviews_00291,Old drug gets new trick for prostate cancer treatment,Old drug gets new trick for prostate cancer treatment,1,Real,3,HealthStory,0.4188357
story_reviews_01217,Restrictive Diet May Reduce ADHD Symptoms,Restrictive Diet May Reduce ADHD Symptoms,1,Real,3,HealthStory,0.41878235
story_reviews_00012,Merck drug Keytruda succeeds in late-stage esophageal cancer trial,Merck drug Keytruda succeeds in late-stage esophageal cancer trial,0,Fake,1,HealthStory,0.4187399
story_reviews_00889,Electroacupuncture may be effective for depression: study,Electroacupuncture may be effective for depression: study,0,Fake,1,HealthStory,0.41848916
story_reviews_01572,Drug a New Treatment Option for Diabetic Eye Disease,Drug a New Treatment Option for Diabetic Eye Disease,0,Fake,1,HealthStory,0.4182436
story_reviews_01117,"Tai Chi, A 'Medication In Motion,' Helps People With Heart Failure","Tai Chi, A 'Medication In Motion,' Helps People With Heart Failure",0,Fake,2,HealthStory,0.4181397
story_reviews_00876,Preventive medicines can help migraine sufferers,Preventive medicines can help migraine sufferers,1,Real,4,HealthStory,0.41813347
story_reviews_01626,Brain images suggest Alzheimer's drug is working,Brain images suggest Alzheimer's drug is working,0,Fake,2,HealthStory,0.41812083
story_reviews_01254,2 Weeks of Antibiotic Therapy Relieves IBS,2 Weeks of Antibiotic Therapy Relieves IBS,0,Fake,2,HealthStory,0.41747046
story_reviews_00107,FDA approves first blood test for concussion,FDA approves first blood test for concussion,1,Real,3,HealthStory,0.41727862
story_reviews_00748,Drugs May Help Relieve Restless Legs Syndrome,Drugs May Help Relieve Restless Legs Syndrome,1,Real,3,HealthStory,0.41725472
story_reviews_00605,No heart safety issues seen with Merck Januvia diabetes drug: study,No heart safety issues seen with Merck Januvia diabetes drug: study,1,Real,3,HealthStory,0.41712794
story_reviews_00202,First gene therapy — ‘a true living drug’ — on the cusp of FDA approval,First gene therapy — ‘a true living drug’ — on the cusp of FDA approval,1,Real,4,HealthStory,0.4169607
story_reviews_00589,FDA OKs second test to see if Essure contraceptive is placed right,FDA OKs second test to see if Essure contraceptive is placed right,0,Fake,2,HealthStory,0.41672936
story_reviews_00223,How Probiotics May Help Depression,How Probiotics May Help Depression,1,Real,4,HealthStory,0.41670787
story_reviews_00418,This isn’t hype: Canadian doctors just reversed severe MS using stem cells,This isn’t hype: Canadian doctors just reversed severe MS using stem cells,1,Real,5,HealthStory,0.41661778
story_reviews_01074,Exelixis drug slows prostate cancer spread in trial,Exelixis drug slows prostate cancer spread in trial,0,Fake,2,HealthStory,0.41631153
story_reviews_00358,Eating Eggs and Peanuts Early Lowers Risk of Food Allergies,Eating Eggs and Peanuts Early Lowers Risk of Food Allergies,0,Fake,2,HealthStory,0.41616243
story_reviews_00337,"Testing cholesterol in toddlers, even younger? Study says it could help","Testing cholesterol in toddlers, even younger? Study says it could help",1,Real,4,HealthStory,0.41585642
story_reviews_01172,Acupuncture May Take Edge Off Menopause Symptoms,Acupuncture May Take Edge Off Menopause Symptoms,0,Fake,1,HealthStory,0.4156678
story_reviews_00994,"HPV test more sensitive than Pap, questions remain","HPV test more sensitive than Pap, questions remain",1,Real,4,HealthStory,0.41565117
story_reviews_00881,Are breast lumps cancerous? A new device may help,Are breast lumps cancerous? A new device may help,1,Real,3,HealthStory,0.41549638
story_reviews_00730,"Regeneron, Sanofi asthma drug seen as potential game changer","Regeneron, Sanofi asthma drug seen as potential game changer",1,Real,3,HealthStory,0.41525573
story_reviews_00333,Hospitals Fast-Track Treatments for Hip Fractures,Hospitals Fast-Track Treatments for Hip Fractures,1,Real,3,HealthStory,0.415104
story_reviews_01120,Experimental Test May Warn of Premature Births,Experimental Test May Warn of Premature Births,1,Real,4,HealthStory,0.41483203
story_reviews_01320,Bypass patients can benefit from a few drinks: study,Bypass patients can benefit from a few drinks: study,0,Fake,0,HealthStory,0.41467342
story_reviews_00473,Smart air quality device and app helps you breathe easier,Smart air quality device and app helps you breathe easier,0,Fake,2,HealthStory,0.41455445
story_reviews_01279,Acupuncture Might Treat Certain Kind of Lazy Eye,Acupuncture Might Treat Certain Kind of Lazy Eye,1,Real,3,HealthStory,0.41454756
story_reviews_01314,The Downside of a Cancer Study Extolling CT Scans,The Downside of a Cancer Study Extolling CT Scans,1,Real,5,HealthStory,0.41446397
story_reviews_00045,Ketamine Shows Promise As Treatment for Adolescents With Depression,Ketamine Shows Promise As Treatment for Adolescents With Depression,1,Real,3,HealthStory,0.41421402
story_reviews_00050,Worried About Dementia? You Might Want to Check Your Blood Pressure,Worried About Dementia? You Might Want to Check Your Blood Pressure,1,Real,3,HealthStory,0.41386718
story_reviews_00954,DHEA hormone may help women through menopause: study,DHEA hormone may help women through menopause: study,0,Fake,2,HealthStory,0.41334343
story_reviews_00079,Prostate cancer breakthrough as UK team develops more accurate test,Prostate cancer breakthrough as UK team develops more accurate test,0,Fake,1,HealthStory,0.4132561
story_reviews_01674,More Aggressive Treatment for Weekend Stroke - First Aid: Injury Prevention,More Aggressive Treatment for Weekend Stroke - First Aid: Injury Prevention,1,Real,4,HealthStory,0.41296336
story_reviews_01573,Drug Reverses Diabetes-Related Vision Loss,Drug Reverses Diabetes-Related Vision Loss,1,Real,4,HealthStory,0.41282746
story_reviews_00026,Vitamin D: Supplement Linked to Weight Loss in Overweight and Obese Children,Vitamin D: Supplement Linked to Weight Loss in Overweight and Obese Children,0,Fake,2,HealthStory,0.41280746
story_reviews_00613,Delayed Umbilical Cord Clamping May Benefit Children Years Later,Delayed Umbilical Cord Clamping May Benefit Children Years Later,1,Real,4,HealthStory,0.41234583
story_reviews_00462,Vericel stem cell heart failure therapy cuts deaths: study,Vericel stem cell heart failure therapy cuts deaths: study,1,Real,4,HealthStory,0.4122593
story_reviews_00193,Scientists Edge Closer To Elusive Lab Test For Chronic Fatigue Syndrome,Scientists Edge Closer To Elusive Lab Test For Chronic Fatigue Syndrome,1,Real,3,HealthStory,0.41224578
story_reviews_00873,Men's fertility test available for home,Men's fertility test available for home,1,Real,5,HealthStory,0.41201213
story_reviews_00312,Starting school later might really help sleep-deprived teens,Starting school later might really help sleep-deprived teens,1,Real,4,HealthStory,0.41159615
story_reviews_00381,Novartis asthma pill shows promise in small trial,Novartis asthma pill shows promise in small trial,1,Real,4,HealthStory,0.4115049
story_reviews_01476,Resveratrol May Suppress Inflammation in Humans,Resveratrol May Suppress Inflammation in Humans,0,Fake,1,HealthStory,0.4112996
story_reviews_00867,Acupuncture May Be Worth a Shot for COPD,Acupuncture May Be Worth a Shot for COPD,0,Fake,2,HealthStory,0.4111641
story_reviews_00310,Short Course of Antibiotics Not Best for Kids' Ear Infections,Short Course of Antibiotics Not Best for Kids' Ear Infections,0,Fake,1,HealthStory,0.41082114
story_reviews_00447,"Gene Therapy Might Be the Best, and Perhaps Only, Chance at Curing Brain Diseases","Gene Therapy Might Be the Best, and Perhaps Only, Chance at Curing Brain Diseases",1,Real,3,HealthStory,0.41066885
story_reviews_00423,Dermira's drug for excessive armpit sweating succeeds in key studies,Dermira's drug for excessive armpit sweating succeeds in key studies,0,Fake,2,HealthStory,0.41058767
story_reviews_01035,Stool test good for catching colon cancer: study,Stool test good for catching colon cancer: study,1,Real,5,HealthStory,0.4103364
story_reviews_00251,"Trans fats ban linked with fewer heart attacks, strokes","Trans fats ban linked with fewer heart attacks, strokes",1,Real,5,HealthStory,0.41012418
story_reviews_01534,Eating Brown Rice to Cut Diabetes Risk,Eating Brown Rice to Cut Diabetes Risk,1,Real,3,HealthStory,0.40983126
story_reviews_00231,Merck says test shows Keytruda improves survival for bladder cancer patients,Merck says test shows Keytruda improves survival for bladder cancer patients,1,Real,3,HealthStory,0.40975612
story_reviews_00628,Fructose May Increase Cravings for High-Calorie Foods,Fructose May Increase Cravings for High-Calorie Foods,0,Fake,2,HealthStory,0.40970236
story_reviews_00132,"Migraines plague millions, especially women. Now there's new hope","Migraines plague millions, especially women. Now there's new hope",1,Real,3,HealthStory,0.409614
story_reviews_01420,Magic mushrooms may ease anxiety of cancer: study,Magic mushrooms may ease anxiety of cancer: study,0,Fake,2,HealthStory,0.4091885
story_reviews_01243,"Antibiotics speed up recovery from ear infections in young children, studies show","Antibiotics speed up recovery from ear infections in young children, studies show",1,Real,4,HealthStory,0.40894854
story_reviews_01504,All kids should have cholesterol tests: study,All kids should have cholesterol tests: study,1,Real,4,HealthStory,0.40876314
story_reviews_00020,New Nerve Stimulation Technique Might Relieve Back Pain,New Nerve Stimulation Technique Might Relieve Back Pain,1,Real,3,HealthStory,0.408579
story_reviews_00914,A New Approach to Treating Hair Loss,A New Approach to Treating Hair Loss,0,Fake,1,HealthStory,0.40852085
story_reviews_01315,Gene Therapy Shows Potential Against Heart Failure,Gene Therapy Shows Potential Against Heart Failure,0,Fake,2,HealthStory,0.40840727
story_reviews_01240,Is there a 'natural' aid for diabetes?,Is there a 'natural' aid for diabetes?,1,Real,4,HealthStory,0.40807346
story_reviews_01316,Pacemaker-Defibrillator Device Improves Heart-Failure Survival Rates,Pacemaker-Defibrillator Device Improves Heart-Failure Survival Rates,1,Real,5,HealthStory,0.40794975
story_reviews_01418,Statins May Guard Against Rheumatoid Arthritis,Statins May Guard Against Rheumatoid Arthritis,1,Real,3,HealthStory,0.40767306
story_reviews_00604,The Evidence Points to a Better Way to Fight Insomnia,The Evidence Points to a Better Way to Fight Insomnia,1,Real,4,HealthStory,0.40758392
story_reviews_01266,"Moms who take folic acid, iron have smarter kids","Moms who take folic acid, iron have smarter kids",0,Fake,2,HealthStory,0.40748
story_reviews_00637,Bristol-Myers immunotherapy combo promising in melanoma: study,Bristol-Myers immunotherapy combo promising in melanoma: study,0,Fake,2,HealthStory,0.40736634
story_reviews_00225,Fast help for men whose prostates won't let them go,Fast help for men whose prostates won't let them go,1,Real,3,HealthStory,0.40698758
story_reviews_01625,Portable Device May Relieve Migraine Pain,Portable Device May Relieve Migraine Pain,1,Real,3,HealthStory,0.4069279
story_reviews_01084,Prostate Cancer Studies Find Benefit in Daily Acetaminophen and Brisk Walks,Prostate Cancer Studies Find Benefit in Daily Acetaminophen and Brisk Walks,0,Fake,1,HealthStory,0.4068293
story_reviews_00493,Cancer treatment offers MS patients hope after 'remarkable' trial results,Cancer treatment offers MS patients hope after 'remarkable' trial results,0,Fake,2,HealthStory,0.40604222
story_reviews_00760,FDA Approves 1st Skin Patch to Combat Migraines,FDA Approves 1st Skin Patch to Combat Migraines,1,Real,4,HealthStory,0.4054935
story_reviews_00032,Study: Medical Marijuana Relieves Range of Symptoms With No Serious Side Effects,Study: Medical Marijuana Relieves Range of Symptoms With No Serious Side Effects,0,Fake,2,HealthStory,0.4054719
story_reviews_01558,'Female Viagra' May Treat Low Sexual Desire,'Female Viagra' May Treat Low Sexual Desire,1,Real,5,HealthStory,0.40543586
story_reviews_00961,Prozac May Reduce Symptoms of Autism in Adults,Prozac May Reduce Symptoms of Autism in Adults,1,Real,5,HealthStory,0.4053541
story_reviews_00924,Healthy Perspective: The latest health & wellness news with a dose of conversation,Healthy Perspective: The latest health & wellness news with a dose of conversation,0,Fake,1,HealthStory,0.40468138
story_reviews_00316,Pets Help People Manage The Pain Of Serious Mental Illness,Pets Help People Manage The Pain Of Serious Mental Illness,1,Real,3,HealthStory,0.4046225
story_reviews_01359,Older women with healthy bones may not need frequent bone scans,Older women with healthy bones may not need frequent bone scans,0,Fake,2,HealthStory,0.40461582
story_reviews_00442,Carbohydrates and Resistant Starch May Help Weight Loss,Carbohydrates and Resistant Starch May Help Weight Loss,1,Real,3,HealthStory,0.40445217
story_reviews_00791,Drug Slows Knee Osteoarthritis Progression,Drug Slows Knee Osteoarthritis Progression,1,Real,3,HealthStory,0.40438968
story_reviews_00521,FDA approves cancer treatment that uses virus to attack tumors,FDA approves cancer treatment that uses virus to attack tumors,1,Real,3,HealthStory,0.40405947
story_reviews_01337,Train The Brain: Using Neurofeedback To Treat ADHD,Train The Brain: Using Neurofeedback To Treat ADHD,1,Real,4,HealthStory,0.40403062
story_reviews_01410,Looming ruling on breast cancer drug splits patient advocates,Looming ruling on breast cancer drug splits patient advocates,1,Real,4,HealthStory,0.4039994
story_reviews_00485,Same-Day Hip Replacement,Same-Day Hip Replacement,0,Fake,2,HealthStory,0.40356252
story_reviews_00295,"Fecal transplants may help children with autism, researchers claim","Fecal transplants may help children with autism, researchers claim",0,Fake,2,HealthStory,0.40320906
story_reviews_00347,"'New day' in lung cancer as Merck drug shines, works with chemo","'New day' in lung cancer as Merck drug shines, works with chemo",1,Real,3,HealthStory,0.40308267
story_reviews_01688,Study Finds Drinking Coffee and Tea Cuts Risk of Type 2 Diabetes,Study Finds Drinking Coffee and Tea Cuts Risk of Type 2 Diabetes,0,Fake,0,HealthStory,0.40286413
story_reviews_00461,The homeliest nut just got better,The homeliest nut just got better,1,Real,3,HealthStory,0.40283185
story_reviews_00252,Hospitalizations drop where laws restrict trans fats,Hospitalizations drop where laws restrict trans fats,1,Real,5,HealthStory,0.4027256
story_reviews_00433,Oramed says oral insulin succeeds in midstage type 2 diabetes trial,Oramed says oral insulin succeeds in midstage type 2 diabetes trial,1,Real,3,HealthStory,0.402156
story_reviews_00204,Two big studies bolster the claim that coffee – even decaf – is good for you,Two big studies bolster the claim that coffee – even decaf – is good for you,1,Real,4,HealthStory,0.40206605
story_reviews_00378,"Lithium should be more widely used for bipolar disorder, researchers say","Lithium should be more widely used for bipolar disorder, researchers say",1,Real,4,HealthStory,0.4017971
story_reviews_00467,The Benefits of Intensive Cardiac Rehabilitation Over Ordinary Cardiac Rehabilitation,The Benefits of Intensive Cardiac Rehabilitation Over Ordinary Cardiac Rehabilitation,1,Real,3,HealthStory,0.40160996
story_reviews_00538,Club Drug Ketamine Gains Traction As A Treatment For Depression,Club Drug Ketamine Gains Traction As A Treatment For Depression,1,Real,3,HealthStory,0.401335
story_reviews_01091,Can selenium lower cholesterol?,Can selenium lower cholesterol?,1,Real,5,HealthStory,0.4013046
story_reviews_01332,Retinal implant trial helps blind people see shapes,Retinal implant trial helps blind people see shapes,0,Fake,1,HealthStory,0.40086356
story_reviews_01488,"Freezing human eggs is gaining in popularity, and the science behind it is making strides as well","Freezing human eggs is gaining in popularity, and the science behind it is making strides as well",1,Real,5,HealthStory,0.40049967
story_reviews_01001,Muscle Relaxant May Ease Fibromyalgia Pain,Muscle Relaxant May Ease Fibromyalgia Pain,1,Real,3,HealthStory,0.39906007
story_reviews_01515,Pill Treats Painful Fibroids,Pill Treats Painful Fibroids,0,Fake,2,HealthStory,0.39899132
story_reviews_01036,Prenatal Omega-3 Fatty Acid Supplements May Cut Babies' Colds,Prenatal Omega-3 Fatty Acid Supplements May Cut Babies' Colds,1,Real,3,HealthStory,0.39873958
story_reviews_01219,Study: ADHD Diet Helps Reduce Symptoms,Study: ADHD Diet Helps Reduce Symptoms,0,Fake,2,HealthStory,0.39835843
story_reviews_00391,Cutting Sugar Rapidly Improves Heart Health Markers,Cutting Sugar Rapidly Improves Heart Health Markers,1,Real,3,HealthStory,0.3982492
story_reviews_00813,Tomatoes May Lower Your Risk for Stroke,Tomatoes May Lower Your Risk for Stroke,1,Real,4,HealthStory,0.39821294
story_reviews_00837,"Hormone May Boost Aging, Failing Brains","Hormone May Boost Aging, Failing Brains",1,Real,3,HealthStory,0.3978905
story_reviews_00582,2 Studies Back Guidelines for Wider Use of Statins,2 Studies Back Guidelines for Wider Use of Statins,1,Real,5,HealthStory,0.39774692
story_reviews_00598,A Ray of Hope for Patients With Malignant Brain Tumors,A Ray of Hope for Patients With Malignant Brain Tumors,0,Fake,2,HealthStory,0.39761937
story_reviews_00675,"Medical mystery: Men who take frequent saunas live longer, study shows","Medical mystery: Men who take frequent saunas live longer, study shows",1,Real,3,HealthStory,0.39732498
story_reviews_01609,Tequila Plant May Help Fight Bone Loss,Tequila Plant May Help Fight Bone Loss,0,Fake,1,HealthStory,0.39719793
story_reviews_01506,Study Questions Guidelines on Cholesterol Screening in Kids,Study Questions Guidelines on Cholesterol Screening in Kids,0,Fake,2,HealthStory,0.39675063
story_reviews_00905,Robotic surgeries costlier but safer: study,Robotic surgeries costlier but safer: study,1,Real,4,HealthStory,0.39673403
story_reviews_00315,Cuddling Preemies Kangaroo Style Helps Into Adulthood,Cuddling Preemies Kangaroo Style Helps Into Adulthood,1,Real,3,HealthStory,0.39659336
story_reviews_00317,Why Biogen is breathing a sigh of relief with the latest Alzheimer’s data,Why Biogen is breathing a sigh of relief with the latest Alzheimer’s data,1,Real,4,HealthStory,0.3965178
story_reviews_01017,Doctors screen for cervical cancer too often: study,Doctors screen for cervical cancer too often: study,1,Real,5,HealthStory,0.39631727
story_reviews_00469,"To quit smoking, it’s best to go cold turkey, study finds","To quit smoking, it’s best to go cold turkey, study finds",1,Real,4,HealthStory,0.3963069
story_reviews_00436,Same-day hip replacements get patients back on their feet,Same-day hip replacements get patients back on their feet,0,Fake,2,HealthStory,0.39627716
story_reviews_01247,Progress Toward Blood Test for Down Syndrome,Progress Toward Blood Test for Down Syndrome,1,Real,5,HealthStory,0.3961595
story_reviews_00244,Novel therapy for rare eye cancer holds promise for targeting other tumors,Novel therapy for rare eye cancer holds promise for targeting other tumors,1,Real,3,HealthStory,0.3961404
story_reviews_01396,New study widens debate on the value of mammograms,New study widens debate on the value of mammograms,1,Real,5,HealthStory,0.3960513
story_reviews_00975,New drug 'big deal' in cystic fibrosis fight,New drug 'big deal' in cystic fibrosis fight,0,Fake,2,HealthStory,0.39602298
story_reviews_00292,Amgen cholesterol drug succeeds in cutting serious heart problems: study,Amgen cholesterol drug succeeds in cutting serious heart problems: study,1,Real,3,HealthStory,0.3959715
story_reviews_00951,Music May Help Ease Pain for Anxious People,Music May Help Ease Pain for Anxious People,0,Fake,0,HealthStory,0.39575362
story_reviews_01002,Squirts of Insulin May Help Those With Early Alzheimer’s,Squirts of Insulin May Help Those With Early Alzheimer’s,1,Real,3,HealthStory,0.39574927
story_reviews_00054,"Maintaining healthy vision may help keep brain in shape, too","Maintaining healthy vision may help keep brain in shape, too",1,Real,3,HealthStory,0.39546165
story_reviews_00607,Lost Posture: Why Some Indigenous Cultures May Not Have Back Pain,Lost Posture: Why Some Indigenous Cultures May Not Have Back Pain,1,Real,4,HealthStory,0.39540336
story_reviews_01265,Don't Stay Up Waiting For A Pill To Fight Jet Lag,Don't Stay Up Waiting For A Pill To Fight Jet Lag,1,Real,4,HealthStory,0.39529565
story_reviews_01611,Nanotech robots deliver gene therapy through blood,Nanotech robots deliver gene therapy through blood,1,Real,3,HealthStory,0.3949661
story_reviews_00373,"How often should you get a mammogram? It depends on whether you have dense breast tissue, experts say","How often should you get a mammogram? It depends on whether you have dense breast tissue, experts say",1,Real,3,HealthStory,0.3946571
story_reviews_01150,New Therapy for Enlarged Prostate May Bypass Unpleasant Side Effects,New Therapy for Enlarged Prostate May Bypass Unpleasant Side Effects,0,Fake,2,HealthStory,0.39450356
story_reviews_01086,"Heart scans tied to ""evidence-free"" treatment: study","Heart scans tied to ""evidence-free"" treatment: study",1,Real,5,HealthStory,0.39427593
story_reviews_00709,Researchers in Italy Found Bergamot Lowered Blood Cholesterol,Researchers in Italy Found Bergamot Lowered Blood Cholesterol,1,Real,5,HealthStory,0.3941525
story_reviews_00547,Preventing Alzheimer's: How Red Wine May Slow Brain Decline,Preventing Alzheimer's: How Red Wine May Slow Brain Decline,0,Fake,2,HealthStory,0.3940254
story_reviews_01382,Mammogram Benefit Is Seen for Women in Their 40s,Mammogram Benefit Is Seen for Women in Their 40s,1,Real,4,HealthStory,0.3938386
story_reviews_00349,This 8-year-old is free of cancer — for now — after a ‘breakthrough’ treatment,This 8-year-old is free of cancer — for now — after a ‘breakthrough’ treatment,1,Real,5,HealthStory,0.3938242
story_reviews_00929,New Drug Treats Fibroids With Fewer Side Effects,New Drug Treats Fibroids With Fewer Side Effects,1,Real,3,HealthStory,0.39359304
story_reviews_00425,Statins 'could be valuable addition to breast cancer treatment',Statins 'could be valuable addition to breast cancer treatment',0,Fake,2,HealthStory,0.3929085
story_reviews_01062,New Blood Thinner Beats Plavix When Paired With Low-Dose Aspirin,New Blood Thinner Beats Plavix When Paired With Low-Dose Aspirin,1,Real,3,HealthStory,0.39289773
story_reviews_00213,The Case Against – and for – Arthroscopic Knee Surgery,The Case Against – and for – Arthroscopic Knee Surgery,1,Real,4,HealthStory,0.39280158
story_reviews_00824,New Device May Reduce Repeat Breast Cancer Surgeries,New Device May Reduce Repeat Breast Cancer Surgeries,1,Real,3,HealthStory,0.39276344
story_reviews_01221,Gardasil Vaccine Guards Against HPV in Boys,Gardasil Vaccine Guards Against HPV in Boys,1,Real,3,HealthStory,0.39276066
story_reviews_01274,Brain scans predict which dyslexics will read,Brain scans predict which dyslexics will read,0,Fake,0,HealthStory,0.39275756
story_reviews_01098,Mindfulness Meditation May Cut IBS Symptoms,Mindfulness Meditation May Cut IBS Symptoms,0,Fake,0,HealthStory,0.3925954
story_reviews_01292,Brain scans accurate at spotting autism: U.S. study,Brain scans accurate at spotting autism: U.S. study,0,Fake,1,HealthStory,0.39243495
story_reviews_00831,Walnuts May Improve Sperm Quality in Healthy Men,Walnuts May Improve Sperm Quality in Healthy Men,1,Real,4,HealthStory,0.39232722
story_reviews_00308,Taking Fish Oil During Pregnancy Is Found to Lower Child’s Asthma Risk,Taking Fish Oil During Pregnancy Is Found to Lower Child’s Asthma Risk,1,Real,4,HealthStory,0.39231932
story_reviews_00854,Seaweed supplement may aid weight loss: study,Seaweed supplement may aid weight loss: study,1,Real,5,HealthStory,0.3923046
story_reviews_01642,Vitamin D for Mom May Lower Baby’s MS Risk,Vitamin D for Mom May Lower Baby’s MS Risk,1,Real,3,HealthStory,0.39228207
story_reviews_00762,Women With A Berry-Snacking Habit May Have Healthier Hearts,Women With A Berry-Snacking Habit May Have Healthier Hearts,1,Real,4,HealthStory,0.3921487
story_reviews_01248,Vaccine sharply cuts rate of shingles: study,Vaccine sharply cuts rate of shingles: study,1,Real,3,HealthStory,0.39214003
story_reviews_00242,Therapy ‘has long-term benefits for mothers with depression’,Therapy ‘has long-term benefits for mothers with depression’,0,Fake,2,HealthStory,0.39175034
story_reviews_00185,Blood Test Finds Cancer Before Symptoms Start,Blood Test Finds Cancer Before Symptoms Start,1,Real,5,HealthStory,0.39157033
story_reviews_01056,Heart Treatment Overused,Heart Treatment Overused,1,Real,5,HealthStory,0.3913795
story_reviews_01116,Gastric Bypass May Improve Diabetes Quickly,Gastric Bypass May Improve Diabetes Quickly,1,Real,3,HealthStory,0.39126533
story_reviews_01099,Lung scans may lead to overdiagnosis: study,Lung scans may lead to overdiagnosis: study,1,Real,4,HealthStory,0.39083403
story_reviews_00983,Yoga and Stretching Equally Effective for Back Pain,Yoga and Stretching Equally Effective for Back Pain,1,Real,3,HealthStory,0.39080158
story_reviews_01034,Larger Dose of Zinc Lozenges May Shorten Colds,Larger Dose of Zinc Lozenges May Shorten Colds,1,Real,3,HealthStory,0.3902897
story_reviews_01559,"Drug may prevent lung cancer, study finds","Drug may prevent lung cancer, study finds",0,Fake,2,HealthStory,0.38989124
story_reviews_00449,"Mediterranean Diet Protects Heart Disease Sufferers From Heart Attack, Stroke","Mediterranean Diet Protects Heart Disease Sufferers From Heart Attack, Stroke",1,Real,3,HealthStory,0.38938528
story_reviews_01598,Acupuncture May Help Restore Lost Sense of Smell,Acupuncture May Help Restore Lost Sense of Smell,0,Fake,0,HealthStory,0.38937247
story_reviews_01216,FDA Approves First Drug To Prevent Preterm Births,FDA Approves First Drug To Prevent Preterm Births,1,Real,5,HealthStory,0.38905004
story_reviews_01196,Drug Shows Promise For Newborn Blindness,Drug Shows Promise For Newborn Blindness,1,Real,4,HealthStory,0.38902497
story_reviews_00527,New Approach Advised to Treat Schizophrenia,New Approach Advised to Treat Schizophrenia,1,Real,4,HealthStory,0.3888748
story_reviews_01085,Limits of New Screen for Heart Disease,Limits of New Screen for Heart Disease,1,Real,4,HealthStory,0.38868055
story_reviews_01152,No Good Evidence That Folk Remedies Ease Colic,No Good Evidence That Folk Remedies Ease Colic,1,Real,4,HealthStory,0.38867816
story_reviews_00657,Tests of Cholesterol Drugs Offer Hope of Reducing Heart Attacks and Strokes,Tests of Cholesterol Drugs Offer Hope of Reducing Heart Attacks and Strokes,1,Real,5,HealthStory,0.388257
story_reviews_01571,Promise Seen in Drug for Fragile X Syndrome,Promise Seen in Drug for Fragile X Syndrome,1,Real,3,HealthStory,0.38814577
story_reviews_00514,Breast-Feeding Linked to Reduced Risk of Preemie Eye Problem,Breast-Feeding Linked to Reduced Risk of Preemie Eye Problem,1,Real,5,HealthStory,0.38802874
story_reviews_01356,Statin drugs may lower colon cancer risk: study,Statin drugs may lower colon cancer risk: study,0,Fake,1,HealthStory,0.38765752
story_reviews_01018,Ultrasound of Neck Arteries May Help Gauge Stroke Risk,Ultrasound of Neck Arteries May Help Gauge Stroke Risk,1,Real,3,HealthStory,0.3875905
story_reviews_00038,The FDA Says This Brain-Stimulating Device May Help People With Obsessive-Compulsive Disorder,The FDA Says This Brain-Stimulating Device May Help People With Obsessive-Compulsive Disorder,1,Real,3,HealthStory,0.3875202
story_reviews_01203,Women on bone drugs have less colon cancer: study,Women on bone drugs have less colon cancer: study,1,Real,4,HealthStory,0.3874101
story_reviews_01162,Blood Test May Predict Risk of Diabetes,Blood Test May Predict Risk of Diabetes,0,Fake,2,HealthStory,0.3873311
story_reviews_01004,"A drink a day good for middle-aged women, study finds","A drink a day good for middle-aged women, study finds",0,Fake,2,HealthStory,0.38730064
story_reviews_00052,Which antidepressant is right for you? This genetic test could help,Which antidepressant is right for you? This genetic test could help,1,Real,3,HealthStory,0.38717464
story_reviews_01192,Mammograms May Not Be Fool-Proof at Catching Second Cancers,Mammograms May Not Be Fool-Proof at Catching Second Cancers,1,Real,4,HealthStory,0.38685837
story_reviews_00936,Magnesium-rich diet may lower stroke risk: study,Magnesium-rich diet may lower stroke risk: study,1,Real,5,HealthStory,0.3868115
story_reviews_00505,"Got Night Milk? A Possible Treatment for Anxiety, Insomnia","Got Night Milk? A Possible Treatment for Anxiety, Insomnia",1,Real,3,HealthStory,0.38655594
story_reviews_01532,"New ""morning-after"" pill effective, safe: FDA staff","New ""morning-after"" pill effective, safe: FDA staff",1,Real,3,HealthStory,0.38646668
story_reviews_01652,Can fish oil help guard against schizophrenia?,Can fish oil help guard against schizophrenia?,1,Real,4,HealthStory,0.3857835
story_reviews_01336,Diabetes drugs may help control lung cancer: study,Diabetes drugs may help control lung cancer: study,1,Real,3,HealthStory,0.3854217
story_reviews_00818,Benefits Seen In Hormone Use Early In Menopause,Benefits Seen In Hormone Use Early In Menopause,1,Real,4,HealthStory,0.38525784
story_reviews_01562,Sleep Drug May Treat Fibromyalgia Pain,Sleep Drug May Treat Fibromyalgia Pain,1,Real,4,HealthStory,0.38507903
story_reviews_01323,Special Infant Formula Might Help Shield Babies from Type 1 Diabetes,Special Infant Formula Might Help Shield Babies from Type 1 Diabetes,1,Real,4,HealthStory,0.3850415
story_reviews_00071,Laughing gas makes a comeback for women in labor - like Kate Middleton,Laughing gas makes a comeback for women in labor - like Kate Middleton,1,Real,4,HealthStory,0.38474986
story_reviews_00282,Stem Cell Transplants May Help Some With Multiple Sclerosis,Stem Cell Transplants May Help Some With Multiple Sclerosis,1,Real,3,HealthStory,0.38470152
story_reviews_01657,Blood Test May Predict Rheumatoid Arthritis,Blood Test May Predict Rheumatoid Arthritis,0,Fake,0,HealthStory,0.38469902
story_reviews_00067,"Deep brain stimulation may offer treatment for type 2 diabetes, study suggests","Deep brain stimulation may offer treatment for type 2 diabetes, study suggests",1,Real,4,HealthStory,0.38454074
story_reviews_01564,U.S. Approves Drug to Treat Varicose Veins,U.S. Approves Drug to Treat Varicose Veins,0,Fake,2,HealthStory,0.38431975
story_reviews_00235,Blood Thinners May Prevent Dementia in Atrial Fibrillation Patients,Blood Thinners May Prevent Dementia in Atrial Fibrillation Patients,1,Real,3,HealthStory,0.3841872
story_reviews_00991,Less Frequent Mammograms May Lower False-Positive Results,Less Frequent Mammograms May Lower False-Positive Results,1,Real,3,HealthStory,0.38417512
story_reviews_00326,Older Patients Can Benefit From Lung Cancer Surgery,Older Patients Can Benefit From Lung Cancer Surgery,0,Fake,2,HealthStory,0.38396043
story_reviews_01624,Test May Cut Unneeded Prostate Biopsies,Test May Cut Unneeded Prostate Biopsies,0,Fake,1,HealthStory,0.38386008
story_reviews_00196,There's a promising new HIV vaccine candidate in the pipeline,There's a promising new HIV vaccine candidate in the pipeline,1,Real,4,HealthStory,0.38363266
story_reviews_01072,"Type 2 Diabetes Treatment Victoza Helps Type 1, Too","Type 2 Diabetes Treatment Victoza Helps Type 1, Too",1,Real,3,HealthStory,0.38339356
story_reviews_00923,Scarred Hearts Healed After Heart Attack,Scarred Hearts Healed After Heart Attack,0,Fake,2,HealthStory,0.3833935
story_reviews_00401,Test Aids Prostate Cancer Treatment,Test Aids Prostate Cancer Treatment,1,Real,4,HealthStory,0.38306567
story_reviews_01362,MRI Might Screen for Autism,MRI Might Screen for Autism,0,Fake,1,HealthStory,0.38300025
story_reviews_00735,Newly Discovered Hormone Could Yield New Treatment For Diabetes,Newly Discovered Hormone Could Yield New Treatment For Diabetes,1,Real,3,HealthStory,0.38296837
story_reviews_01628,Study Finds Stents as Effective as Surgery to Prevent Strokes,Study Finds Stents as Effective as Surgery to Prevent Strokes,1,Real,4,HealthStory,0.38277203
story_reviews_00399,Abbott wins U.S. approval for stent that absorbs into body,Abbott wins U.S. approval for stent that absorbs into body,1,Real,3,HealthStory,0.38230073
story_reviews_00188,Finding the Right Medication: Gene Test May Help Treat Depression,Finding the Right Medication: Gene Test May Help Treat Depression,0,Fake,2,HealthStory,0.38226178
story_reviews_01188,"Gastric bypass more effective than other procedures, studies find","Gastric bypass more effective than other procedures, studies find",0,Fake,2,HealthStory,0.38173935
story_reviews_00106,"New test can detect autism in children, scientists say","New test can detect autism in children, scientists say",0,Fake,1,HealthStory,0.38160536
story_reviews_00620,Study: Vitamin B3 May Help Prevent Certain Skin Cancers,Study: Vitamin B3 May Help Prevent Certain Skin Cancers,1,Real,5,HealthStory,0.38145927
story_reviews_01288,Aspirin Cuts Death Rate From Several Common Cancers,Aspirin Cuts Death Rate From Several Common Cancers,1,Real,3,HealthStory,0.38133717
story_reviews_01156,Lab-grown mouse sperm could spawn fertility treatments for men,Lab-grown mouse sperm could spawn fertility treatments for men,1,Real,3,HealthStory,0.38131946
story_reviews_01349,Baking Soda Boosts Athletic Performance,Baking Soda Boosts Athletic Performance,0,Fake,0,HealthStory,0.38131484
story_reviews_00533,Heart Scan Can Fine-Tune Risk Estimate for Patients Considering Statins,Heart Scan Can Fine-Tune Risk Estimate for Patients Considering Statins,1,Real,4,HealthStory,0.3810967
story_reviews_01639,Hormone oxytocin may help Asperger’s patients,Hormone oxytocin may help Asperger’s patients,0,Fake,1,HealthStory,0.38105306
story_reviews_00790,Strongest Study Yet Shows Meditation Can Lower Risk of Heart Attack and Stroke,Strongest Study Yet Shows Meditation Can Lower Risk of Heart Attack and Stroke,0,Fake,2,HealthStory,0.38069022
story_reviews_00389,'Brain training' cut dementia risk in healthy adults -U.S. study,'Brain training' cut dementia risk in healthy adults -U.S. study,1,Real,3,HealthStory,0.38045278
story_reviews_01631,Acupuncture May Ease Depression During Pregnancy,Acupuncture May Ease Depression During Pregnancy,1,Real,4,HealthStory,0.38034484
story_reviews_00162,Just One Hour of Exercise a Week May Help Prevent Depression,Just One Hour of Exercise a Week May Help Prevent Depression,1,Real,3,HealthStory,0.37995932
story_reviews_00260,New Eczema Drug Dupixent wins FDA Approval,New Eczema Drug Dupixent wins FDA Approval,1,Real,4,HealthStory,0.37956795
story_reviews_00290,Hormone Blockers Can Prolong Life if Prostate Cancer Recurs,Hormone Blockers Can Prolong Life if Prostate Cancer Recurs,1,Real,4,HealthStory,0.37934092
story_reviews_01543,Urine test improves prostate diagnosis: study,Urine test improves prostate diagnosis: study,1,Real,3,HealthStory,0.37910008
story_reviews_00015,Trippy depression treatment? Hopes and hype for ketamine,Trippy depression treatment? Hopes and hype for ketamine,1,Real,5,HealthStory,0.37898517
story_reviews_01232,Short-term pill-free therapy may help insomniacs,Short-term pill-free therapy may help insomniacs,1,Real,4,HealthStory,0.37898496
story_reviews_01641,Dark Chocolate May Lower Stroke Risk,Dark Chocolate May Lower Stroke Risk,1,Real,3,HealthStory,0.37894988
story_reviews_01108,Quest for Vaccines to Treat Addiction,Quest for Vaccines to Treat Addiction,1,Real,4,HealthStory,0.37886047
story_reviews_00220,It's Snakes to the Rescue for Heart Patients,It's Snakes to the Rescue for Heart Patients,1,Real,3,HealthStory,0.37814882
story_reviews_00139,Eating a Poop Pill Works to Cure This Deadly and Common Hospital Infection,Eating a Poop Pill Works to Cure This Deadly and Common Hospital Infection,1,Real,4,HealthStory,0.3780416
story_reviews_00331,Scientists develop new type of HIV test on a USB stick,Scientists develop new type of HIV test on a USB stick,0,Fake,2,HealthStory,0.3780056
story_reviews_00269,Forget cribs. A cardboard box may be the safest place for your baby to sleep,Forget cribs. A cardboard box may be the safest place for your baby to sleep,1,Real,3,HealthStory,0.37771285
story_reviews_00601,Surgery-free option for appendicitis could become norm,Surgery-free option for appendicitis could become norm,1,Real,4,HealthStory,0.37755653
story_reviews_01350,Aspirin May Cut Prostate Cancer Deaths,Aspirin May Cut Prostate Cancer Deaths,1,Real,3,HealthStory,0.3773431
story_reviews_00075,Earlier Mammograms May Mean Less Need for Aggressive Treatments,Earlier Mammograms May Mean Less Need for Aggressive Treatments,1,Real,4,HealthStory,0.37730727
story_reviews_00060,One Blood Test Might Be Enough to Diagnose Diabetes,One Blood Test Might Be Enough to Diagnose Diabetes,1,Real,3,HealthStory,0.37715948
story_reviews_00516,Brain tumor breached with ultrasound in medical first,Brain tumor breached with ultrasound in medical first,1,Real,3,HealthStory,0.37697142
story_reviews_00925,Tiny electrical shocks to the brain enhance memory: study,Tiny electrical shocks to the brain enhance memory: study,1,Real,4,HealthStory,0.37689602
story_reviews_00466,"Mindful meditation may be the answer to relieving chronic back pain, study suggests","Mindful meditation may be the answer to relieving chronic back pain, study suggests",1,Real,4,HealthStory,0.37650412
story_reviews_00759,Drug Is Shown to Help Pancreatic Cancer Cases,Drug Is Shown to Help Pancreatic Cancer Cases,1,Real,5,HealthStory,0.3763526
story_reviews_01299,FDA Questions Using Avodart to Cut Prostate Cancer Risk,FDA Questions Using Avodart to Cut Prostate Cancer Risk,1,Real,3,HealthStory,0.37617502
story_reviews_01615,New Way to Treat Inoperable Lung Cancer,New Way to Treat Inoperable Lung Cancer,1,Real,3,HealthStory,0.3761125
story_reviews_00833,Daily Aspirin May Reduce Risk of Cancer Death,Daily Aspirin May Reduce Risk of Cancer Death,1,Real,4,HealthStory,0.37553784
story_reviews_00010,"Potential life-saving peanut allergy drug on horizon, scientists say","Potential life-saving peanut allergy drug on horizon, scientists say",0,Fake,2,HealthStory,0.37550455
story_reviews_01204,Popular Bone Drugs Linked to Reduced Colon Cancer Risk,Popular Bone Drugs Linked to Reduced Colon Cancer Risk,1,Real,3,HealthStory,0.37547055
story_reviews_00890,Bypass Less Risky Than Stent Use Over Long Term,Bypass Less Risky Than Stent Use Over Long Term,1,Real,5,HealthStory,0.37510657
story_reviews_01097,Can Crotch Length Predict Infertility in Men?,Can Crotch Length Predict Infertility in Men?,1,Real,3,HealthStory,0.37481776
story_reviews_01009,Electronic Nose Sniffs Out Heart Failure,Electronic Nose Sniffs Out Heart Failure,1,Real,3,HealthStory,0.3747809
story_reviews_01000,Study finds early potential in GSK leukaemia drug,Study finds early potential in GSK leukaemia drug,0,Fake,1,HealthStory,0.3743832
story_reviews_00746,"Therapy often as good as surgery for knees, study finds","Therapy often as good as surgery for knees, study finds",1,Real,4,HealthStory,0.3742676
story_reviews_00912,Experimental Drug Shows Promise Against Type 2 Diabetes,Experimental Drug Shows Promise Against Type 2 Diabetes,1,Real,4,HealthStory,0.37389606
story_reviews_00950,Study Looks at Deep Brain Stimulation in Bipolar Patients,Study Looks at Deep Brain Stimulation in Bipolar Patients,1,Real,4,HealthStory,0.37379557
story_reviews_01557,New Hope for Early Detection of Autism,New Hope for Early Detection of Autism,1,Real,3,HealthStory,0.37300453
story_reviews_01185,Pill For Cystic Fibrosis Beats Expectations,Pill For Cystic Fibrosis Beats Expectations,1,Real,4,HealthStory,0.3729445
story_reviews_00438,What Teen Girls Should Eat to Reduce Breast Cancer Risk,What Teen Girls Should Eat to Reduce Breast Cancer Risk,1,Real,3,HealthStory,0.37274265
story_reviews_01526,Lots of Coffee Lowers Oral Cancer Risk,Lots of Coffee Lowers Oral Cancer Risk,0,Fake,1,HealthStory,0.37271675
story_reviews_00153,New Treatment for Fibroids Without Surgery,New Treatment for Fibroids Without Surgery,1,Real,4,HealthStory,0.37266198
story_reviews_00974,New Drug Shows Promise Against Huntington's Disease,New Drug Shows Promise Against Huntington's Disease,1,Real,3,HealthStory,0.37251446
story_reviews_00470,No-Drill Dentistry: Fluoride Treatments Can Prevent Cavities In Adults,No-Drill Dentistry: Fluoride Treatments Can Prevent Cavities In Adults,1,Real,4,HealthStory,0.37222165
story_reviews_01523,Promise Seen for Detection of Alzheimer’s,Promise Seen for Detection of Alzheimer’s,1,Real,3,HealthStory,0.37200657
story_reviews_00916,New Mammogram Benefits for Women in Their 40s,New Mammogram Benefits for Women in Their 40s,0,Fake,2,HealthStory,0.37194753
story_reviews_01272,Brain Scans Predict Dyslexia Improvements,Brain Scans Predict Dyslexia Improvements,0,Fake,1,HealthStory,0.37185648
story_reviews_00199,Laser Therapy Shows Promise Against Eye 'Floaters',Laser Therapy Shows Promise Against Eye 'Floaters',1,Real,3,HealthStory,0.37177038
story_reviews_00201,New Heart Imaging Method May Predict Heart Attacks,New Heart Imaging Method May Predict Heart Attacks,0,Fake,2,HealthStory,0.37166816
story_reviews_01280,Acupuncture May Help Lazy Eye,Acupuncture May Help Lazy Eye,1,Real,3,HealthStory,0.37146762
story_reviews_01224,Doctor Challenges Cause Of MS And Treatment,Doctor Challenges Cause Of MS And Treatment,1,Real,3,HealthStory,0.37136957
story_reviews_01380,Study Finds Hormone Therapy Helpful For Cystic Fibrosis,Study Finds Hormone Therapy Helpful For Cystic Fibrosis,1,Real,3,HealthStory,0.37135893
story_reviews_01122,Pushing Limits of New Knees,Pushing Limits of New Knees,1,Real,3,HealthStory,0.37129015
story_reviews_00055,"Flu drug, taken in single dose, could upend treatment if approved in U.S.","Flu drug, taken in single dose, could upend treatment if approved in U.S.",1,Real,4,HealthStory,0.37128264
story_reviews_00184,A New Therapy May Cure Kids of Peanut Allergy,A New Therapy May Cure Kids of Peanut Allergy,0,Fake,2,HealthStory,0.37103865
story_reviews_01220,HPV Shot Prevents Genital Warts in Boys and Men,HPV Shot Prevents Genital Warts in Boys and Men,1,Real,3,HealthStory,0.3710001
story_reviews_00892,Bypass Surgery Edges Stents For Heart Treatment,Bypass Surgery Edges Stents For Heart Treatment,1,Real,4,HealthStory,0.37094077
story_reviews_01636,"Aspirin might reduce recurrence risk for breast cancer survivors, study finds","Aspirin might reduce recurrence risk for breast cancer survivors, study finds",1,Real,5,HealthStory,0.3708024
story_reviews_00345,Powerful MS Drug Used Early May Reverse Some Disability,Powerful MS Drug Used Early May Reverse Some Disability,1,Real,3,HealthStory,0.37076283
story_reviews_01284,Study: Aspirin Cuts Deaths From Cancers,Study: Aspirin Cuts Deaths From Cancers,1,Real,4,HealthStory,0.3707219
story_reviews_00009,"Peanut allergy experimental treatment helps 2 out of 3 sufferers, study finds","Peanut allergy experimental treatment helps 2 out of 3 sufferers, study finds",1,Real,5,HealthStory,0.37036952
story_reviews_01206,Berries May Ward Off Parkinson’s Disease,Berries May Ward Off Parkinson’s Disease,0,Fake,1,HealthStory,0.37008262
story_reviews_01635,Acupuncture Eases Depression in Pregnancy,Acupuncture Eases Depression in Pregnancy,0,Fake,1,HealthStory,0.36993155
story_reviews_00502,"New class of blood pressure meds as effective as old, analysis shows","New class of blood pressure meds as effective as old, analysis shows",1,Real,4,HealthStory,0.36984828
story_reviews_00800,"You are getting cooler: Hypnosis works for hot flashes, study finds","You are getting cooler: Hypnosis works for hot flashes, study finds",1,Real,3,HealthStory,0.36923832
story_reviews_00754,Omega-6 Fats Linked to Increased Risk of Heart Disease,Omega-6 Fats Linked to Increased Risk of Heart Disease,1,Real,3,HealthStory,0.36909625
story_reviews_00152,Blood Thinners May Also Protect Brains of A-Fib Patients,Blood Thinners May Also Protect Brains of A-Fib Patients,0,Fake,2,HealthStory,0.368957
story_reviews_01619,Onion Cream Treats New Stretch Marks,Onion Cream Treats New Stretch Marks,1,Real,3,HealthStory,0.36864665
story_reviews_00434,"Magic mushroom ingredient may ease severe depression, study suggests","Magic mushroom ingredient may ease severe depression, study suggests",1,Real,3,HealthStory,0.36861897
story_reviews_00007,Cure For Cancer? FDA Announces New Aggressive Drug Attacking Originating Genes,Cure For Cancer? FDA Announces New Aggressive Drug Attacking Originating Genes,0,Fake,1,HealthStory,0.36825192
story_reviews_00822,New Melanoma Treatment Might Delay Cancer Progression,New Melanoma Treatment Might Delay Cancer Progression,1,Real,3,HealthStory,0.36810353
story_reviews_01327,"Topical rub eases kids' cold symptoms, study says","Topical rub eases kids' cold symptoms, study says",1,Real,4,HealthStory,0.36799806
story_reviews_00178,Laughing gas makes a comeback as painkiller in ambulances,Laughing gas makes a comeback as painkiller in ambulances,1,Real,3,HealthStory,0.36792618
story_reviews_01601,Avodart May Lower Prostate Cancer Risk,Avodart May Lower Prostate Cancer Risk,1,Real,5,HealthStory,0.36778402
story_reviews_00239,Spit Test May Reveal The Severity Of A Child's Concussion,Spit Test May Reveal The Severity Of A Child's Concussion,1,Real,3,HealthStory,0.36776814
story_reviews_00528,The flu vaccine isn't perfect — but that doesn't mean you should skip the shot,The flu vaccine isn't perfect — but that doesn't mean you should skip the shot,1,Real,5,HealthStory,0.36769864
story_reviews_01444,First Biosynthetic Corneas Implanted,First Biosynthetic Corneas Implanted,1,Real,5,HealthStory,0.3674019
story_reviews_00259,Mood-Boosting Magnets Might Help Treat Depression,Mood-Boosting Magnets Might Help Treat Depression,0,Fake,2,HealthStory,0.367317
story_reviews_00278,New Drugs May Stop Migraines Before They Start,New Drugs May Stop Migraines Before They Start,1,Real,3,HealthStory,0.36726707
story_reviews_00087,"Boomers are going bionic, and they want joint replacements to let them do it all","Boomers are going bionic, and they want joint replacements to let them do it all",1,Real,3,HealthStory,0.36699903
story_reviews_00144,"Some opioid addiction drugs harder to start than others, study finds","Some opioid addiction drugs harder to start than others, study finds",1,Real,3,HealthStory,0.36689356
story_reviews_01669,New Anticlotting Drug Beats Plavix,New Anticlotting Drug Beats Plavix,1,Real,4,HealthStory,0.36687088
story_reviews_01432,"Arthroscopic rotator cuff surgery might benefit older people, study finds","Arthroscopic rotator cuff surgery might benefit older people, study finds",0,Fake,1,HealthStory,0.36670393
story_reviews_01360,New Views on Frequency of Osteoporosis Screening,New Views on Frequency of Osteoporosis Screening,1,Real,3,HealthStory,0.36669976
story_reviews_00455,"Many women could benefit from earlier mammograms, analysis finds","Many women could benefit from earlier mammograms, analysis finds",0,Fake,2,HealthStory,0.36661664
story_reviews_00789,"Meditation Might Cut Risk of Heart Attack, Stroke in Blacks","Meditation Might Cut Risk of Heart Attack, Stroke in Blacks",1,Real,4,HealthStory,0.3665295
story_reviews_01550,Laser Used to Blast Away Cells Causing Irregular Heartbeat,Laser Used to Blast Away Cells Causing Irregular Heartbeat,0,Fake,1,HealthStory,0.36645228
story_reviews_00871,Egg producers fund study confirming the health benefits of eggs,Egg producers fund study confirming the health benefits of eggs,0,Fake,1,HealthStory,0.36642835
story_reviews_00265,"Web-based counseling reduces blood pressure, according to a new study","Web-based counseling reduces blood pressure, according to a new study",1,Real,4,HealthStory,0.36639774
story_reviews_00816,Alzheimer's Drug Slows Memory Decline,Alzheimer's Drug Slows Memory Decline,1,Real,4,HealthStory,0.36635816
story_reviews_00008,"Researcher: Alzheimer's vaccine could cut dementia in half, human trials may be next","Researcher: Alzheimer's vaccine could cut dementia in half, human trials may be next",1,Real,3,HealthStory,0.36602715
story_reviews_00261,Training Your Brain So That You Don’t Need Reading Glasses,Training Your Brain So That You Don’t Need Reading Glasses,1,Real,5,HealthStory,0.3657632
story_reviews_00272,Eating More — Or Less — Of 10 Foods May Cut Risk Of Early Death,Eating More — Or Less — Of 10 Foods May Cut Risk Of Early Death,1,Real,4,HealthStory,0.3657234
story_reviews_01132,New Pill for MS Shows Promise in Clinical Trial,New Pill for MS Shows Promise in Clinical Trial,1,Real,4,HealthStory,0.3654483
story_reviews_01369,Drug Extends Prostate Cancer Survival,Drug Extends Prostate Cancer Survival,0,Fake,1,HealthStory,0.36516687
story_reviews_01013,Nonalcoholic Beer Aids Marathon Recovery,Nonalcoholic Beer Aids Marathon Recovery,0,Fake,2,HealthStory,0.36511418
story_reviews_01050,"Silicone Breast Implants: Safe, With Caveats","Silicone Breast Implants: Safe, With Caveats",1,Real,3,HealthStory,0.36504686
story_reviews_01415,No Cure For Morning Sickness Just Yet,No Cure For Morning Sickness Just Yet,1,Real,4,HealthStory,0.36501443
story_reviews_00649,Men Are New Target for Osteoporosis Treatment,Men Are New Target for Osteoporosis Treatment,1,Real,3,HealthStory,0.364935
story_reviews_00486,Using a Mother’s Microbes to Protect Cesarean Babies,Using a Mother’s Microbes to Protect Cesarean Babies,1,Real,5,HealthStory,0.36484674
story_reviews_00068,Newly Identified Form of Vertigo Responds to Treatment,Newly Identified Form of Vertigo Responds to Treatment,0,Fake,1,HealthStory,0.3645335
story_reviews_01051,Higher Folic Acid Levels in Teens Tied to Academic Success,Higher Folic Acid Levels in Teens Tied to Academic Success,1,Real,3,HealthStory,0.36445525
story_reviews_00917,Fish Help Reduce Risk of One Kind of Colon Polyp in Women,Fish Help Reduce Risk of One Kind of Colon Polyp in Women,0,Fake,2,HealthStory,0.36419186
story_reviews_00971,Shot Might One Day Help Lower Cholesterol,Shot Might One Day Help Lower Cholesterol,1,Real,3,HealthStory,0.36398342
story_reviews_00678,'Mindfulness' May Help Ease Sleep Problems for Seniors,'Mindfulness' May Help Ease Sleep Problems for Seniors,1,Real,5,HealthStory,0.36383486
story_reviews_00937,Novel Stem Cell Treatment May Hold Promise for Type 1 Diabetes,Novel Stem Cell Treatment May Hold Promise for Type 1 Diabetes,1,Real,3,HealthStory,0.3635019
story_reviews_01354,Vitamin B12 Linked to Lower Alzheimer’s Risk,Vitamin B12 Linked to Lower Alzheimer’s Risk,0,Fake,2,HealthStory,0.36345646
story_reviews_00685,It’s Hard To Know Where Gluten Sensitivity Stops And The Placebo Effect Begins,It’s Hard To Know Where Gluten Sensitivity Stops And The Placebo Effect Begins,1,Real,4,HealthStory,0.36329377
story_reviews_01667,Immune Response Better With Skin Scratch Vaccination,Immune Response Better With Skin Scratch Vaccination,0,Fake,1,HealthStory,0.36314687
story_reviews_00856,Type 1 Diabetes: Experimental Stem Cell Treatment Tested,Type 1 Diabetes: Experimental Stem Cell Treatment Tested,1,Real,4,HealthStory,0.36310452
story_reviews_00127,Research: Mild Cognitive Impairment Patients Should Exercise Twice a Week,Research: Mild Cognitive Impairment Patients Should Exercise Twice a Week,1,Real,3,HealthStory,0.36295432
story_reviews_00219,Tweaking brains with ‘smart drugs’ to get ahead in Silicon Valley,Tweaking brains with ‘smart drugs’ to get ahead in Silicon Valley,1,Real,3,HealthStory,0.36292177
story_reviews_00171,New Product Is First to Claim It May Reduce Peanut Allergies,New Product Is First to Claim It May Reduce Peanut Allergies,1,Real,5,HealthStory,0.3628672
story_reviews_00838,Study: PSA Testing Cuts Worst Prostate Cancers,Study: PSA Testing Cuts Worst Prostate Cancers,1,Real,4,HealthStory,0.36286175
story_reviews_00955,Brain stimulation may help some stroke patients,Brain stimulation may help some stroke patients,1,Real,5,HealthStory,0.36269176
story_reviews_00104,Google Retinal Scans Can Predict if You Will Have a Heart Attack,Google Retinal Scans Can Predict if You Will Have a Heart Attack,0,Fake,2,HealthStory,0.36240286
story_reviews_00227,"Cannabidiol slashes seizures in kids with rare epilepsy, study finds","Cannabidiol slashes seizures in kids with rare epilepsy, study finds",1,Real,5,HealthStory,0.361911
story_reviews_00040,Breast Cancer Drug Promising in Phase 3 Trial,Breast Cancer Drug Promising in Phase 3 Trial,1,Real,3,HealthStory,0.36176747
story_reviews_01431,Diabetes Drug Metformin Linked to Lower Lung Cancer Rate in Mice,Diabetes Drug Metformin Linked to Lower Lung Cancer Rate in Mice,1,Real,5,HealthStory,0.36138922
story_reviews_00977,Study Weakens Case for Preventive Mastectomy,Study Weakens Case for Preventive Mastectomy,1,Real,5,HealthStory,0.36112747
story_reviews_00535,Health Buzz: Dried Plums May Reduce Colon Cancer Risk,Health Buzz: Dried Plums May Reduce Colon Cancer Risk,0,Fake,1,HealthStory,0.36093423
story_reviews_00302,"Weekend workouts can benefit health as much as regular exercise, say researchers","Weekend workouts can benefit health as much as regular exercise, say researchers",1,Real,4,HealthStory,0.36083046
story_reviews_00898,Topical Gel Treats Precancerous Skin Condition,Topical Gel Treats Precancerous Skin Condition,0,Fake,1,HealthStory,0.3607214
story_reviews_00019,3-Drug Therapy Might Be Cystic Fibrosis 'Breakthrough',3-Drug Therapy Might Be Cystic Fibrosis 'Breakthrough',1,Real,3,HealthStory,0.36066732
story_reviews_00352,How to heal head injuries? Try new app,How to heal head injuries? Try new app,1,Real,3,HealthStory,0.3605831
story_reviews_01392,A Genetic Test for Prospective Parents,A Genetic Test for Prospective Parents,1,Real,3,HealthStory,0.36046955
story_reviews_00180,A New Drug Lowers Risk of Heart Attack and Cancer,A New Drug Lowers Risk of Heart Attack and Cancer,1,Real,3,HealthStory,0.36004448
story_reviews_01242,Study: Antibiotics Defeat Ear Infections In Kids,Study: Antibiotics Defeat Ear Infections In Kids,1,Real,4,HealthStory,0.35994655
story_reviews_01066,Olive Oil Linked to Reduced Stroke Risk,Olive Oil Linked to Reduced Stroke Risk,1,Real,5,HealthStory,0.3595999
story_reviews_00174,"Statins cut the risk of heart disease death by 28% among men, study shows","Statins cut the risk of heart disease death by 28% among men, study shows",0,Fake,2,HealthStory,0.3593266
story_reviews_01435,Low-Dose Omega-3 Fatty Acids Don't Protect Heart Patients,Low-Dose Omega-3 Fatty Acids Don't Protect Heart Patients,1,Real,4,HealthStory,0.35927698
story_reviews_00968,Light Boxes May Help Melt Those Winter Blues,Light Boxes May Help Melt Those Winter Blues,1,Real,3,HealthStory,0.35869205
story_reviews_00151,Can Vitamin A Help With My COPD?,Can Vitamin A Help With My COPD?,1,Real,4,HealthStory,0.35851038
story_reviews_00763,Eating Berries Linked to Lower Heart-Disease Risk Among Women,Eating Berries Linked to Lower Heart-Disease Risk Among Women,1,Real,3,HealthStory,0.35848475
story_reviews_00507,"Women with Stage 4 breast cancer survive longer if they have surgery, study shows","Women with Stage 4 breast cancer survive longer if they have surgery, study shows",1,Real,4,HealthStory,0.35838357
story_reviews_01383,IUD Proposed to Treat Uterine Cancer,IUD Proposed to Treat Uterine Cancer,1,Real,5,HealthStory,0.3583476
story_reviews_00622,"For Headaches, A Lifestyle Change May Be Better Than A Doctor Visit","For Headaches, A Lifestyle Change May Be Better Than A Doctor Visit",0,Fake,2,HealthStory,0.35831532
story_reviews_00421,Stem Cells May Safely Restore Motor Function In Patients Suffering From Disabilities After Stroke,Stem Cells May Safely Restore Motor Function In Patients Suffering From Disabilities After Stroke,1,Real,3,HealthStory,0.35824692
story_reviews_00457,Using Vegetable Oils to Lower Cholesterol May Not Improve Longevity,Using Vegetable Oils to Lower Cholesterol May Not Improve Longevity,1,Real,5,HealthStory,0.35813287
story_reviews_01082,Study Suggests Special MRI Might Help Diagnose Autism,Study Suggests Special MRI Might Help Diagnose Autism,1,Real,4,HealthStory,0.35799864
story_reviews_00539,Combination Drug May Ease the Agitation of Alzheimer’s,Combination Drug May Ease the Agitation of Alzheimer’s,1,Real,3,HealthStory,0.35785142
story_reviews_01114,Potential Parkinson's Treatment Explored,Potential Parkinson's Treatment Explored,1,Real,5,HealthStory,0.35752514
story_reviews_00531,Ovarian Tissue Transplant Can Help Some Women Have Kids After Cancer Treatment,Ovarian Tissue Transplant Can Help Some Women Have Kids After Cancer Treatment,1,Real,4,HealthStory,0.3574266
story_reviews_01129,Experts Debate Benefits of Prostate Cancer Tests at Any Age,Experts Debate Benefits of Prostate Cancer Tests at Any Age,1,Real,4,HealthStory,0.35729617
story_reviews_01473,Spinal Fluid Test May Diagnose Alzheimer's,Spinal Fluid Test May Diagnose Alzheimer's,1,Real,3,HealthStory,0.35726032
story_reviews_01692,Radiation From CT Scans May Raise Cancer Risk,Radiation From CT Scans May Raise Cancer Risk,1,Real,4,HealthStory,0.3572232
story_reviews_00160,"In a First, Gene Therapy Halts a Fatal Brain Disease","In a First, Gene Therapy Halts a Fatal Brain Disease",1,Real,4,HealthStory,0.3570822
story_reviews_00138,"Migraine drug could halve the length of attacks, study shows","Migraine drug could halve the length of attacks, study shows",0,Fake,2,HealthStory,0.3569987
story_reviews_00591,Heart Association's Stroke Guidelines Support Clot-Removing Device,Heart Association's Stroke Guidelines Support Clot-Removing Device,1,Real,4,HealthStory,0.35699794
story_reviews_01693,Targeted Breast Cancer Drug Shrinks Tumors,Targeted Breast Cancer Drug Shrinks Tumors,0,Fake,2,HealthStory,0.3568935
story_reviews_01128,Latest Artificial Pancreas Trials Reduce Risk of Low Blood Sugar,Latest Artificial Pancreas Trials Reduce Risk of Low Blood Sugar,0,Fake,2,HealthStory,0.3568654
story_reviews_00158,Breast Cancer Screenings Still Best for Early Detection,Breast Cancer Screenings Still Best for Early Detection,0,Fake,2,HealthStory,0.35681704
story_reviews_00523,IUDs and Hormonal Implants Remain Underused Contraceptives,IUDs and Hormonal Implants Remain Underused Contraceptives,1,Real,5,HealthStory,0.35675174
story_reviews_00215,Acupuncture May Be Effective Painkiller in the ER,Acupuncture May Be Effective Painkiller in the ER,0,Fake,2,HealthStory,0.35671705
story_reviews_01139,Aspirin Linked to Lower Pancreatic Cancer Risk,Aspirin Linked to Lower Pancreatic Cancer Risk,0,Fake,0,HealthStory,0.35656485
story_reviews_00908,Omega-3 Fatty Acids May Protect the Aging Brain,Omega-3 Fatty Acids May Protect the Aging Brain,1,Real,4,HealthStory,0.3565165
story_reviews_01346,Bitter Taste Receptors Found in Lungs May Aid Asthma Patients,Bitter Taste Receptors Found in Lungs May Aid Asthma Patients,0,Fake,0,HealthStory,0.3563843
story_reviews_01090,Selenium Supplements Might Give Modest Benefit Against Cholesterol,Selenium Supplements Might Give Modest Benefit Against Cholesterol,1,Real,4,HealthStory,0.35600218
story_reviews_00745,"Women who ate more soy survive lung cancer better, study finds","Women who ate more soy survive lung cancer better, study finds",1,Real,3,HealthStory,0.35599217
story_reviews_01459,Tai Chi May Help Ease Fibromyalgia,Tai Chi May Help Ease Fibromyalgia,0,Fake,2,HealthStory,0.3559826
story_reviews_01167,How To Beat Sleep Apnea? Cut It Out (Surgically),How To Beat Sleep Apnea? Cut It Out (Surgically),1,Real,3,HealthStory,0.35569644
story_reviews_00339,Mail-Order Tests Check Cells for Signs of Early Aging,Mail-Order Tests Check Cells for Signs of Early Aging,1,Real,3,HealthStory,0.35569534
story_reviews_00342,Omega 3 Fats May Help Fertility,Omega 3 Fats May Help Fertility,0,Fake,2,HealthStory,0.3553907
story_reviews_00859,New Epilepsy Tactic: Fight Inflammation,New Epilepsy Tactic: Fight Inflammation,1,Real,3,HealthStory,0.35536125
story_reviews_01584,New Test May Predict Prostate Cancer's Aggressiveness,New Test May Predict Prostate Cancer's Aggressiveness,0,Fake,2,HealthStory,0.35493195
story_reviews_01040,"New Device Reduces Seizures, No Surgery Required","New Device Reduces Seizures, No Surgery Required",0,Fake,2,HealthStory,0.35475245
story_reviews_00374,What is melatonin and can it help me sleep?,What is melatonin and can it help me sleep?,1,Real,5,HealthStory,0.35465246
story_reviews_01429,Preventive Surgeries May Be Lifesaver for Women at High Cancer Risk,Preventive Surgeries May Be Lifesaver for Women at High Cancer Risk,1,Real,3,HealthStory,0.35456192
story_reviews_01165,A Touch of Massage Therapy,A Touch of Massage Therapy,1,Real,4,HealthStory,0.3544057
story_reviews_00051,A Simple Emergency Room Intervention Can Help Cut Suicide Risk,A Simple Emergency Room Intervention Can Help Cut Suicide Risk,1,Real,3,HealthStory,0.35412663
story_reviews_01645,Zap or Chill? Targeting Fat Without Surgery,Zap or Chill? Targeting Fat Without Surgery,1,Real,4,HealthStory,0.35400197
story_reviews_00233,New Technology May Help Ease Sleep Apnea,New Technology May Help Ease Sleep Apnea,1,Real,3,HealthStory,0.3539498
story_reviews_00778,Extended Use of Breast Cancer Drug Suggested,Extended Use of Breast Cancer Drug Suggested,1,Real,5,HealthStory,0.3537946
story_reviews_01574,Positive Results in a Test for a Genentech Eye Treatment,Positive Results in a Test for a Genentech Eye Treatment,1,Real,5,HealthStory,0.3536672
story_reviews_01613,"Triumph for Xiaflex, Drug to Straighten Clenched Fingers","Triumph for Xiaflex, Drug to Straighten Clenched Fingers",1,Real,5,HealthStory,0.35365605
story_reviews_00996,"Chocolate lovers have fewer strokes, study finds","Chocolate lovers have fewer strokes, study finds",1,Real,5,HealthStory,0.35362852
story_reviews_00579,Prenatal Blood Tests Could Detect Cancer in Mothers,Prenatal Blood Tests Could Detect Cancer in Mothers,1,Real,5,HealthStory,0.3535648
story_reviews_00222,Does chondroitin trump an anti-inflammatory for arthritic knee pain?,Does chondroitin trump an anti-inflammatory for arthritic knee pain?,1,Real,3,HealthStory,0.35312995
story_reviews_00173,Fecal Occult Stool Tests for Colorectal Cancer Screening,Fecal Occult Stool Tests for Colorectal Cancer Screening,1,Real,3,HealthStory,0.3528205
story_reviews_01291,Gene Therapy Corrected Rare Bleeding Disorder: Study,Gene Therapy Corrected Rare Bleeding Disorder: Study,1,Real,4,HealthStory,0.35279942
story_reviews_00536,New Support for Home Births,New Support for Home Births,1,Real,4,HealthStory,0.35273734
story_reviews_00623,Premature Babies May Benefit From Intensive-Care Treatment,Premature Babies May Benefit From Intensive-Care Treatment,1,Real,5,HealthStory,0.35261837
story_reviews_00942,"Nicotine patches, gum don’t prevent relapse, study finds","Nicotine patches, gum don’t prevent relapse, study finds",1,Real,3,HealthStory,0.35243568
story_reviews_01334,MRI Images May Pinpoint Time of Stroke,MRI Images May Pinpoint Time of Stroke,1,Real,4,HealthStory,0.35234258
story_reviews_01366,Study Points to New Prostate Drug,Study Points to New Prostate Drug,1,Real,3,HealthStory,0.35216862
story_reviews_00992,Annual Mammograms May Have More False-Positives,Annual Mammograms May Have More False-Positives,1,Real,3,HealthStory,0.3521684
story_reviews_00116,Could hyperbaric treatment heal the brain?,Could hyperbaric treatment heal the brain?,1,Real,3,HealthStory,0.35212165
story_reviews_00705,DNA Blood Test Gives Women A New Option For Prenatal Screening,DNA Blood Test Gives Women A New Option For Prenatal Screening,1,Real,4,HealthStory,0.35149872
story_reviews_01610,Plavix Can Help Cut Death Risk in Certain Heart Patients,Plavix Can Help Cut Death Risk in Certain Heart Patients,0,Fake,2,HealthStory,0.35110864
story_reviews_00965,Eating Fish May Be Good for Brain Health,Eating Fish May Be Good for Brain Health,1,Real,4,HealthStory,0.35107896
story_reviews_00724,How Exercise Keeps Us Young,How Exercise Keeps Us Young,1,Real,3,HealthStory,0.35090873
story_reviews_00118,"Sleep apnea patient finds rest with implant device: ""It saved my life""","Sleep apnea patient finds rest with implant device: ""It saved my life""",0,Fake,1,HealthStory,0.3507641
story_reviews_01606,New Approach to Cataract Surgery Using Infrared Laser,New Approach to Cataract Surgery Using Infrared Laser,0,Fake,2,HealthStory,0.35040247
story_reviews_00597,Blood Test Might Detect Deadly Pancreatic Cancer in Early Stages,Blood Test Might Detect Deadly Pancreatic Cancer in Early Stages,0,Fake,2,HealthStory,0.3502831
story_reviews_01289,Daily Aspirin Linked to Steep Drop in Cancer Risk,Daily Aspirin Linked to Steep Drop in Cancer Risk,1,Real,3,HealthStory,0.34989414
story_reviews_00301,Is Coffee Bad? How Caffeine Might Slow Down Aging,Is Coffee Bad? How Caffeine Might Slow Down Aging,0,Fake,1,HealthStory,0.34988067
story_reviews_01115,Test of Eye Drug Is Said to Show Success in Elderly,Test of Eye Drug Is Said to Show Success in Elderly,1,Real,4,HealthStory,0.34973982
story_reviews_01616,Newer Genetic Test for Autism More Effective,Newer Genetic Test for Autism More Effective,1,Real,4,HealthStory,0.34964964
story_reviews_01495,Can Ecstasy help ease post-traumatic stress?,Can Ecstasy help ease post-traumatic stress?,0,Fake,2,HealthStory,0.34963217
story_reviews_01143,Regular Fasting May Boost Heart Health,Regular Fasting May Boost Heart Health,0,Fake,2,HealthStory,0.3495036
story_reviews_00037,The Scan That Saved My Life,The Scan That Saved My Life,0,Fake,2,HealthStory,0.3494774
story_reviews_00529,"Cheers! For those managing diabetes, wine can help, study says","Cheers! For those managing diabetes, wine can help, study says",1,Real,3,HealthStory,0.34917414
story_reviews_01145,Can painkillers prevent melanoma?,Can painkillers prevent melanoma?,1,Real,5,HealthStory,0.34916836
story_reviews_00409,Can memory loss in Alzheimer's patients be reversed?,Can memory loss in Alzheimer's patients be reversed?,0,Fake,2,HealthStory,0.34908736
story_reviews_00953,New Blood Test May Rule Out Heart Attacks More Quickly,New Blood Test May Rule Out Heart Attacks More Quickly,0,Fake,2,HealthStory,0.34889188
story_reviews_01033,Blood Test May Spot Alzheimer's Before Symptoms Appear,Blood Test May Spot Alzheimer's Before Symptoms Appear,1,Real,4,HealthStory,0.34882995
story_reviews_01333,Beet Juice Good for Brain,Beet Juice Good for Brain,0,Fake,2,HealthStory,0.34875473
story_reviews_01088,Pills Offer Easier Way to Treat MS,Pills Offer Easier Way to Treat MS,1,Real,4,HealthStory,0.34862268
story_reviews_00551,Psychedelics Promise a ‘Paradigm Shift’ in Treating Mental Illness,Psychedelics Promise a ‘Paradigm Shift’ in Treating Mental Illness,1,Real,3,HealthStory,0.3485202
story_reviews_00787,Nanoparticles Show Potential for Treating MS,Nanoparticles Show Potential for Treating MS,1,Real,3,HealthStory,0.3484994
story_reviews_00857,Drinking Coffee May Delay Alzheimer’s Disease,Drinking Coffee May Delay Alzheimer’s Disease,1,Real,3,HealthStory,0.3483897
story_reviews_00982,Experimental Drug May Help Treat Psoriasis,Experimental Drug May Help Treat Psoriasis,1,Real,3,HealthStory,0.3479662
story_reviews_00117,New Findings Could Save Lives of More Stroke Patients,New Findings Could Save Lives of More Stroke Patients,1,Real,3,HealthStory,0.34793198
story_reviews_01233,Coconuts are busting out all over,Coconuts are busting out all over,0,Fake,1,HealthStory,0.34785587
story_reviews_00703,Breathing for Your Better Health,Breathing for Your Better Health,0,Fake,2,HealthStory,0.347844
story_reviews_01586,Drug for Immune Disorders Helps Alzheimer's,Drug for Immune Disorders Helps Alzheimer's,1,Real,4,HealthStory,0.3475851
story_reviews_00005,"Before Starting A Statin, Talk It Over With Your Doctor","Before Starting A Statin, Talk It Over With Your Doctor",1,Real,4,HealthStory,0.34754953
story_reviews_00900,Can Statins Prevent Parkinson's Disease?,Can Statins Prevent Parkinson's Disease?,1,Real,3,HealthStory,0.34754255
story_reviews_00970,Stem Cells Repair Heart in First-Ever Study,Stem Cells Repair Heart in First-Ever Study,1,Real,3,HealthStory,0.34752807
story_reviews_00061,16:8 Fasting Diet Linked to Weight Loss and Health Benefits in Study,16:8 Fasting Diet Linked to Weight Loss and Health Benefits in Study,1,Real,3,HealthStory,0.34735337
story_reviews_01427,Breast Removal Reduces Cancer Risk In Some Women,Breast Removal Reduces Cancer Risk In Some Women,0,Fake,2,HealthStory,0.34727892
story_reviews_00309,Heart Failure Drug Shows Promise in First Human Trial,Heart Failure Drug Shows Promise in First Human Trial,1,Real,4,HealthStory,0.3472645
story_reviews_00435,Reviving Memory With An Electrical Current,Reviving Memory With An Electrical Current,0,Fake,2,HealthStory,0.3471758
story_reviews_00367,Weight-Loss Surgery Sheds Pounds Long Term,Weight-Loss Surgery Sheds Pounds Long Term,1,Real,4,HealthStory,0.3469084
story_reviews_00612,Scientists are using herpes to treat skin cancer — and it’s working,Scientists are using herpes to treat skin cancer — and it’s working,1,Real,3,HealthStory,0.34690526
story_reviews_00616,Studies Confirm Brain Plaque Can Help Predict Alzheimer’s,Studies Confirm Brain Plaque Can Help Predict Alzheimer’s,1,Real,3,HealthStory,0.3467711
story_reviews_00411,Lung Cancer Trial Stopped After Jimmy Carter Drug Shrinks Tumors,Lung Cancer Trial Stopped After Jimmy Carter Drug Shrinks Tumors,1,Real,4,HealthStory,0.34675846
story_reviews_01579,"In Early Test, New Hepatitis C Drug Shows Promise","In Early Test, New Hepatitis C Drug Shows Promise",0,Fake,2,HealthStory,0.34639317
story_reviews_00258,Promising new lymphoma treatment gets fast-tracked by FDA,Promising new lymphoma treatment gets fast-tracked by FDA,0,Fake,2,HealthStory,0.34634623
story_reviews_00999,Drug May Reduce Plaque in Brains of Alzheimer's Patients,Drug May Reduce Plaque in Brains of Alzheimer's Patients,1,Real,4,HealthStory,0.34602907
story_reviews_00203,"Vaccine shows protection against gonorrhea for first time, study says","Vaccine shows protection against gonorrhea for first time, study says",1,Real,4,HealthStory,0.34560305
story_reviews_01406,Early Trial Suggests COPD Drug Might Help Some Asthmatics,Early Trial Suggests COPD Drug Might Help Some Asthmatics,1,Real,4,HealthStory,0.3455873
story_reviews_00177,"PSA screening for prostate cancer saves lives after all, study says","PSA screening for prostate cancer saves lives after all, study says",1,Real,3,HealthStory,0.34554338
story_reviews_00984,Yoga May Help Low Back Pain. Mental Effects? Not So Much,Yoga May Help Low Back Pain. Mental Effects? Not So Much,1,Real,3,HealthStory,0.34542245
story_reviews_00973,"Study: Vaccine for Breast, Ovarian Cancer Has Potential","Study: Vaccine for Breast, Ovarian Cancer Has Potential",1,Real,4,HealthStory,0.34528935
story_reviews_00648,"Artificial sweetener may help treat aggressive cancers, study finds","Artificial sweetener may help treat aggressive cancers, study finds",0,Fake,2,HealthStory,0.3449971
story_reviews_00506,Marijuana Chemical Shows Promise for Hard-to-Treat Epilepsy in Kids,Marijuana Chemical Shows Promise for Hard-to-Treat Epilepsy in Kids,1,Real,4,HealthStory,0.3448291
story_reviews_00731,Seeking Clues to Heart Disease in DNA of an Unlucky Family,Seeking Clues to Heart Disease in DNA of an Unlucky Family,1,Real,3,HealthStory,0.34477824
story_reviews_00641,Pregnant Women: Get More Omega-3s,Pregnant Women: Get More Omega-3s,1,Real,3,HealthStory,0.34475237
story_reviews_00124,Bariatric Surgery Helps Teens With Severe Obesity Reduce Heart Disease Risk,Bariatric Surgery Helps Teens With Severe Obesity Reduce Heart Disease Risk,1,Real,4,HealthStory,0.34469318
story_reviews_00664,Walk A Little Faster To Get The Most Out of Your Exercise Time,Walk A Little Faster To Get The Most Out of Your Exercise Time,1,Real,4,HealthStory,0.34465536
story_reviews_01640,'Bonding' Hormone Might Help Some With Autism,'Bonding' Hormone Might Help Some With Autism,1,Real,5,HealthStory,0.3443998
story_reviews_01637,Ibuprofen May Help Stave Off Parkinson's,Ibuprofen May Help Stave Off Parkinson's,1,Real,3,HealthStory,0.34434453
story_reviews_01648,Breakthrough in Creating Artificial Pancreas,Breakthrough in Creating Artificial Pancreas,0,Fake,2,HealthStory,0.344197
story_reviews_00487,A Diet High In Fiber May Help Protect Against Breast Cancer,A Diet High In Fiber May Help Protect Against Breast Cancer,1,Real,3,HealthStory,0.34404472
story_reviews_00795,New Drug May Help Those Who Can't Take Statins,New Drug May Help Those Who Can't Take Statins,1,Real,3,HealthStory,0.34395158
story_reviews_00351,New Drug for Severe Eczema Is Successful in 2 New Trials,New Drug for Severe Eczema Is Successful in 2 New Trials,1,Real,3,HealthStory,0.34365746
story_reviews_00273,"High-intensity interval training may have anti-aging benefits, study finds","High-intensity interval training may have anti-aging benefits, study finds",0,Fake,2,HealthStory,0.3435981
story_reviews_00558,Heart Drug Linked to Extra Years for Cancer Patients,Heart Drug Linked to Extra Years for Cancer Patients,1,Real,5,HealthStory,0.3435914
story_reviews_01620,Alternative to Statins Shows Promise,Alternative to Statins Shows Promise,0,Fake,2,HealthStory,0.34357607
story_reviews_00246,New Procedure Looks Promising for Men With Enlarged Prostates,New Procedure Looks Promising for Men With Enlarged Prostates,1,Real,3,HealthStory,0.34352368
story_reviews_00966,Microwave Technique Fights Lung Tumors,Microwave Technique Fights Lung Tumors,1,Real,4,HealthStory,0.3434894
story_reviews_01083,Egg Freezing Puts The Biological Clock On Hold,Egg Freezing Puts The Biological Clock On Hold,1,Real,3,HealthStory,0.3433514
story_reviews_00267,Having Heart Surgery? Don’t Stop Your Statins,Having Heart Surgery? Don’t Stop Your Statins,1,Real,3,HealthStory,0.3433316
story_reviews_01671,Some Blood Pressure Drugs May Stave Off Dementia,Some Blood Pressure Drugs May Stave Off Dementia,1,Real,4,HealthStory,0.34331417
story_reviews_00693,How This Woman Used Yoga to Avoid Back Surgery,How This Woman Used Yoga to Avoid Back Surgery,1,Real,3,HealthStory,0.3432976
story_reviews_01649,CT Scans Deemed Best for Checking Heart Arteries,CT Scans Deemed Best for Checking Heart Arteries,0,Fake,2,HealthStory,0.34310797
story_reviews_01229,"Blocking ""rogue gene"" may stop cancer spread: study","Blocking ""rogue gene"" may stop cancer spread: study",0,Fake,2,HealthStory,0.3426767
story_reviews_01389,IUDs May Help Treat Endometrial Cancer,IUDs May Help Treat Endometrial Cancer,1,Real,4,HealthStory,0.34238315
story_reviews_00238,Can Marijuana Restore Memory? New Study Shows Cannabis Can Reverse Cognitive Decline in Mice,Can Marijuana Restore Memory? New Study Shows Cannabis Can Reverse Cognitive Decline in Mice,1,Real,4,HealthStory,0.34237885
story_reviews_00503,12 Minutes of Yoga for Bone Health,12 Minutes of Yoga for Bone Health,1,Real,4,HealthStory,0.34237733
story_reviews_00793,Good Cholesterol Infusion May Help Unclog Arteries,Good Cholesterol Infusion May Help Unclog Arteries,0,Fake,2,HealthStory,0.3423551
story_reviews_00133,"Get Active, Beat Lymphoma?","Get Active, Beat Lymphoma?",0,Fake,2,HealthStory,0.342086
story_reviews_00997,Chocolate May Cut Women's Stroke Risk,Chocolate May Cut Women's Stroke Risk,1,Real,3,HealthStory,0.3419329
story_reviews_01100,Significant Number of Medicare Patients Getting Too-Frequent Colonoscopies,Significant Number of Medicare Patients Getting Too-Frequent Colonoscopies,1,Real,4,HealthStory,0.3416655
story_reviews_01388,New Drug Helps Treatment-Resistant Arthritis,New Drug Helps Treatment-Resistant Arthritis,0,Fake,2,HealthStory,0.34157956
story_reviews_00110,This UV Lamp Could Prevent the Flu Virus From Spreading in Public Places,This UV Lamp Could Prevent the Flu Virus From Spreading in Public Places,0,Fake,2,HealthStory,0.3415297
story_reviews_00285,"Common weed could help fight deadly superbug, study finds","Common weed could help fight deadly superbug, study finds",0,Fake,2,HealthStory,0.34140062
story_reviews_00240,Arthritis Drug Shows Promise for Ulcerative Colitis,Arthritis Drug Shows Promise for Ulcerative Colitis,1,Real,5,HealthStory,0.34124136
story_reviews_00147,Blood From Young People Safe and Just Might Help Alzheimer's Patients,Blood From Young People Safe and Just Might Help Alzheimer's Patients,1,Real,3,HealthStory,0.3411629
story_reviews_00792,Centuries-Old Art of Cupping May Bring Some Pain Relief,Centuries-Old Art of Cupping May Bring Some Pain Relief,1,Real,3,HealthStory,0.34115914
story_reviews_00896,Less Invasive Hernia Procedure Easier on Patients: Study,Less Invasive Hernia Procedure Easier on Patients: Study,1,Real,4,HealthStory,0.34109175
story_reviews_00191,Novel Procedure Improves Kidney Transplant Success,Novel Procedure Improves Kidney Transplant Success,1,Real,4,HealthStory,0.34091738
story_reviews_00738,Freezing Treatment May Help Destroy Lung Tumors: Study,Freezing Treatment May Help Destroy Lung Tumors: Study,1,Real,3,HealthStory,0.3408925
story_reviews_00606,Can brain games change behaviors long term?,Can brain games change behaviors long term?,1,Real,4,HealthStory,0.34084925
story_reviews_00284,"For the Blind, an Actual-Reality Headset","For the Blind, an Actual-Reality Headset",1,Real,3,HealthStory,0.34082443
story_reviews_00945,Drug Eases Gout Flare-ups in Some Patients: Study,Drug Eases Gout Flare-ups in Some Patients: Study,0,Fake,1,HealthStory,0.34074193
story_reviews_01497,French Company Promotes Its Artificial Heart Technology,French Company Promotes Its Artificial Heart Technology,0,Fake,2,HealthStory,0.3407239
story_reviews_00807,Measuring Brain Plaques May Yield Clues to Alzheimer's Risk,Measuring Brain Plaques May Yield Clues to Alzheimer's Risk,0,Fake,0,HealthStory,0.3406475
story_reviews_01643,"Mediterranean diet may help prevent dementia, study says","Mediterranean diet may help prevent dementia, study says",1,Real,3,HealthStory,0.34040788
story_reviews_00849,Gel Shows Promise as Future Male Contraceptive,Gel Shows Promise as Future Male Contraceptive,1,Real,3,HealthStory,0.3401845
story_reviews_01691,Giving a Heart a Hand,Giving a Heart a Hand,1,Real,4,HealthStory,0.3401781
story_reviews_00785,Certain Arthritis Patients Fare Worse After Joint Replacement: Study,Certain Arthritis Patients Fare Worse After Joint Replacement: Study,0,Fake,1,HealthStory,0.34014967
story_reviews_00441,Could Nasal Spray Curtail Nighttime Bathroom Trips?,Could Nasal Spray Curtail Nighttime Bathroom Trips?,1,Real,4,HealthStory,0.33993745
story_reviews_00801,Hypnosis Halts Hot Flashes for Some Women,Hypnosis Halts Hot Flashes for Some Women,0,Fake,2,HealthStory,0.3399231
story_reviews_01260,More Than 22% of Heart-Device Implantations Aren’t In Line With Guidelines,More Than 22% of Heart-Device Implantations Aren’t In Line With Guidelines,1,Real,3,HealthStory,0.3398131
story_reviews_00149,Study Raises Questions About Stents in Some Heart Patients,Study Raises Questions About Stents in Some Heart Patients,1,Real,4,HealthStory,0.3398051
story_reviews_01521,Artificial Pancreas Continues to Show Promise,Artificial Pancreas Continues to Show Promise,0,Fake,1,HealthStory,0.33960918
story_reviews_00880,"Prostate Cancer Treatment Shows Promise in Small Study, Could Lead to Fewer Side Effects","Prostate Cancer Treatment Shows Promise in Small Study, Could Lead to Fewer Side Effects",0,Fake,1,HealthStory,0.3394947
story_reviews_01621,Cholesterol Drugs May Treat Psoriasis,Cholesterol Drugs May Treat Psoriasis,0,Fake,2,HealthStory,0.33938175
story_reviews_00044,Hepatitis-Infected Kidneys a Safe Option for Transplant: Study,Hepatitis-Infected Kidneys a Safe Option for Transplant: Study,1,Real,3,HealthStory,0.33916977
story_reviews_01483,Costly New Prostate Cancer Drug Works In Mysterious Ways,Costly New Prostate Cancer Drug Works In Mysterious Ways,1,Real,5,HealthStory,0.33916485
story_reviews_00097,"Menopause 'hot flash' medicine could cut symptom by three quarters, trial shows","Menopause 'hot flash' medicine could cut symptom by three quarters, trial shows",0,Fake,2,HealthStory,0.3390839
story_reviews_00652,A Simple 3-Part Test May Predict Alzheimer’s,A Simple 3-Part Test May Predict Alzheimer’s,1,Real,3,HealthStory,0.3390401
story_reviews_00112,Gone With A Shot? Hopeful New Signs Of Relief For Migraine Sufferers,Gone With A Shot? Hopeful New Signs Of Relief For Migraine Sufferers,1,Real,4,HealthStory,0.33899832
story_reviews_00303,‘Weekend Warrior’ Workouts are Beneficial as Just 20 Minutes of Exercise a Day,‘Weekend Warrior’ Workouts are Beneficial as Just 20 Minutes of Exercise a Day,1,Real,4,HealthStory,0.3389151
story_reviews_00346,The race to create a new class of ovarian cancer drugs heats up,The race to create a new class of ovarian cancer drugs heats up,1,Real,3,HealthStory,0.33888108
story_reviews_01306,Musical Exercise Program Cuts Falls in Elderly,Musical Exercise Program Cuts Falls in Elderly,0,Fake,1,HealthStory,0.3384734
story_reviews_00283,How a New Psoriasis Drug Is Different From Others,How a New Psoriasis Drug Is Different From Others,1,Real,4,HealthStory,0.33839557
story_reviews_00307,Experimental Brain Cancer Treatment Is a Success,Experimental Brain Cancer Treatment Is a Success,1,Real,3,HealthStory,0.33826387
story_reviews_01442,Biosynthetic Corneas Show Promise in Transplants,Biosynthetic Corneas Show Promise in Transplants,1,Real,4,HealthStory,0.3381421
story_reviews_00934,Drug Duo May Help Fight Aggressive Form of Breast Cancer,Drug Duo May Help Fight Aggressive Form of Breast Cancer,1,Real,3,HealthStory,0.3379645
story_reviews_00784,Experimental Insomnia Drug Shows Promise,Experimental Insomnia Drug Shows Promise,1,Real,4,HealthStory,0.33795378
story_reviews_00897,New Procedure Makes Hyperhidrosis No Sweat,New Procedure Makes Hyperhidrosis No Sweat,0,Fake,2,HealthStory,0.33780596
story_reviews_01355,Statin Drugs May Cut Risk of Colorectal Cancer,Statin Drugs May Cut Risk of Colorectal Cancer,0,Fake,2,HealthStory,0.33776817
story_reviews_00375,Medicating Children With ADHD Keeps Them Safer,Medicating Children With ADHD Keeps Them Safer,1,Real,3,HealthStory,0.33758178
story_reviews_00143,More than 103 million Americans will have high blood pressure under new guidelines,More than 103 million Americans will have high blood pressure under new guidelines,1,Real,3,HealthStory,0.3375583
story_reviews_01510,Fish Oil Linked to Lower Breast Cancer Risk,Fish Oil Linked to Lower Breast Cancer Risk,1,Real,4,HealthStory,0.33751786
story_reviews_00216,"Prostate cancer blood test could transform treatment, say scientists","Prostate cancer blood test could transform treatment, say scientists",0,Fake,1,HealthStory,0.337411
story_reviews_00465,Concussion Blood Test Shows Promise,Concussion Blood Test Shows Promise,1,Real,3,HealthStory,0.33734888
story_reviews_00646,Experts Back Angelina Jolie Pitt in Choices for Cancer Prevention,Experts Back Angelina Jolie Pitt in Choices for Cancer Prevention,1,Real,4,HealthStory,0.3372744
story_reviews_00496,New breast cancer screening guidelines at odds with Congress,New breast cancer screening guidelines at odds with Congress,1,Real,4,HealthStory,0.33703718
story_reviews_01107,Aggressive Treatment May Be Beneficial for Early Prostate Cancer,Aggressive Treatment May Be Beneficial for Early Prostate Cancer,1,Real,5,HealthStory,0.3369504
story_reviews_00262,This Tiny Device Is a 'Game Changer' for People Facing Blindness,This Tiny Device Is a 'Game Changer' for People Facing Blindness,1,Real,3,HealthStory,0.33685574
story_reviews_01179,New Chemo Drug May Benefit Some Breast Cancer Patients,New Chemo Drug May Benefit Some Breast Cancer Patients,1,Real,4,HealthStory,0.33684024
story_reviews_00732,Wireless Pacemaker Shows Promise in Early Study,Wireless Pacemaker Shows Promise in Early Study,1,Real,4,HealthStory,0.3368314
story_reviews_01426,Study Shows SAMe May Ease Depression,Study Shows SAMe May Ease Depression,1,Real,3,HealthStory,0.33666354
story_reviews_01566,New Test for Colon Cancer Under Development,New Test for Colon Cancer Under Development,0,Fake,1,HealthStory,0.33664927
story_reviews_01130,An Apple a Day May Help Keep Heart Disease Away,An Apple a Day May Help Keep Heart Disease Away,0,Fake,2,HealthStory,0.336644
story_reviews_00846,New Laser Aims to Zap Cellulite at the Source,New Laser Aims to Zap Cellulite at the Source,1,Real,3,HealthStory,0.33655366
story_reviews_01425,Experimental TB Test Called Fast and Accurate,Experimental TB Test Called Fast and Accurate,1,Real,3,HealthStory,0.33643153
story_reviews_00039,"Experimental Drug Vistusertib Could Shrinks Tumors in 50% of Ovarian Cancer Patients, Study Suggests","Experimental Drug Vistusertib Could Shrinks Tumors in 50% of Ovarian Cancer Patients, Study Suggests",0,Fake,2,HealthStory,0.33628783
story_reviews_00452,"New Stroke Treatment Saves Lives, Improves Recovery","New Stroke Treatment Saves Lives, Improves Recovery",0,Fake,2,HealthStory,0.33625063
story_reviews_00218,'Cool' New Knee Procedure Eases Arthritis Pain Without Surgery,'Cool' New Knee Procedure Eases Arthritis Pain Without Surgery,1,Real,4,HealthStory,0.33607894
story_reviews_01487,Your Health: Should men also be screened for osteoporosis?,Your Health: Should men also be screened for osteoporosis?,1,Real,3,HealthStory,0.33607605
story_reviews_01475,Phys Ed: How Much Does Knee Surgery Really Help?,Phys Ed: How Much Does Knee Surgery Really Help?,1,Real,5,HealthStory,0.33598754
story_reviews_01019,Dogs Sniff Out Lung Cancer in Humans,Dogs Sniff Out Lung Cancer in Humans,1,Real,4,HealthStory,0.33586648
story_reviews_00296,'Ablation' Procedure Helps 3 out of 4 Patients With Irregular Heartbeat,'Ablation' Procedure Helps 3 out of 4 Patients With Irregular Heartbeat,1,Real,3,HealthStory,0.33568618
story_reviews_00376,Injected Drug May Help Fight Osteoporosis in Women,Injected Drug May Help Fight Osteoporosis in Women,1,Real,4,HealthStory,0.3355028
story_reviews_01208,Clot-Busting Drug May Prevent Disability From Mild Stroke,Clot-Busting Drug May Prevent Disability From Mild Stroke,1,Real,3,HealthStory,0.33549657
story_reviews_00672,"Weight-Loss Surgery May Lower Some Pregnancy Complications, Raise Others","Weight-Loss Surgery May Lower Some Pregnancy Complications, Raise Others",1,Real,3,HealthStory,0.33531043
story_reviews_01309,Can new cholesterol drug conquer heart disease?,Can new cholesterol drug conquer heart disease?,0,Fake,2,HealthStory,0.3352486
story_reviews_00757,"For Early Cancer, Lumpectomy Beats Mastectomy for Survival: Study","For Early Cancer, Lumpectomy Beats Mastectomy for Survival: Study",1,Real,3,HealthStory,0.3352319
story_reviews_00841,Immune-Disorder Drug Shows Promise for Alzheimer's,Immune-Disorder Drug Shows Promise for Alzheimer's,1,Real,4,HealthStory,0.33520743
story_reviews_00767,New Eye Test May Help Predict Risk of Glaucoma,New Eye Test May Help Predict Risk of Glaucoma,1,Real,3,HealthStory,0.3349251
story_reviews_00609,Average U.S. Diet May Kill Prostate Cancer Survivors,Average U.S. Diet May Kill Prostate Cancer Survivors,1,Real,3,HealthStory,0.33491537
story_reviews_00755,Re-Analysis Refutes Diet Guidelines Favoring Vegetable Fats,Re-Analysis Refutes Diet Guidelines Favoring Vegetable Fats,1,Real,3,HealthStory,0.33489475
story_reviews_01081,Prenatal Vitamins May Lower Autism Risk,Prenatal Vitamins May Lower Autism Risk,1,Real,3,HealthStory,0.3347637
story_reviews_00663,The Gentle Cesarean: More Like A Birth Than An Operation,The Gentle Cesarean: More Like A Birth Than An Operation,1,Real,4,HealthStory,0.33473974
story_reviews_01405,New Drugs Stir Debate on Rules of Clinical Trials,New Drugs Stir Debate on Rules of Clinical Trials,1,Real,5,HealthStory,0.33468843
story_reviews_01351,Fish Oil Study Finds Little Benefit for Pregnant Women,Fish Oil Study Finds Little Benefit for Pregnant Women,1,Real,4,HealthStory,0.33457825
story_reviews_00647,"Vitamin D Supplements Might Slow Prostate Cancer, Study Suggests","Vitamin D Supplements Might Slow Prostate Cancer, Study Suggests",1,Real,3,HealthStory,0.33436725
story_reviews_00456,A Mind-Reading Computer Means This Paralysed Man Can Move His Hands Again,A Mind-Reading Computer Means This Paralysed Man Can Move His Hands Again,1,Real,4,HealthStory,0.33403546
story_reviews_00661,"Vegetarians who ate fish had lowest colorectal cancer risk, study says","Vegetarians who ate fish had lowest colorectal cancer risk, study says",0,Fake,2,HealthStory,0.3335678
story_reviews_01375,Neurofeedback Gains Popularity and Second Looks,Neurofeedback Gains Popularity and Second Looks,1,Real,4,HealthStory,0.3334308
story_reviews_00644,The MIND diet: 10 foods that fight Alzheimer's (and 5 to avoid),The MIND diet: 10 foods that fight Alzheimer's (and 5 to avoid),0,Fake,2,HealthStory,0.3333691
story_reviews_00537,"Some with early-stage breast cancer can skip chemo, study says","Some with early-stage breast cancer can skip chemo, study says",1,Real,5,HealthStory,0.33334565
story_reviews_00257,"Low-dose aspirin can reduce risk of death from cancer, study says","Low-dose aspirin can reduce risk of death from cancer, study says",0,Fake,2,HealthStory,0.3333364
story_reviews_01186,Trial Shows Cystic Fibrosis Drug Helped Ease Breathing,Trial Shows Cystic Fibrosis Drug Helped Ease Breathing,1,Real,5,HealthStory,0.33330527
story_reviews_01161,Study: Poor Results From Lap-Band Surgery,Study: Poor Results From Lap-Band Surgery,1,Real,4,HealthStory,0.3332087
story_reviews_00405,How to Prevent a Heart Attack: Text Patients on Healthy Habits,How to Prevent a Heart Attack: Text Patients on Healthy Habits,1,Real,4,HealthStory,0.33320618
story_reviews_00560,Too Much Fat? Try a Whole-Body Scan,Too Much Fat? Try a Whole-Body Scan,1,Real,3,HealthStory,0.3332017
story_reviews_00820,Is a 3-D Mammogram Better at Avoiding False Positives?,Is a 3-D Mammogram Better at Avoiding False Positives?,1,Real,3,HealthStory,0.33244705
story_reviews_00608,"Antidepressants in pregnancy pose little risk to babies, study finds","Antidepressants in pregnancy pose little risk to babies, study finds",1,Real,3,HealthStory,0.33223858
story_reviews_01189,Brain's Electrical Activity May Help Spot Infants at High Risk for Autism,Brain's Electrical Activity May Help Spot Infants at High Risk for Autism,0,Fake,2,HealthStory,0.3321819
story_reviews_00205,Cancer Breakthrough: Personalized Melanoma Vaccines ‘Safe and Effective’ in First Human Clinical Trials,Cancer Breakthrough: Personalized Melanoma Vaccines ‘Safe and Effective’ in First Human Clinical Trials,1,Real,4,HealthStory,0.3318209
story_reviews_01399,Mammograms Less Effective Than Believed,Mammograms Less Effective Than Believed,1,Real,5,HealthStory,0.33153114
story_reviews_01298,Women With Breast Cancer History Should Consider MRI: Study,Women With Breast Cancer History Should Consider MRI: Study,0,Fake,1,HealthStory,0.33128452
story_reviews_00987,Can NSAIDs Cut Colorectal Cancer Deaths in Older Women?,Can NSAIDs Cut Colorectal Cancer Deaths in Older Women?,0,Fake,2,HealthStory,0.33109877
story_reviews_00468,Broccoli May Slow or Reverse Some Atherosclerosis,Broccoli May Slow or Reverse Some Atherosclerosis,0,Fake,2,HealthStory,0.33094367
story_reviews_01198,PSA Test Cut-off Could Signal Low-Risk Prostate Cancer,PSA Test Cut-off Could Signal Low-Risk Prostate Cancer,0,Fake,2,HealthStory,0.33085492
story_reviews_01551,Breast Cancer Study Offers New Hope,Breast Cancer Study Offers New Hope,0,Fake,1,HealthStory,0.33077058
story_reviews_00362,New Ways to Fight Super Lice,New Ways to Fight Super Lice,1,Real,5,HealthStory,0.33060625
story_reviews_01417,Cholesterol-Lowering Drugs May Cut RA Risk,Cholesterol-Lowering Drugs May Cut RA Risk,1,Real,3,HealthStory,0.33056468
story_reviews_00864,Long-Lasting Birth Control Cuts Pregnancy Rate,Long-Lasting Birth Control Cuts Pregnancy Rate,1,Real,4,HealthStory,0.33042547
story_reviews_01236,"Orthotic Shoe Inserts May Work, but It’s Not Clear Why","Orthotic Shoe Inserts May Work, but It’s Not Clear Why",0,Fake,2,HealthStory,0.33034953
story_reviews_00297,"Kangaroo Care Helps Preemies And Full Term Babies, Too","Kangaroo Care Helps Preemies And Full Term Babies, Too",1,Real,3,HealthStory,0.33033395
story_reviews_00228,Obesity Cure? Scientists Discover Antibody That Reduces Body Fat in Mice,Obesity Cure? Scientists Discover Antibody That Reduces Body Fat in Mice,0,Fake,2,HealthStory,0.33014452
story_reviews_00129,ADHD Stimulants Might Help a Smoker With the Disorder Cut Back on Cigarettes,ADHD Stimulants Might Help a Smoker With the Disorder Cut Back on Cigarettes,1,Real,3,HealthStory,0.329936
story_reviews_00920,Stop-Smoking Drug May Also Curb Problem Drinking,Stop-Smoking Drug May Also Curb Problem Drinking,1,Real,3,HealthStory,0.32992697
story_reviews_00370,Can Blood Tests Detect Schizophrenia and Other Mental Illnesses?,Can Blood Tests Detect Schizophrenia and Other Mental Illnesses?,1,Real,3,HealthStory,0.32985893
story_reviews_00554,"Sleep Fights Colds, Study Finds","Sleep Fights Colds, Study Finds",1,Real,3,HealthStory,0.32966915
story_reviews_00940,Nicotine Replacement Treatments May Not Work Long-Term,Nicotine Replacement Treatments May Not Work Long-Term,1,Real,5,HealthStory,0.32966024
story_reviews_01660,New Scan May Help Find Aggressive Prostate Tumors,New Scan May Help Find Aggressive Prostate Tumors,0,Fake,1,HealthStory,0.3296318
story_reviews_01044,Experimental Drug Might Help Fight Alzheimer's After All,Experimental Drug Might Help Fight Alzheimer's After All,1,Real,4,HealthStory,0.32934353
story_reviews_01413,Irritable Bowel Syndrome Drug Succeeds in Trial,Irritable Bowel Syndrome Drug Succeeds in Trial,1,Real,4,HealthStory,0.32930264
story_reviews_01195,"Gastric Bypass Best for Weight Loss, Study Finds","Gastric Bypass Best for Weight Loss, Study Finds",1,Real,4,HealthStory,0.32916814
story_reviews_01184,Rapid Rise in PSA Levels a Poor Predictor of Prostate Cancer: Study,Rapid Rise in PSA Levels a Poor Predictor of Prostate Cancer: Study,1,Real,4,HealthStory,0.32889506
story_reviews_00627,Can massage therapy treat infertility?,Can massage therapy treat infertility?,1,Real,4,HealthStory,0.32886758
story_reviews_01301,Implanted Heart Devices Have 'Real-World' Benefits: Study,Implanted Heart Devices Have 'Real-World' Benefits: Study,0,Fake,2,HealthStory,0.32877278
story_reviews_01665,MS Patients May Soon Bypass Painful Injections,MS Patients May Soon Bypass Painful Injections,1,Real,4,HealthStory,0.32856053
story_reviews_00195,"Stem cell brain implants could 'slow ageing and extend life', study shows","Stem cell brain implants could 'slow ageing and extend life', study shows",1,Real,4,HealthStory,0.32834837
story_reviews_00998,New Alzheimer's Drug Shows Early Promise,New Alzheimer's Drug Shows Early Promise,1,Real,5,HealthStory,0.3282474
story_reviews_01423,Pancreatic Chemo Comparison Finds No Survival Boost,Pancreatic Chemo Comparison Finds No Survival Boost,1,Real,4,HealthStory,0.32759866
story_reviews_01256,Experimental Drug Helps Fight Aggressive Breast Cancer: Report,Experimental Drug Helps Fight Aggressive Breast Cancer: Report,1,Real,4,HealthStory,0.32753167
story_reviews_00166,This Test Can Determine Whether You've Outgrown A Food Allergy,This Test Can Determine Whether You've Outgrown A Food Allergy,1,Real,4,HealthStory,0.3271768
story_reviews_00365,"There’s new hope for blood cancers, and it comes from umbilical cords","There’s new hope for blood cancers, and it comes from umbilical cords",0,Fake,2,HealthStory,0.32709292
story_reviews_00460,Do healthy people need an aspirin a day?,Do healthy people need an aspirin a day?,1,Real,5,HealthStory,0.3270673
story_reviews_00426,Chest Protectors Guard Against Deadly Blows to Chest,Chest Protectors Guard Against Deadly Blows to Chest,1,Real,3,HealthStory,0.327067
story_reviews_01519,Statins May Protect Prostate Cancer Patients,Statins May Protect Prostate Cancer Patients,0,Fake,2,HealthStory,0.32696146
story_reviews_00154,404 Not Found,404 Not Found,1,Real,3,HealthStory,0.32695845
story_reviews_00891,404 Not Found,404 Not Found,1,Real,4,HealthStory,0.32695845
story_reviews_01608,New Inhaled Insulin Shows Promise for Diabetes,New Inhaled Insulin Shows Promise for Diabetes,0,Fake,2,HealthStory,0.32679632
story_reviews_00862,Common Painkillers May Help Prevent Skin Cancer: Study,Common Painkillers May Help Prevent Skin Cancer: Study,1,Real,4,HealthStory,0.32663992
story_reviews_01387,Simplifying the Decision for a Prostate Screening,Simplifying the Decision for a Prostate Screening,1,Real,4,HealthStory,0.32663974
story_reviews_01409,FDA Approves Krystexxa to Treat Gout,FDA Approves Krystexxa to Treat Gout,0,Fake,2,HealthStory,0.32658434
story_reviews_01685,Health Experts Call For Heart Checkups For Kids,Health Experts Call For Heart Checkups For Kids,0,Fake,2,HealthStory,0.32656437
story_reviews_00845,New Frontiers of Cancer Treatment Bring Breathtaking Swings,New Frontiers of Cancer Treatment Bring Breathtaking Swings,1,Real,5,HealthStory,0.3265575
story_reviews_00344,Brain Implant Restores Sense Of Touch To Paralyzed Man,Brain Implant Restores Sense Of Touch To Paralyzed Man,1,Real,3,HealthStory,0.32627183
story_reviews_01498,New Pill Found to Cut Weight With Few Side Effects: Study,New Pill Found to Cut Weight With Few Side Effects: Study,1,Real,4,HealthStory,0.32621178
story_reviews_00388,Kids With Anxiety Disorders ‘Significantly’ Benefit From Mindfulness Exercises By Changing Brain Activity,Kids With Anxiety Disorders ‘Significantly’ Benefit From Mindfulness Exercises By Changing Brain Activity,0,Fake,2,HealthStory,0.32618684
story_reviews_01376,Some Doctors Question New Cancer Treatment,Some Doctors Question New Cancer Treatment,1,Real,5,HealthStory,0.32608408
story_reviews_00004,Incontinence Drug May Cut Hot Flashes in Breast Cancer Survivors,Incontinence Drug May Cut Hot Flashes in Breast Cancer Survivors,1,Real,5,HealthStory,0.32606295
story_reviews_01250,Shingles Vaccine Cuts Disease Risk 55%,Shingles Vaccine Cuts Disease Risk 55%,1,Real,4,HealthStory,0.32603917
story_reviews_01249,Shingles Vaccine Looks Like a Safe Bet for Seniors: Study,Shingles Vaccine Looks Like a Safe Bet for Seniors: Study,1,Real,5,HealthStory,0.3259962
story_reviews_00464,Acupuncture May Ease Hot Flashes for Breast Cancer Patients,Acupuncture May Ease Hot Flashes for Breast Cancer Patients,1,Real,3,HealthStory,0.32597068
story_reviews_00928,Heart Hormone Linked to Calorie-Burning Brown Fat,Heart Hormone Linked to Calorie-Burning Brown Fat,1,Real,3,HealthStory,0.3258976
story_reviews_00379,"Period Pain Drug Can Cure Alzheimer’s Disease, New Study Suggests","Period Pain Drug Can Cure Alzheimer’s Disease, New Study Suggests",0,Fake,2,HealthStory,0.32568553
story_reviews_00666,How a New Treadmill Test Predicts 'Survival of the Fittest',How a New Treadmill Test Predicts 'Survival of the Fittest',0,Fake,2,HealthStory,0.32538247
story_reviews_00136,"Weight Loss Really Can Reverse Diabetes, New Study Finds","Weight Loss Really Can Reverse Diabetes, New Study Finds",1,Real,3,HealthStory,0.3252859
story_reviews_00440,"‘Second Skin’ May Reduce Wrinkles, Eyebags, Scientists Say","‘Second Skin’ May Reduce Wrinkles, Eyebags, Scientists Say",1,Real,3,HealthStory,0.32525364
story_reviews_00615,Too Many Women Who Need Bone Screening Aren't Getting It,Too Many Women Who Need Bone Screening Aren't Getting It,0,Fake,2,HealthStory,0.32519588
story_reviews_01595,Simple Test May Spot Early Lung Cancer,Simple Test May Spot Early Lung Cancer,0,Fake,2,HealthStory,0.32512796
story_reviews_01455,"Palliative Care Extends Life of Lung Cancer Patients, Study Finds","Palliative Care Extends Life of Lung Cancer Patients, Study Finds",1,Real,4,HealthStory,0.32505366
story_reviews_00777,"Experimental Antidepressant Appears Quick-Acting, Safe","Experimental Antidepressant Appears Quick-Acting, Safe",1,Real,3,HealthStory,0.32502586
story_reviews_00565,'Scoring System' May Spot Those in Greatest Need of Colonoscopy,'Scoring System' May Spot Those in Greatest Need of Colonoscopy,1,Real,4,HealthStory,0.32494995
story_reviews_00478,More Support for Osteoporosis Drugs,More Support for Osteoporosis Drugs,1,Real,5,HealthStory,0.3248583
story_reviews_00368,Test Of Experimental Alzheimer's Drug Finds Progress Against Brain Plaques,Test Of Experimental Alzheimer's Drug Finds Progress Against Brain Plaques,1,Real,4,HealthStory,0.3246377
story_reviews_01492,Avastin Largely Safe for Patients With Type of Advanced Lung Cancer,Avastin Largely Safe for Patients With Type of Advanced Lung Cancer,1,Real,3,HealthStory,0.3245299
story_reviews_01282,Bone Drug Zometa Flops Overall as Breast Cancer Treatment,Bone Drug Zometa Flops Overall as Breast Cancer Treatment,1,Real,5,HealthStory,0.32448217
story_reviews_00515,FDA Approves Roche’s Cotellic Treatment for Melanoma,FDA Approves Roche’s Cotellic Treatment for Melanoma,0,Fake,2,HealthStory,0.3244234
story_reviews_00305,Can Lumbar Support Devices Relieve Lower Back Pain?,Can Lumbar Support Devices Relieve Lower Back Pain?,1,Real,3,HealthStory,0.32442194
story_reviews_00049,"Experimental blood test could detect melanoma skin cancer early, study finds","Experimental blood test could detect melanoma skin cancer early, study finds",1,Real,4,HealthStory,0.3242653
story_reviews_00499,Report: DASH Diet Best Overall Eating Plan,Report: DASH Diet Best Overall Eating Plan,0,Fake,2,HealthStory,0.32404968
story_reviews_00518,Better Diets May Be Extending Americans' Lives,Better Diets May Be Extending Americans' Lives,1,Real,4,HealthStory,0.32393897
story_reviews_00412,Expert Panel Reaffirms Need for Colon Cancer Screen Beginning at Age 50,Expert Panel Reaffirms Need for Colon Cancer Screen Beginning at Age 50,1,Real,4,HealthStory,0.3234131
story_reviews_00354,"Blood Clot Removal Could Help More Stroke Victims, Study Finds","Blood Clot Removal Could Help More Stroke Victims, Study Finds",1,Real,3,HealthStory,0.32335255
story_reviews_01687,But does zinc help colds?,But does zinc help colds?,1,Real,3,HealthStory,0.32316378
story_reviews_00081,Overcoming Fear of Back Pain May Spur Recovery,Overcoming Fear of Back Pain May Spur Recovery,1,Real,3,HealthStory,0.32316113
story_reviews_01514,"PSA Test Does Cut Prostate Cancer Deaths, Study Finds","PSA Test Does Cut Prostate Cancer Deaths, Study Finds",1,Real,3,HealthStory,0.32299325
story_reviews_01308,Prostate Drug From Exelixis Shows Promise,Prostate Drug From Exelixis Shows Promise,1,Real,3,HealthStory,0.3228022
story_reviews_00853,Brain EEG Test Might Help Spot Autism: Study,Brain EEG Test Might Help Spot Autism: Study,1,Real,3,HealthStory,0.32271323
story_reviews_00169,The big question: Will cancer immune therapy work for me?,The big question: Will cancer immune therapy work for me?,1,Real,4,HealthStory,0.32263872
story_reviews_00844,Nutrient Drink Might Boost Memory in Early Alzheimer's: Study,Nutrient Drink Might Boost Memory in Early Alzheimer's: Study,1,Real,4,HealthStory,0.32196394
story_reviews_00287,"Blood test might make Parkinson's diagnosis easier, study says","Blood test might make Parkinson's diagnosis easier, study says",1,Real,4,HealthStory,0.32163972
story_reviews_00480,Blood-Boosters May Give Tiny Preemies a Developmental Edge,Blood-Boosters May Give Tiny Preemies a Developmental Edge,1,Real,3,HealthStory,0.32159925
story_reviews_01273,"For Varicose Veins, New Treatments Are Less Invasive","For Varicose Veins, New Treatments Are Less Invasive",1,Real,3,HealthStory,0.3214082
story_reviews_00718,Head Start Program Might Help Fight Childhood Obesity: Study,Head Start Program Might Help Fight Childhood Obesity: Study,1,Real,3,HealthStory,0.32136044
story_reviews_00821,"New Anti-Clotting Drug Bests Warfarin, Study Says","New Anti-Clotting Drug Bests Warfarin, Study Says",0,Fake,1,HealthStory,0.32125804
story_reviews_01151,No-Scalpel Treatment for Enlarged Prostate,No-Scalpel Treatment for Enlarged Prostate,0,Fake,2,HealthStory,0.32116312
story_reviews_01119,"When Size Matters, Men Can Turn to Penile Extenders: Study","When Size Matters, Men Can Turn to Penile Extenders: Study",1,Real,3,HealthStory,0.3210226
story_reviews_00625,On Medicare and Assessing the Value of Lung Cancer Screening,On Medicare and Assessing the Value of Lung Cancer Screening,1,Real,5,HealthStory,0.3210133
story_reviews_01123,"Women Taking Calcium Supplements May Risk Heart Health, Researchers Say","Women Taking Calcium Supplements May Risk Heart Health, Researchers Say",1,Real,4,HealthStory,0.3209958
story_reviews_01105,Study Finds Low-Salt Diet Ineffective but Draws Criticism From C.D.C.,Study Finds Low-Salt Diet Ineffective but Draws Criticism From C.D.C.,1,Real,5,HealthStory,0.32091677
story_reviews_00120,Scientists Edge Closer To A Blood Test To Detect Cancers,Scientists Edge Closer To A Blood Test To Detect Cancers,1,Real,5,HealthStory,0.32079083
story_reviews_00765,"IUD Might Ease Heavy Menstrual Bleeding, Study Suggests","IUD Might Ease Heavy Menstrual Bleeding, Study Suggests",1,Real,3,HealthStory,0.32075924
story_reviews_01303,2 Treatments for Retina Diseases Make Progress,2 Treatments for Retina Diseases Make Progress,1,Real,3,HealthStory,0.3207056
story_reviews_00241,"One Day, a Machine Will Smell Whether You’re Sick","One Day, a Machine Will Smell Whether You’re Sick",0,Fake,2,HealthStory,0.320424
story_reviews_01499,"Diet Drug Lorcaserin Safe, Effective, Study Finds","Diet Drug Lorcaserin Safe, Effective, Study Finds",1,Real,3,HealthStory,0.32037345
story_reviews_01491,New Test for Brain Injury on Horizon,New Test for Brain Injury on Horizon,1,Real,3,HealthStory,0.32034597
story_reviews_00444,An Online Program May Help Prevent Depression In Some People,An Online Program May Help Prevent Depression In Some People,1,Real,3,HealthStory,0.3203166
story_reviews_01449,"Studying Acupuncture, One Needle Prick at a Time","Studying Acupuncture, One Needle Prick at a Time",1,Real,3,HealthStory,0.32020122
story_reviews_01465,Probiotics May Reduce Crying From Colic,Probiotics May Reduce Crying From Colic,0,Fake,2,HealthStory,0.32008094
story_reviews_00631,Injection Offers Option to Slim Down Double Chin Without Surgery,Injection Offers Option to Slim Down Double Chin Without Surgery,1,Real,5,HealthStory,0.31998834
story_reviews_00099,Test risk of breast cancer from home with new FDA-approved DNA kit by 23andMe,Test risk of breast cancer from home with new FDA-approved DNA kit by 23andMe,0,Fake,1,HealthStory,0.31989682
story_reviews_01118,Acupuncture May Help Ease Hot Flashes Tied to Prostate Cancer Treatment,Acupuncture May Help Ease Hot Flashes Tied to Prostate Cancer Treatment,1,Real,3,HealthStory,0.31967667
story_reviews_01460,Obesity Surgery Helps Diabetic Patients Kick Medicines,Obesity Surgery Helps Diabetic Patients Kick Medicines,1,Real,4,HealthStory,0.3196024
story_reviews_01205,Can relaxation drinks put you to sleep?,Can relaxation drinks put you to sleep?,1,Real,4,HealthStory,0.31955573
story_reviews_00874,How That Glass of Red Wine Might Help You Live Longer,How That Glass of Red Wine Might Help You Live Longer,1,Real,3,HealthStory,0.3194955
story_reviews_00380,'Striking' Results from Early Zika Vaccine Trial,'Striking' Results from Early Zika Vaccine Trial,1,Real,3,HealthStory,0.31921735
story_reviews_00406,Stroke: Cleveland Clinic Will Test Deep Brain Stimulation,Stroke: Cleveland Clinic Will Test Deep Brain Stimulation,1,Real,4,HealthStory,0.3192079
story_reviews_00230,Could Cancer Drug Gleevec Help With Severe Asthma?,Could Cancer Drug Gleevec Help With Severe Asthma?,1,Real,4,HealthStory,0.31896132
story_reviews_01678,New Brain Scan May Predict Alzheimer's,New Brain Scan May Predict Alzheimer's,0,Fake,2,HealthStory,0.31883365
story_reviews_00643,Learning to Say No to Dialysis,Learning to Say No to Dialysis,1,Real,4,HealthStory,0.31868038
story_reviews_01581,Lung Cancer Screening Often Raises False Alarm,Lung Cancer Screening Often Raises False Alarm,1,Real,5,HealthStory,0.31862953
story_reviews_00593,Fiber and High Fiber Foods: Changing Your Diet Changes Gut Bacteria,Fiber and High Fiber Foods: Changing Your Diet Changes Gut Bacteria,1,Real,3,HealthStory,0.31859502
story_reviews_01342,New Colon Cancer Screening Test in the Works,New Colon Cancer Screening Test in the Works,1,Real,3,HealthStory,0.31829143
story_reviews_00878,Surgery for migraines: Help or hokum?,Surgery for migraines: Help or hokum?,1,Real,4,HealthStory,0.31814894
story_reviews_01689,Natural Treatment for RSV Infection?,Natural Treatment for RSV Infection?,0,Fake,2,HealthStory,0.31805345
story_reviews_00417,A ‘Polypill’ May Be the Next Big Preventive Fix,A ‘Polypill’ May Be the Next Big Preventive Fix,0,Fake,1,HealthStory,0.31802487
story_reviews_01126,FDA Approves New Device for Brain Tumor Treatment,FDA Approves New Device for Brain Tumor Treatment,0,Fake,1,HealthStory,0.31791037
story_reviews_00479,"Acupuncture May Help Ease Fibromyalgia Pain, Study Finds","Acupuncture May Help Ease Fibromyalgia Pain, Study Finds",1,Real,4,HealthStory,0.31771493
story_reviews_00887,Early Study Hints That Breast Cancer Vaccine Might Work,Early Study Hints That Breast Cancer Vaccine Might Work,1,Real,4,HealthStory,0.317671
story_reviews_01682,Ginkgo Won't Slow Decline of Aging Brain,Ginkgo Won't Slow Decline of Aging Brain,1,Real,3,HealthStory,0.3176517
story_reviews_00610,New Study Questions Use of Whole-Brain Radiation to Treat Cancer,New Study Questions Use of Whole-Brain Radiation to Treat Cancer,1,Real,5,HealthStory,0.31754285
story_reviews_00092,Is kratom a safe herbal remedy or a dangerous opioid?,Is kratom a safe herbal remedy or a dangerous opioid?,1,Real,5,HealthStory,0.31750256
story_reviews_01321,Probiotics May Help Soothe The Stomach,Probiotics May Help Soothe The Stomach,1,Real,3,HealthStory,0.31729555
story_reviews_00513,Will drinking coffee extend your life?,Will drinking coffee extend your life?,1,Real,5,HealthStory,0.3172771
story_reviews_00556,Acupuncture Best for Hot Flashes in Breast Cancer Survivors: Study,Acupuncture Best for Hot Flashes in Breast Cancer Survivors: Study,1,Real,3,HealthStory,0.31712776
story_reviews_00189,"Flattening The 'Mummy Tummy' With 1 Exercise, 10 Minutes A Day","Flattening The 'Mummy Tummy' With 1 Exercise, 10 Minutes A Day",1,Real,3,HealthStory,0.31699198
story_reviews_00546,"Vitamin D supplements: Panacea, placebo or something in between?","Vitamin D supplements: Panacea, placebo or something in between?",1,Real,5,HealthStory,0.31696773
story_reviews_01065,"Sleeptime Head-Cooling Cap Eases Insomnia, Study Finds","Sleeptime Head-Cooling Cap Eases Insomnia, Study Finds",1,Real,4,HealthStory,0.31682327
story_reviews_00030,Glioblastoma: Zika Virus Could Destroy Brain Cancer That Killed John McCain,Glioblastoma: Zika Virus Could Destroy Brain Cancer That Killed John McCain,1,Real,4,HealthStory,0.3168104
story_reviews_00698,"‘Expensive’ placebos work better than ‘cheap’ ones, study finds","‘Expensive’ placebos work better than ‘cheap’ ones, study finds",1,Real,4,HealthStory,0.3167479
story_reviews_01073,Studies Find Two New Drugs Effective Against Advanced Melanoma,Studies Find Two New Drugs Effective Against Advanced Melanoma,1,Real,5,HealthStory,0.31666118
story_reviews_00830,Pediatricians Decide Boys Are Better Off Circumcised Than Not,Pediatricians Decide Boys Are Better Off Circumcised Than Not,1,Real,4,HealthStory,0.31650433
story_reviews_01422,"Can a supplement boost immunity, slow aging?","Can a supplement boost immunity, slow aging?",1,Real,3,HealthStory,0.31649488
story_reviews_01446,"In Early Trial, Targeted Therapy Fights Advanced Melanoma","In Early Trial, Targeted Therapy Fights Advanced Melanoma",1,Real,4,HealthStory,0.3164848
story_reviews_01603,Beta Blockers May Slow Spread of Breast Cancer,Beta Blockers May Slow Spread of Breast Cancer,1,Real,3,HealthStory,0.31647873
story_reviews_00832,Can daily aspirin help ward off cancer?,Can daily aspirin help ward off cancer?,1,Real,5,HealthStory,0.31620732
story_reviews_01452,"Tai Chi Eases Symptoms of Fibromyalgia, Study Finds","Tai Chi Eases Symptoms of Fibromyalgia, Study Finds",1,Real,4,HealthStory,0.31603843
story_reviews_01087,Do Probiotics Relieve Constipation in Children?,Do Probiotics Relieve Constipation in Children?,1,Real,3,HealthStory,0.31600913
story_reviews_00716,"Vitamin D May Boost Colon Cancer Survival, Study Finds","Vitamin D May Boost Colon Cancer Survival, Study Finds",1,Real,5,HealthStory,0.3159108
story_reviews_00781,Is a Breath Test for Colon Cancer Possible?,Is a Breath Test for Colon Cancer Possible?,1,Real,5,HealthStory,0.315884
story_reviews_01401,"Mammograms Cut Breast Cancer Death Rates, But Only Modestly: Study","Mammograms Cut Breast Cancer Death Rates, But Only Modestly: Study",1,Real,3,HealthStory,0.31561023
story_reviews_01630,Acupuncture Benefit Seen in Pregnancy,Acupuncture Benefit Seen in Pregnancy,1,Real,3,HealthStory,0.3155236
story_reviews_00946,Giving Antidepressants a Boost With a Vitamin,Giving Antidepressants a Boost With a Vitamin,1,Real,3,HealthStory,0.3154652
story_reviews_00858,Blood Tests Might Help Guide Breast Cancer Care,Blood Tests Might Help Guide Breast Cancer Care,1,Real,3,HealthStory,0.31517687
story_reviews_00964,Non-Fried Fish Might Help Ward Off Alzheimer's: Study,Non-Fried Fish Might Help Ward Off Alzheimer's: Study,0,Fake,2,HealthStory,0.31512594
story_reviews_01255,"Outlook, Office, Skype, Bing, Breaking News, and Latest Videos","Outlook, Office, Skype, Bing, Breaking News, and Latest Videos",1,Real,4,HealthStory,0.3148583
story_reviews_01654,"Outlook, Office, Skype, Bing, Breaking News, and Latest Videos","Outlook, Office, Skype, Bing, Breaking News, and Latest Videos",1,Real,4,HealthStory,0.3148583
story_reviews_01290,"Outlook, Office, Skype, Bing, Breaking News, and Latest Videos","Outlook, Office, Skype, Bing, Breaking News, and Latest Videos",1,Real,3,HealthStory,0.3148583
story_reviews_01079,"Outlook, Office, Skype, Bing, Breaking News, and Latest Videos","Outlook, Office, Skype, Bing, Breaking News, and Latest Videos",0,Fake,1,HealthStory,0.3148583
story_reviews_00902,"Outlook, Office, Skype, Bing, Breaking News, and Latest Videos","Outlook, Office, Skype, Bing, Breaking News, and Latest Videos",1,Real,3,HealthStory,0.3148583
story_reviews_01578,"Outlook, Office, Skype, Bing, Breaking News, and Latest Videos","Outlook, Office, Skype, Bing, Breaking News, and Latest Videos",1,Real,5,HealthStory,0.3148583
story_reviews_01038,"Outlook, Office, Skype, Bing, Breaking News, and Latest Videos","Outlook, Office, Skype, Bing, Breaking News, and Latest Videos",0,Fake,0,HealthStory,0.3148583
story_reviews_00990,"Outlook, Office, Skype, Bing, Breaking News, and Latest Videos","Outlook, Office, Skype, Bing, Breaking News, and Latest Videos",1,Real,3,HealthStory,0.3148583
story_reviews_00938,"Outlook, Office, Skype, Bing, Breaking News, and Latest Videos","Outlook, Office, Skype, Bing, Breaking News, and Latest Videos",1,Real,3,HealthStory,0.3148583
story_reviews_01445,"Outlook, Office, Skype, Bing, Breaking News, and Latest Videos","Outlook, Office, Skype, Bing, Breaking News, and Latest Videos",0,Fake,2,HealthStory,0.3148583
story_reviews_00773,"Outlook, Office, Skype, Bing, Breaking News, and Latest Videos","Outlook, Office, Skype, Bing, Breaking News, and Latest Videos",0,Fake,1,HealthStory,0.3148583
story_reviews_00986,"Outlook, Office, Skype, Bing, Breaking News, and Latest Videos","Outlook, Office, Skype, Bing, Breaking News, and Latest Videos",1,Real,3,HealthStory,0.3148583
story_reviews_01060,"Outlook, Office, Skype, Bing, Breaking News, and Latest Videos","Outlook, Office, Skype, Bing, Breaking News, and Latest Videos",0,Fake,2,HealthStory,0.3148583
story_reviews_00907,"Outlook, Office, Skype, Bing, Breaking News, and Latest Videos","Outlook, Office, Skype, Bing, Breaking News, and Latest Videos",1,Real,4,HealthStory,0.3148583
story_reviews_00863,"Outlook, Office, Skype, Bing, Breaking News, and Latest Videos","Outlook, Office, Skype, Bing, Breaking News, and Latest Videos",1,Real,5,HealthStory,0.3148583
story_reviews_00847,"Outlook, Office, Skype, Bing, Breaking News, and Latest Videos","Outlook, Office, Skype, Bing, Breaking News, and Latest Videos",0,Fake,2,HealthStory,0.3148583
story_reviews_01548,"Outlook, Office, Skype, Bing, Breaking News, and Latest Videos","Outlook, Office, Skype, Bing, Breaking News, and Latest Videos",0,Fake,2,HealthStory,0.3148583
story_reviews_01041,"Outlook, Office, Skype, Bing, Breaking News, and Latest Videos","Outlook, Office, Skype, Bing, Breaking News, and Latest Videos",1,Real,3,HealthStory,0.3148583
story_reviews_01215,"Processed, Fatty Foods May Dumb Down Your Kids: Study","Processed, Fatty Foods May Dumb Down Your Kids: Study",0,Fake,2,HealthStory,0.3147369
story_reviews_00286,Why Weight Loss Surgery Works When Diets Don’t,Why Weight Loss Surgery Works When Diets Don’t,1,Real,3,HealthStory,0.3147341
story_reviews_00868,New Method Easing Preparation May Encourage Colon Checks,New Method Easing Preparation May Encourage Colon Checks,1,Real,3,HealthStory,0.31456223
story_reviews_01341,New Portable Scanner for Breast Cancer,New Portable Scanner for Breast Cancer,0,Fake,2,HealthStory,0.3144592
story_reviews_00477,"A Vaginal Ring Could Prevent HIV, Two Huge Studies Just Found","A Vaginal Ring Could Prevent HIV, Two Huge Studies Just Found",1,Real,3,HealthStory,0.31427246
story_reviews_01311,Experimental Drug Raises Good Cholesterol Levels in Early Trial,Experimental Drug Raises Good Cholesterol Levels in Early Trial,1,Real,4,HealthStory,0.31421158
story_reviews_00093,DMAU: Male Birth Control Pill Offers 'Unprecedented' Study Results,DMAU: Male Birth Control Pill Offers 'Unprecedented' Study Results,1,Real,3,HealthStory,0.31419313
story_reviews_00335,Balloon-in-a-Pill Helped Obese Patients Lose Weight,Balloon-in-a-Pill Helped Obese Patients Lose Weight,1,Real,4,HealthStory,0.3141174
story_reviews_00729,"New Drug May Help Some Asthmatics, Study Finds","New Drug May Help Some Asthmatics, Study Finds",1,Real,4,HealthStory,0.31408402
story_reviews_00722,Bite Back At Bad Cholesterol: Eat An Avocado A Day,Bite Back At Bad Cholesterol: Eat An Avocado A Day,0,Fake,2,HealthStory,0.3139575
story_reviews_00985,Cataract Surgery May Be Safer With Laser,Cataract Surgery May Be Safer With Laser,1,Real,3,HealthStory,0.31386444
story_reviews_00111,Shining a Deadly New Light on Airborne Flu Virus,Shining a Deadly New Light on Airborne Flu Virus,0,Fake,2,HealthStory,0.31385306
story_reviews_00123,Stem Cells for Knee Problems? U.S. Doctors Investigate,Stem Cells for Knee Problems? U.S. Doctors Investigate,1,Real,3,HealthStory,0.31362584
story_reviews_01225,CDC To Doctors: Anti-HIV Pill No Magic Bullet Against Virus,CDC To Doctors: Anti-HIV Pill No Magic Bullet Against Virus,1,Real,5,HealthStory,0.31354508
story_reviews_00827,"Relief for Severe Asthma, at a High Price","Relief for Severe Asthma, at a High Price",1,Real,3,HealthStory,0.31340927
story_reviews_00708,Study Hints That 'Video Feedback' Therapy May Help Curb Autism,Study Hints That 'Video Feedback' Therapy May Help Curb Autism,0,Fake,2,HealthStory,0.31335124
story_reviews_00085,Why You Should Get the New Shingles Vaccine,Why You Should Get the New Shingles Vaccine,1,Real,3,HealthStory,0.31321478
story_reviews_01324,"Higher Statin Doses Linked to Fewer Heart Attacks, Stroke","Higher Statin Doses Linked to Fewer Heart Attacks, Stroke",1,Real,3,HealthStory,0.3131522
story_reviews_01146,Patients May Benefit From New Heart Device,Patients May Benefit From New Heart Device,1,Real,4,HealthStory,0.31294256
story_reviews_00915,Mammograms Can Save Lives of Women in Their 40s: Study,Mammograms Can Save Lives of Women in Their 40s: Study,1,Real,4,HealthStory,0.31283113
story_reviews_00640,Skin Cancer Removal With Miniaturized Radiation,Skin Cancer Removal With Miniaturized Radiation,1,Real,5,HealthStory,0.31278083
story_reviews_00819,Menopause Therapy Found Less Risky,Menopause Therapy Found Less Risky,0,Fake,2,HealthStory,0.31265244
story_reviews_01093,"Melatonin Makes a Comeback, Leaving Experts Unrelaxed","Melatonin Makes a Comeback, Leaving Experts Unrelaxed",1,Real,5,HealthStory,0.31258458
story_reviews_01235,Sluggish? Confused? Vitamin B12 May Be Low,Sluggish? Confused? Vitamin B12 May Be Low,0,Fake,2,HealthStory,0.31220156
story_reviews_01343,Phys Ed: Do Cortisone Shots Actually Make Things Worse?,Phys Ed: Do Cortisone Shots Actually Make Things Worse?,1,Real,5,HealthStory,0.31165424
story_reviews_00782,Breath Test May Detect Colon Cancer,Breath Test May Detect Colon Cancer,1,Real,3,HealthStory,0.31114298
story_reviews_00756,Can Yoga Reduce Symptoms of Major Psychiatric Disorders?,Can Yoga Reduce Symptoms of Major Psychiatric Disorders?,0,Fake,2,HealthStory,0.31111926
story_reviews_00886,"Berries, Tea May Cut Men's Odds for Parkinson's: Study","Berries, Tea May Cut Men's Odds for Parkinson's: Study",1,Real,3,HealthStory,0.3111018
story_reviews_00621,"Mediterranean Diet Boosts Brain Power, Clinical Study Finds","Mediterranean Diet Boosts Brain Power, Clinical Study Finds",1,Real,4,HealthStory,0.31097987
story_reviews_00839,Abandoning PSA Screening Could Cost Lives: Study,Abandoning PSA Screening Could Cost Lives: Study,1,Real,4,HealthStory,0.31093982
story_reviews_00941,"Nicotine Replacement Doesn’t Help Smokers Quit, Study Finds","Nicotine Replacement Doesn’t Help Smokers Quit, Study Finds",1,Real,4,HealthStory,0.31078768
story_reviews_01287,"Aspirin Helps Reduce Cancer Deaths, Study Finds","Aspirin Helps Reduce Cancer Deaths, Study Finds",1,Real,3,HealthStory,0.3105098
story_reviews_00495,Panel Reasserts Mammogram Advice That Triggered Breast Cancer Debate,Panel Reasserts Mammogram Advice That Triggered Breast Cancer Debate,1,Real,5,HealthStory,0.3104358
story_reviews_00811,"Tomato Helps Cut the Risk of a Stroke, Study Shows","Tomato Helps Cut the Risk of a Stroke, Study Shows",1,Real,4,HealthStory,0.31038478
story_reviews_01467,Should belly fat prompt early colon cancer screens?,Should belly fat prompt early colon cancer screens?,1,Real,4,HealthStory,0.31015608
story_reviews_00157,Ebola Vaccines Show Promise in New Study,Ebola Vaccines Show Promise in New Study,1,Real,4,HealthStory,0.31014028
story_reviews_00958,Hemophilia B Gene Therapy Breakthrough,Hemophilia B Gene Therapy Breakthrough,1,Real,4,HealthStory,0.309602
story_reviews_01269,Does 'Club Drug' Ecstasy Have Therapeutic Value?,Does 'Club Drug' Ecstasy Have Therapeutic Value?,0,Fake,1,HealthStory,0.30951327
story_reviews_00786,Probiotics' Benefits May Be More Than a Gut Feeling,Probiotics' Benefits May Be More Than a Gut Feeling,1,Real,4,HealthStory,0.30938682
story_reviews_00197,Beyond The Nasty Needle: Trying To Make Vaccines More Comfy And Convenient,Beyond The Nasty Needle: Trying To Make Vaccines More Comfy And Convenient,1,Real,3,HealthStory,0.30934408
story_reviews_01137,"More Options Before Bypass Surgery, Study Finds","More Options Before Bypass Surgery, Study Finds",1,Real,5,HealthStory,0.30931285
story_reviews_01175,Noninvasive Test May Identify Down Syndrome Early On,Noninvasive Test May Identify Down Syndrome Early On,1,Real,3,HealthStory,0.30880353
story_reviews_01589,Magnets Might Boost Stem Cell Therapy,Magnets Might Boost Stem Cell Therapy,0,Fake,1,HealthStory,0.30854958
story_reviews_01560,Impotence Drugs May Aid Brain Tumor Treatment,Impotence Drugs May Aid Brain Tumor Treatment,0,Fake,1,HealthStory,0.30854952
story_reviews_00035,Weight-loss pills can help. So why don't more people use them?,Weight-loss pills can help. So why don't more people use them?,0,Fake,2,HealthStory,0.3084686
story_reviews_00053,Drugmakers Call Experimental Alzheimer’s Drug Study Outcome Positive,Drugmakers Call Experimental Alzheimer’s Drug Study Outcome Positive,1,Real,5,HealthStory,0.30834532
story_reviews_00407,Should pregnant women be induced at 39 weeks?,Should pregnant women be induced at 39 weeks?,1,Real,3,HealthStory,0.30814296
story_reviews_01322,Prostate Cancer Drug Gets Lukewarm Review,Prostate Cancer Drug Gets Lukewarm Review,1,Real,3,HealthStory,0.30764565
story_reviews_00694,Mail-Order Viruses Are The New Antibiotics,Mail-Order Viruses Are The New Antibiotics,1,Real,3,HealthStory,0.30749106
story_reviews_00014,"Artificial intelligence can predict Alzheimer’s 6 years earlier than medics, study finds","Artificial intelligence can predict Alzheimer’s 6 years earlier than medics, study finds",0,Fake,2,HealthStory,0.30745563
story_reviews_00690,"Your IUD and Implant Last Much Longer Than They Claim, Study Says","Your IUD and Implant Last Much Longer Than They Claim, Study Says",0,Fake,2,HealthStory,0.30741692
story_reviews_01328,"Lung Cancer Deaths Reduced by CT Scans, Study Finds","Lung Cancer Deaths Reduced by CT Scans, Study Finds",1,Real,4,HealthStory,0.30721352
story_reviews_00668,Sex in Old Age May Lead to a Sharper Mind,Sex in Old Age May Lead to a Sharper Mind,0,Fake,2,HealthStory,0.30704257
story_reviews_00624,More Consensus on Coffee’s Effect on Health Than You Might Think,More Consensus on Coffee’s Effect on Health Than You Might Think,1,Real,3,HealthStory,0.30699843
story_reviews_00108,"Alzheimer's disease reversed in mice, offering hope for humans, new research shows","Alzheimer's disease reversed in mice, offering hope for humans, new research shows",0,Fake,1,HealthStory,0.3069244
story_reviews_01180,Chew On This: Sticking With Nicotine Gum for the Long Haul,Chew On This: Sticking With Nicotine Gum for the Long Haul,1,Real,3,HealthStory,0.30676994
story_reviews_00774,A Breakthrough Against Leukemia Using Altered T-Cells,A Breakthrough Against Leukemia Using Altered T-Cells,1,Real,4,HealthStory,0.30668455
story_reviews_01134,"Strawberries Fight Cancer, Study Finds","Strawberries Fight Cancer, Study Finds",0,Fake,2,HealthStory,0.30643237
story_reviews_00978,New Multiple Sclerosis Therapy Promising in Early Trial,New Multiple Sclerosis Therapy Promising in Early Trial,0,Fake,2,HealthStory,0.30638665
story_reviews_01502,New Scan May Spot Alzheimer’s,New Scan May Spot Alzheimer’s,0,Fake,2,HealthStory,0.3061684
story_reviews_01022,Chinese Herbs Equal to Tamiflu in Reducing H1N1 Fever: Study,Chinese Herbs Equal to Tamiflu in Reducing H1N1 Fever: Study,1,Real,3,HealthStory,0.30578643
story_reviews_00314,Never Too Old to Be an Organ Donor,Never Too Old to Be an Organ Donor,0,Fake,2,HealthStory,0.30571902
story_reviews_00959,"Mammograms Cut Risk of Breast Cancer Death by Half, Study Finds","Mammograms Cut Risk of Breast Cancer Death by Half, Study Finds",0,Fake,2,HealthStory,0.30564392
story_reviews_00501,Newer Blood Pressure Drugs as Good as Older Ones: Study,Newer Blood Pressure Drugs as Good as Older Ones: Study,1,Real,3,HealthStory,0.3054526
story_reviews_00200,Cancer and Kids: Is Medical Marijuana the Answer?,Cancer and Kids: Is Medical Marijuana the Answer?,1,Real,4,HealthStory,0.30533746
story_reviews_01012,Trial Shows Blockbuster Potential for Blood Clot Pill Eliquis,Trial Shows Blockbuster Potential for Blood Clot Pill Eliquis,1,Real,4,HealthStory,0.3053296
story_reviews_00526,"Could an Inexpensive, Underused Drug Reduce Blood Loss During Surgery?","Could an Inexpensive, Underused Drug Reduce Blood Loss During Surgery?",1,Real,4,HealthStory,0.30515045
story_reviews_01447,New Hope in Fatigue Fight,New Hope in Fatigue Fight,0,Fake,2,HealthStory,0.30508843
story_reviews_01580,Experimental Drug May Treat Hepatitis C,Experimental Drug May Treat Hepatitis C,1,Real,4,HealthStory,0.30477664
story_reviews_01503,Experts Issue New Guidelines on Breast Cancer Drugs,Experts Issue New Guidelines on Breast Cancer Drugs,1,Real,3,HealthStory,0.3047315
story_reviews_00636,"Aspirin May Help Ward Off Gastro Cancers, Study Finds","Aspirin May Help Ward Off Gastro Cancers, Study Finds",1,Real,3,HealthStory,0.3046633
story_reviews_00217,The O-Shot: Incontinence fix or empty promise?,The O-Shot: Incontinence fix or empty promise?,1,Real,5,HealthStory,0.3041885
story_reviews_00414,Prozac and antidepressants are less effective in children than previously thought.,Prozac and antidepressants are less effective in children than previously thought.,0,Fake,2,HealthStory,0.3041738
story_reviews_00976,New Device Uses Light to Screen for Melanoma,New Device Uses Light to Screen for Melanoma,1,Real,5,HealthStory,0.30413422
story_reviews_00074,Which Anti-Depressant Is Right for You? Your DNA Can Shed Some Light,Which Anti-Depressant Is Right for You? Your DNA Can Shed Some Light,1,Real,4,HealthStory,0.3038078
story_reviews_00248,"‘Pacemaker’ for the Brain Can Help Memory, Study Finds","‘Pacemaker’ for the Brain Can Help Memory, Study Finds",1,Real,3,HealthStory,0.30377865
story_reviews_00943,The Healthy Skeptic: Is caffeine an effective weight-loss aid?,The Healthy Skeptic: Is caffeine an effective weight-loss aid?,1,Real,5,HealthStory,0.30344188
story_reviews_00688,Can elderberry help treat colds and flu?,Can elderberry help treat colds and flu?,1,Real,3,HealthStory,0.30337843
story_reviews_00206,You’ve Got Mail About Quitting Smoking,You’ve Got Mail About Quitting Smoking,1,Real,5,HealthStory,0.30310437
story_reviews_00573,Gardasil: New study shows it's safe.,Gardasil: New study shows it's safe.,1,Real,3,HealthStory,0.30256915
story_reviews_00341,App Helps Save Seattle Cardiac Patient,App Helps Save Seattle Cardiac Patient,1,Real,4,HealthStory,0.30242127
story_reviews_00850,Newer 'Second-Line' Diabetes Drug May Outperform Older Meds,Newer 'Second-Line' Diabetes Drug May Outperform Older Meds,1,Real,4,HealthStory,0.3023696
story_reviews_00083,Immune Treatments Show Promise for Lung Cancer,Immune Treatments Show Promise for Lung Cancer,0,Fake,2,HealthStory,0.3021536
story_reviews_01661,"For Lower Blood Pressure, Low-Carb Diet May Be Best","For Lower Blood Pressure, Low-Carb Diet May Be Best",1,Real,3,HealthStory,0.30202696
story_reviews_00572,Could one-two punch of generics for breast cancer be more powerful than wonder drug tamoxifen?,Could one-two punch of generics for breast cancer be more powerful than wonder drug tamoxifen?,1,Real,3,HealthStory,0.3017918
story_reviews_01089,HPV Test Beats Pap for Cervical Cancer Screening,HPV Test Beats Pap for Cervical Cancer Screening,1,Real,5,HealthStory,0.30176896
story_reviews_00156,Muscular Dystrophy: Heartbroken Family Awaits FDA Decision on Experimental Drug,Muscular Dystrophy: Heartbroken Family Awaits FDA Decision on Experimental Drug,1,Real,4,HealthStory,0.3012338
story_reviews_01594,'Electronic Nose' Sniffs Out Asthma,'Electronic Nose' Sniffs Out Asthma,1,Real,5,HealthStory,0.3007846
story_reviews_01197,Can Pomegranate Pills Fight Prostate Cancer?,Can Pomegranate Pills Fight Prostate Cancer?,1,Real,3,HealthStory,0.30058727
story_reviews_01436,"Marijuana Relieves Chronic Pain, Research Shows","Marijuana Relieves Chronic Pain, Research Shows",0,Fake,2,HealthStory,0.3002141
story_reviews_00175,Immune-Focused Drug May Be New Weapon Against Advanced Melanoma,Immune-Focused Drug May Be New Weapon Against Advanced Melanoma,1,Real,4,HealthStory,0.29980087
story_reviews_00056,Doctors Try Genetically Modified Poliovirus As Experimental Brain Cancer Treatment,Doctors Try Genetically Modified Poliovirus As Experimental Brain Cancer Treatment,1,Real,4,HealthStory,0.299799
story_reviews_01536,Drug That Stops Bleeding Could Save Lives,Drug That Stops Bleeding Could Save Lives,1,Real,4,HealthStory,0.29978207
story_reviews_01348,Aspirin May Help Patients Beat Prostate Cancer,Aspirin May Help Patients Beat Prostate Cancer,1,Real,3,HealthStory,0.29974324
story_reviews_00437,Does Putting On A Few Pounds Help You Cheat Death?,Does Putting On A Few Pounds Help You Cheat Death?,1,Real,3,HealthStory,0.2997026
story_reviews_00221,"New Vaccine Could Stop Heroin Abuse by Blocking High, Study Suggests","New Vaccine Could Stop Heroin Abuse by Blocking High, Study Suggests",1,Real,3,HealthStory,0.29936576
story_reviews_00585,"Calcium Scan Can Predict Premature Death Risk, Study Says","Calcium Scan Can Predict Premature Death Risk, Study Says",0,Fake,2,HealthStory,0.29916385
story_reviews_00394,Can New Devices Match Heimlich to Stop Choking?,Can New Devices Match Heimlich to Stop Choking?,1,Real,5,HealthStory,0.29892802
story_reviews_01644,Insulin Study Could Lead to New Dosage Devices,Insulin Study Could Lead to New Dosage Devices,1,Real,4,HealthStory,0.29888254
story_reviews_00209,Can an Aspirin a Day Keep a Pregnancy Complication Away?,Can an Aspirin a Day Keep a Pregnancy Complication Away?,1,Real,5,HealthStory,0.29870403
story_reviews_00047,Women with endometriosis experience terrible pain. There’s finally a new treatment.,Women with endometriosis experience terrible pain. There’s finally a new treatment.,1,Real,4,HealthStory,0.29826683
story_reviews_00866,Chinese Herb Kudzu May Help Drinkers Cut Down,Chinese Herb Kudzu May Help Drinkers Cut Down,1,Real,4,HealthStory,0.29805115
story_reviews_00561,A Grief So Deep It Won’t Die,A Grief So Deep It Won’t Die,1,Real,3,HealthStory,0.29792735
story_reviews_00870,Eggs at Breakfast May Delay Hunger,Eggs at Breakfast May Delay Hunger,0,Fake,1,HealthStory,0.29790658
story_reviews_01011,New Blood Thinner May Outperform Warfarin for Irregular Heartbeat,New Blood Thinner May Outperform Warfarin for Irregular Heartbeat,1,Real,5,HealthStory,0.2976364
story_reviews_01023,Are 3-D mammograms a breast cancer breakthrough?,Are 3-D mammograms a breast cancer breakthrough?,1,Real,3,HealthStory,0.2974411
story_reviews_00431,Cancer Drug Keytruda Keeps Some Patients Alive For 3 Years,Cancer Drug Keytruda Keeps Some Patients Alive For 3 Years,1,Real,5,HealthStory,0.29706132
story_reviews_00939,Nicotine Patch May Improve Memory,Nicotine Patch May Improve Memory,1,Real,4,HealthStory,0.29700682
story_reviews_00586,"Weight-Loss Surgery Better Than Diet and Exercise in Treating Type 2 Diabetes, Study Finds","Weight-Loss Surgery Better Than Diet and Exercise in Treating Type 2 Diabetes, Study Finds",1,Real,3,HealthStory,0.29699197
story_reviews_01103,"Latisse, Not Just for Eyelashes Anymore: Skin Deep","Latisse, Not Just for Eyelashes Anymore: Skin Deep",1,Real,4,HealthStory,0.29651317
story_reviews_00715,A better way to help people quit smoking?,A better way to help people quit smoking?,1,Real,3,HealthStory,0.29644132
story_reviews_00088,Prostate-Cancer Gene Test Helps Patients Decide on Treatment,Prostate-Cancer Gene Test Helps Patients Decide on Treatment,1,Real,3,HealthStory,0.29636988
story_reviews_00046,Could a blood test lead to new treatments for depression?,Could a blood test lead to new treatments for depression?,1,Real,4,HealthStory,0.29629478
story_reviews_00424,New Eczema Treatments Could Be Available Soon,New Eczema Treatments Could Be Available Soon,1,Real,3,HealthStory,0.29627877
story_reviews_00692,10 million wisdom teeth are removed each year. That might be way too many.,10 million wisdom teeth are removed each year. That might be way too many.,1,Real,4,HealthStory,0.2962704
story_reviews_00034,"Fish Oil Pills During Pregnancy Might Mean Stronger, Healthier Kids","Fish Oil Pills During Pregnancy Might Mean Stronger, Healthier Kids",1,Real,4,HealthStory,0.29618105
story_reviews_00048,Could Pot-Linked Drug Help Ease Agitation in Alzheimer's?,Could Pot-Linked Drug Help Ease Agitation in Alzheimer's?,1,Real,4,HealthStory,0.2960646
story_reviews_00168,How to Lose Weight: Two-Week Diet Better for Dropping Pounds,How to Lose Weight: Two-Week Diet Better for Dropping Pounds,1,Real,3,HealthStory,0.29604334
story_reviews_00888,New Scanning Technology Might Help Guide Prostate Cancer Care,New Scanning Technology Might Help Guide Prostate Cancer Care,0,Fake,2,HealthStory,0.2959052
story_reviews_00840,Prostate Cancer Screening: Why Can’t Doctors Agree?,Prostate Cancer Screening: Why Can’t Doctors Agree?,1,Real,3,HealthStory,0.29585624
story_reviews_00446,Is Peru’s Psychedelic Potion a Cure or a Curse?,Is Peru’s Psychedelic Potion a Cure or a Curse?,1,Real,4,HealthStory,0.2958085
story_reviews_00146,IUDs May Have A Surprising Added Health Benefit,IUDs May Have A Surprising Added Health Benefit,1,Real,3,HealthStory,0.29574543
story_reviews_01577,Drinking Green Tea May Protect Eyes,Drinking Green Tea May Protect Eyes,0,Fake,0,HealthStory,0.29557294
story_reviews_00530,Why Double Knee Replacement Might Be Best,Why Double Knee Replacement Might Be Best,1,Real,5,HealthStory,0.29512736
story_reviews_00884,Soy Supplements May Cool Hot Flashes: Study,Soy Supplements May Cool Hot Flashes: Study,0,Fake,2,HealthStory,0.29482454
story_reviews_00500,Why Tortillas May Hold The Key To Healthier Babies,Why Tortillas May Hold The Key To Healthier Babies,1,Real,4,HealthStory,0.294806
story_reviews_01570,Colonoscopy Prep in a Pill May Be Easier to Swallow,Colonoscopy Prep in a Pill May Be Easier to Swallow,0,Fake,0,HealthStory,0.2947289
story_reviews_01684,Compound May Fight Hard-to-Treat Lung Cancer,Compound May Fight Hard-to-Treat Lung Cancer,0,Fake,2,HealthStory,0.2946215
story_reviews_00993,Robot-assisted hair restoration?,Robot-assisted hair restoration?,1,Real,5,HealthStory,0.29460552
story_reviews_00584,F.D.A. Approves Heart Drug Entresto Said to Cut Death Risk by 20%,F.D.A. Approves Heart Drug Entresto Said to Cut Death Risk by 20%,1,Real,5,HealthStory,0.29448053
story_reviews_01528,New Devices to Help Heart Patients,New Devices to Help Heart Patients,0,Fake,2,HealthStory,0.2942005
story_reviews_01153,Alexander Technique: A Balm For Back Pain?,Alexander Technique: A Balm For Back Pain?,0,Fake,2,HealthStory,0.2937952
story_reviews_01307,Fruits and Veggies May Prolong Your Life,Fruits and Veggies May Prolong Your Life,0,Fake,1,HealthStory,0.2935126
story_reviews_01489,Tiny Eye Telescope Brings Back A World Of Sight,Tiny Eye Telescope Brings Back A World Of Sight,1,Real,5,HealthStory,0.29326367
story_reviews_00385,She found relief for PTSD with a different kind of therapy. But does it work?,She found relief for PTSD with a different kind of therapy. But does it work?,1,Real,3,HealthStory,0.29308134
story_reviews_00364,You Asked: Are Infrared Saunas Healthy?,You Asked: Are Infrared Saunas Healthy?,0,Fake,2,HealthStory,0.2930225
story_reviews_00006,Nerve Zap Might Ease Pain of Herniated Disk,Nerve Zap Might Ease Pain of Herniated Disk,1,Real,3,HealthStory,0.29298183
story_reviews_00062,New Prostate Cancer DNA Spit Test Developed by Scientists,New Prostate Cancer DNA Spit Test Developed by Scientists,1,Real,3,HealthStory,0.29273865
story_reviews_00707,Is proton therapy the 'magic bullet' for cancer?,Is proton therapy the 'magic bullet' for cancer?,0,Fake,1,HealthStory,0.2923408
story_reviews_01340,Noninvasive Test for Colon Cancer Shows Promise in Early Trial,Noninvasive Test for Colon Cancer Shows Promise in Early Trial,1,Real,3,HealthStory,0.29230863
story_reviews_00288,"This App Says It's As Good As The Pill At Preventing Pregnancy, But Experts Want More Evidence","This App Says It's As Good As The Pill At Preventing Pregnancy, But Experts Want More Evidence",1,Real,5,HealthStory,0.29229438
story_reviews_00439,"Facelift in a Bottle? 'Second Skin' Tightens Baggy Eyes, Protects Dry Skin","Facelift in a Bottle? 'Second Skin' Tightens Baggy Eyes, Protects Dry Skin",0,Fake,2,HealthStory,0.2922084
story_reviews_01386,"Mammograms Save Lives for Women in Their 40s, Study Says","Mammograms Save Lives for Women in Their 40s, Study Says",0,Fake,2,HealthStory,0.2921148
story_reviews_01159,Stitching Up Shoulders,Stitching Up Shoulders,1,Real,3,HealthStory,0.2919468
story_reviews_01552,Hepatitis C Drug Raises Cure Rate in a Late Trial,Hepatitis C Drug Raises Cure Rate in a Late Trial,1,Real,3,HealthStory,0.29188576
story_reviews_00183,Thinning Hair? A New Treatment Offers Hope,Thinning Hair? A New Treatment Offers Hope,1,Real,3,HealthStory,0.2917403
story_reviews_00654,"Manual Clot Removal After Heart Attack May Not Help, Could Harm","Manual Clot Removal After Heart Attack May Not Help, Could Harm",1,Real,5,HealthStory,0.2915783
story_reviews_00192,Can a genetic test really boost your odds of becoming pregnant?,Can a genetic test really boost your odds of becoming pregnant?,1,Real,5,HealthStory,0.29149657
story_reviews_00415,A Scientist's Dream Fulfilled: Harnessing The Immune System To Fight Cancer,A Scientist's Dream Fulfilled: Harnessing The Immune System To Fight Cancer,1,Real,3,HealthStory,0.2914308
story_reviews_01670,Blood Test for Lung Cancer in the Works,Blood Test for Lung Cancer in the Works,1,Real,5,HealthStory,0.29104874
story_reviews_00583,A New Frontier in Sun Protection,A New Frontier in Sun Protection,1,Real,3,HealthStory,0.29103214
story_reviews_00861,Can Aspirin Help Ward Off Skin Cancer?,Can Aspirin Help Ward Off Skin Cancer?,1,Real,3,HealthStory,0.29076275
story_reviews_01032,Urine Test May Help Predict Prostate Cancer,Urine Test May Help Predict Prostate Cancer,1,Real,4,HealthStory,0.29071864
story_reviews_00463,Baby Deadline Test: Beat Your Biological Clock,Baby Deadline Test: Beat Your Biological Clock,0,Fake,2,HealthStory,0.29068965
story_reviews_00695,Can Attention Deficit Drugs ‘Normalize’ a Child’s Brain?,Can Attention Deficit Drugs ‘Normalize’ a Child’s Brain?,1,Real,3,HealthStory,0.2898718
story_reviews_00122,'Bone Cement': A Non-Surgical Option for Painful Joints?,'Bone Cement': A Non-Surgical Option for Painful Joints?,0,Fake,1,HealthStory,0.28979644
story_reviews_01461,Less Invasive Biopsies Gain Favor,Less Invasive Biopsies Gain Favor,0,Fake,2,HealthStory,0.28969976
story_reviews_00332,Breathe. Exhale. Repeat: The Benefits of Controlled Breathing,Breathe. Exhale. Repeat: The Benefits of Controlled Breathing,0,Fake,2,HealthStory,0.28894103
story_reviews_00944,Red wine prevents breast cancer? I’ll drink to that!,Red wine prevents breast cancer? I’ll drink to that!,1,Real,3,HealthStory,0.2885378
story_reviews_00736,Are Pricey Computer-Aided Mammograms Worth It?,Are Pricey Computer-Aided Mammograms Worth It?,1,Real,4,HealthStory,0.28850055
story_reviews_01028,"Blood Test Can Tell Fetal Sex at 7 Weeks, Study Says","Blood Test Can Tell Fetal Sex at 7 Weeks, Study Says",1,Real,4,HealthStory,0.2884438
story_reviews_01149,"Less Stress, Better Sleep May Help You Lose Weight","Less Stress, Better Sleep May Help You Lose Weight",1,Real,4,HealthStory,0.28813097
story_reviews_00682,"In Image-Guided Operating Suites, Surgeons See Real-Time MRI, CT Scans","In Image-Guided Operating Suites, Surgeons See Real-Time MRI, CT Scans",0,Fake,2,HealthStory,0.28783646
story_reviews_00211,"To Treat Depression, Try a Digital Therapist","To Treat Depression, Try a Digital Therapist",1,Real,4,HealthStory,0.287794
story_reviews_00904,Can Herbs Fight Asthma?,Can Herbs Fight Asthma?,1,Real,4,HealthStory,0.2877865
story_reviews_01680,"Latest News, Diets, Workouts, Healthy Recipes","Latest News, Diets, Workouts, Healthy Recipes",1,Real,3,HealthStory,0.2875948
story_reviews_00159,Hate UTIs? One Simple Step Can Cut the Risk,Hate UTIs? One Simple Step Can Cut the Risk,1,Real,3,HealthStory,0.28739536
story_reviews_00089,Selfie Medicine: Phone Apps Push People to Take Their Pills,Selfie Medicine: Phone Apps Push People to Take Their Pills,1,Real,3,HealthStory,0.28731132
story_reviews_00913,At-Home Sperm-Count Test Now Available,At-Home Sperm-Count Test Now Available,0,Fake,1,HealthStory,0.28730884
story_reviews_01668,Ankles Gain as Candidates for Joint Replacement,Ankles Gain as Candidates for Joint Replacement,0,Fake,2,HealthStory,0.28720665
story_reviews_00266,Pop a Pill for Heartburn? Try Diet and Exercise Instead,Pop a Pill for Heartburn? Try Diet and Exercise Instead,0,Fake,2,HealthStory,0.28716308
story_reviews_01330,Lung Cancer Deaths May Be Cut by Special CT Scan,Lung Cancer Deaths May Be Cut by Special CT Scan,1,Real,4,HealthStory,0.28706
story_reviews_00396,Could Statins Help Fight Cancer?,Could Statins Help Fight Cancer?,1,Real,3,HealthStory,0.28692314
story_reviews_00919,Weight-Loss Drugs Face High Hurdles At FDA,Weight-Loss Drugs Face High Hurdles At FDA,1,Real,3,HealthStory,0.2868489
story_reviews_01419,Your skin vs. the sun: A sunscreen pill?,Your skin vs. the sun: A sunscreen pill?,0,Fake,2,HealthStory,0.2867022
story_reviews_00348,Botox Works As Well As Nerve Stimulator for Incontinence – Study,Botox Works As Well As Nerve Stimulator for Incontinence – Study,1,Real,3,HealthStory,0.28669158
story_reviews_00851,"Not All Calories Equal, Study Shows","Not All Calories Equal, Study Shows",1,Real,4,HealthStory,0.28643796
story_reviews_01466,"Burger and a statin to go? Or hold that, please?","Burger and a statin to go? Or hold that, please?",1,Real,5,HealthStory,0.28636983
story_reviews_00562,'Play This Video Game And Call Me In The Morning','Play This Video Game And Call Me In The Morning',0,Fake,2,HealthStory,0.286256
story_reviews_01553,Does do-it-yourself colon cleansing really improve health?,Does do-it-yourself colon cleansing really improve health?,1,Real,5,HealthStory,0.28624368
story_reviews_01071,Jury Still Out on Radiation for Early Prostate Cancer,Jury Still Out on Radiation for Early Prostate Cancer,1,Real,5,HealthStory,0.28622115
story_reviews_00769,"Energy Drinks Promise Edge, but Experts Say Proof Is Scant","Energy Drinks Promise Edge, but Experts Say Proof Is Scant",1,Real,5,HealthStory,0.28619483
story_reviews_00255,Can Stem Cell 'Patch' Help Heart Failure?,Can Stem Cell 'Patch' Help Heart Failure?,1,Real,3,HealthStory,0.28601393
story_reviews_00101,This Chef Lost 50 Pounds And Reversed Prediabetes With A Digital Program,This Chef Lost 50 Pounds And Reversed Prediabetes With A Digital Program,1,Real,3,HealthStory,0.2859213
story_reviews_01209,"Lymph Node Surgery for Breast Cancer Not Always Needed, Study Says","Lymph Node Surgery for Breast Cancer Not Always Needed, Study Says",1,Real,5,HealthStory,0.28578973
story_reviews_00798,Early Autism Treatment Benefits Kids' Brains,Early Autism Treatment Benefits Kids' Brains,0,Fake,2,HealthStory,0.28544584
story_reviews_00559,"Should you take Tylenol, Advil, or aspirin for pain? Here's what the evidence says.","Should you take Tylenol, Advil, or aspirin for pain? Here's what the evidence says.",1,Real,5,HealthStory,0.28544345
story_reviews_00073,"New Cure for Baldness Could Be Found in Existing Drug, Scientists Say","New Cure for Baldness Could Be Found in Existing Drug, Scientists Say",1,Real,3,HealthStory,0.28542897
story_reviews_00393,Treating PTSD With Virtual Reality Therapy: A Way to Heal Trauma,Treating PTSD With Virtual Reality Therapy: A Way to Heal Trauma,0,Fake,1,HealthStory,0.2851892
story_reviews_00734,"Implanted Device May Predict Epilepsy Seizures, Study Suggests","Implanted Device May Predict Epilepsy Seizures, Study Suggests",1,Real,5,HealthStory,0.28509355
story_reviews_00879,"Alzheimer’s: New test aids early diagnosis, but worth it to know?","Alzheimer’s: New test aids early diagnosis, but worth it to know?",1,Real,3,HealthStory,0.2847758
story_reviews_00357,"More Breast Cancer Patients Should Consider Radiation, New Guidelines Say","More Breast Cancer Patients Should Consider Radiation, New Guidelines Say",1,Real,4,HealthStory,0.28464144
story_reviews_01147,3-Drug Combo May Treat Hepatitis C,3-Drug Combo May Treat Hepatitis C,1,Real,3,HealthStory,0.28462356
story_reviews_00325,Can’t Get to Sleep? Lay Off the Drugs,Can’t Get to Sleep? Lay Off the Drugs,1,Real,4,HealthStory,0.28437632
story_reviews_00969,Got High Blood Pressure? Kiwi Fruit May Help,Got High Blood Pressure? Kiwi Fruit May Help,1,Real,3,HealthStory,0.28422374
story_reviews_00865,New Blood Thinner May Lower Chances of Clots in High-Risk Heart Patients: FDA,New Blood Thinner May Lower Chances of Clots in High-Risk Heart Patients: FDA,0,Fake,2,HealthStory,0.2841445
story_reviews_00448,Could marijuana help treat painkiller and heroin addiction?,Could marijuana help treat painkiller and heroin addiction?,1,Real,3,HealthStory,0.28412145
story_reviews_01296,"Extra Calcium and Vitamin D Aren’t Necessary, Report Says","Extra Calcium and Vitamin D Aren’t Necessary, Report Says",1,Real,5,HealthStory,0.28363028
story_reviews_00926,"Electrical Brain Stimulation May Strengthen Memory, Study Says","Electrical Brain Stimulation May Strengthen Memory, Study Says",1,Real,4,HealthStory,0.28332832
story_reviews_00768,Drug Fulfills Promise Of Research Into Cystic Fibrosis Gene,Drug Fulfills Promise Of Research Into Cystic Fibrosis Gene,1,Real,3,HealthStory,0.28314215
story_reviews_01697,Diagnosing Breast Cancer: Needle Biopsy Best?,Diagnosing Breast Cancer: Needle Biopsy Best?,0,Fake,2,HealthStory,0.28279868
story_reviews_01484,Could Drinking Help Thwart Rheumatoid Arthritis?,Could Drinking Help Thwart Rheumatoid Arthritis?,0,Fake,2,HealthStory,0.28258586
story_reviews_01561,Less Invasive Heart Defibrillators Seen Closer to Reality,Less Invasive Heart Defibrillators Seen Closer to Reality,1,Real,5,HealthStory,0.28250754
story_reviews_00130,Could A Zap To The Brain Derail Destructive Impulses?,Could A Zap To The Brain Derail Destructive Impulses?,1,Real,3,HealthStory,0.28202346
story_reviews_00569,A Green Light for Red Palm Oil as Health Aid?,A Green Light for Red Palm Oil as Health Aid?,1,Real,5,HealthStory,0.28179067
story_reviews_01058,Got Low Back Pain? Massage Therapy May Rub It Out,Got Low Back Pain? Massage Therapy May Rub It Out,1,Real,3,HealthStory,0.28178054
story_reviews_00293,Can Breath Test Detect Stomach Cancers Earlier?,Can Breath Test Detect Stomach Cancers Earlier?,0,Fake,2,HealthStory,0.28136972
story_reviews_00981,Experimental Psoriasis Drug Bests Older Treatment,Experimental Psoriasis Drug Bests Older Treatment,1,Real,3,HealthStory,0.28124192
story_reviews_00504,"C-Sections Are Best With a Little Labor, a Study Says","C-Sections Are Best With a Little Labor, a Study Says",1,Real,4,HealthStory,0.28108585
story_reviews_00645,Why Doctors Are Trying A Skin Cancer Drug To Treat A Brain Tumor,Why Doctors Are Trying A Skin Cancer Drug To Treat A Brain Tumor,1,Real,3,HealthStory,0.2806562
story_reviews_01507,Study: Avid’s Imaging Dye Can Detect Alzheimer’s From Scan,Study: Avid’s Imaging Dye Can Detect Alzheimer’s From Scan,1,Real,3,HealthStory,0.27990672
story_reviews_01378,"Surgery For Sinus Misery: Better, But Still No Cure","Surgery For Sinus Misery: Better, But Still No Cure",1,Real,4,HealthStory,0.2795291
story_reviews_00655,Can Personal Air Purifiers Keep Cold and Flu Bugs Away?,Can Personal Air Purifiers Keep Cold and Flu Bugs Away?,1,Real,4,HealthStory,0.27922925
story_reviews_00995,Ginger Supplements Might Ease Inflammation Linked to Colon Cancer,Ginger Supplements Might Ease Inflammation Linked to Colon Cancer,1,Real,3,HealthStory,0.2789079
story_reviews_00271,The Sound of ‘Pink Noise’ Improves Sleep and Memory,The Sound of ‘Pink Noise’ Improves Sleep and Memory,1,Real,3,HealthStory,0.27864116
story_reviews_01178,Virtual Colonoscopy Gains in Popularity. Is It Right for You?,Virtual Colonoscopy Gains in Popularity. Is It Right for You?,0,Fake,2,HealthStory,0.27840468
story_reviews_00141,"Want to Live Longer? Every Movement Counts, Even Cleaning the House","Want to Live Longer? Every Movement Counts, Even Cleaning the House",0,Fake,2,HealthStory,0.27764937
story_reviews_00328,"Prisons fight opioids with $1,000 Vivitrol injections: Does it work?","Prisons fight opioids with $1,000 Vivitrol injections: Does it work?",1,Real,5,HealthStory,0.27764636
story_reviews_00931,FDA Approves Cystic Fibrosis Drug,FDA Approves Cystic Fibrosis Drug,1,Real,3,HealthStory,0.27726632
story_reviews_01604,Are We Overselling The Sunshine Vitamin?,Are We Overselling The Sunshine Vitamin?,1,Real,5,HealthStory,0.2769484
story_reviews_01612,Gene-Targeted Cancer Fix Could Be a Breakthrough,Gene-Targeted Cancer Fix Could Be a Breakthrough,1,Real,3,HealthStory,0.27625242
story_reviews_00277,A Medicine That Blunts The Buzz Of Alcohol Can Help Drinkers Cut Back,A Medicine That Blunts The Buzz Of Alcohol Can Help Drinkers Cut Back,1,Real,3,HealthStory,0.2754422
story_reviews_00742,Can Enzymes Make the Meal?,Can Enzymes Make the Meal?,0,Fake,2,HealthStory,0.27532515
story_reviews_01170,Could gene tests tell if kids can be sports stars?,Could gene tests tell if kids can be sports stars?,1,Real,4,HealthStory,0.27495316
story_reviews_00979,Could Listening to Mozart Help Doctors Spot Colon Polyps?,Could Listening to Mozart Help Doctors Spot Colon Polyps?,0,Fake,2,HealthStory,0.274746
story_reviews_00522,How Sugar Affects the Body: New Study Looks Beyond Calories,How Sugar Affects the Body: New Study Looks Beyond Calories,1,Real,5,HealthStory,0.27462173
story_reviews_01666,Should HPV Test Replace the Pap Smear?,Should HPV Test Replace the Pap Smear?,1,Real,4,HealthStory,0.27432904
story_reviews_01676,To Circumcise or Not?,To Circumcise or Not?,0,Fake,2,HealthStory,0.27359325
story_reviews_00574,"Lilly’s Alzheimer’s Drug May Slow Patients’ Decline, Study Shows","Lilly’s Alzheimer’s Drug May Slow Patients’ Decline, Study Shows",1,Real,3,HealthStory,0.27240694
story_reviews_00805,"Epilepsy Drug Shows Promise as Weight-Loss Aid, Study Says","Epilepsy Drug Shows Promise as Weight-Loss Aid, Study Says",1,Real,3,HealthStory,0.27225643
story_reviews_01344,POM-boozled: Do health drinks live up to their labels?,POM-boozled: Do health drinks live up to their labels?,1,Real,4,HealthStory,0.27171203
story_reviews_01171,Why to Eat Like a Greek,Why to Eat Like a Greek,1,Real,4,HealthStory,0.2716741
story_reviews_00428,A Cure for Digital Addicts’ ‘Text Neck’?,A Cure for Digital Addicts’ ‘Text Neck’?,1,Real,4,HealthStory,0.2711727
story_reviews_01511,FDA OKs Implantable Telescope to Aid Vision,FDA OKs Implantable Telescope to Aid Vision,1,Real,3,HealthStory,0.2708202
story_reviews_01068,"'Honey, It's Your Turn...'","'Honey, It's Your Turn...'",1,Real,5,HealthStory,0.2702567
story_reviews_00764,"Berries May Cut Heart Attack Risk in Women, Study Says","Berries May Cut Heart Attack Risk in Women, Study Says",0,Fake,2,HealthStory,0.27004653
story_reviews_01633,"Bitter Melon Extract May Slow, Stop Breast Cancer","Bitter Melon Extract May Slow, Stop Breast Cancer",1,Real,3,HealthStory,0.2699339
story_reviews_01395,"In Test of Stents, Old Standby Wins Out","In Test of Stents, Old Standby Wins Out",1,Real,4,HealthStory,0.26885813
story_reviews_01182,Fish Oil Seems to Help Cancer Patients Preserve Muscle,Fish Oil Seems to Help Cancer Patients Preserve Muscle,0,Fake,2,HealthStory,0.26874837
story_reviews_00025,Doctors Use Bacteria as Weapon Against Cancer,Doctors Use Bacteria as Weapon Against Cancer,0,Fake,2,HealthStory,0.2686507
story_reviews_00450,Teen Feels 'Hopeful' After Experimental Stem Cell Procedure,Teen Feels 'Hopeful' After Experimental Stem Cell Procedure,0,Fake,2,HealthStory,0.2681912
story_reviews_01339,New DNA Tests Aimed at Reducing Colon Cancer,New DNA Tests Aimed at Reducing Colon Cancer,1,Real,3,HealthStory,0.26771125
story_reviews_00667,Young Girl's Story May Lead Idaho to Approve Marijuana Oil,Young Girl's Story May Lead Idaho to Approve Marijuana Oil,0,Fake,2,HealthStory,0.26768395
story_reviews_01140,Estrogen Lowers Breast Cancer and Heart Attack Risk in Some,Estrogen Lowers Breast Cancer and Heart Attack Risk in Some,1,Real,4,HealthStory,0.26711535
story_reviews_01371,How To Help People Lose Weight? Give ‘Em Free Meals and Money!,How To Help People Lose Weight? Give ‘Em Free Meals and Money!,1,Real,3,HealthStory,0.26673633
story_reviews_00078,A Better Clot-Buster Drug for Strokes?,A Better Clot-Buster Drug for Strokes?,1,Real,4,HealthStory,0.26672587
story_reviews_00921,"The Best Foods for Thought, Literally","The Best Foods for Thought, Literally",0,Fake,2,HealthStory,0.26652396
story_reviews_00577,Could a Saliva Test Help Spot Alzheimer's?,Could a Saliva Test Help Spot Alzheimer's?,1,Real,3,HealthStory,0.2663396
story_reviews_00571,How Well Does the Newly Approved Weight-Loss 'Balloon' Work?,How Well Does the Newly Approved Weight-Loss 'Balloon' Work?,1,Real,4,HealthStory,0.26603606
story_reviews_01372,Study O.K.’s Light Drinking During Pregnancy. Too Good to Be True?,Study O.K.’s Light Drinking During Pregnancy. Too Good to Be True?,1,Real,4,HealthStory,0.26531035
story_reviews_00397,A Cavity-Fighting Liquid Lets Kids Avoid Dentists’ Drills,A Cavity-Fighting Liquid Lets Kids Avoid Dentists’ Drills,1,Real,4,HealthStory,0.26503286
story_reviews_00956,Magnet Therapy May Help Some Stroke Survivors Recover,Magnet Therapy May Help Some Stroke Survivors Recover,1,Real,4,HealthStory,0.2649205
story_reviews_00105,"Antidepressants Do Work, And Many More People Should Take Them: Major International Study","Antidepressants Do Work, And Many More People Should Take Them: Major International Study",0,Fake,2,HealthStory,0.2647984
story_reviews_00883,Treating Sleep Apnea Without the Mask,Treating Sleep Apnea Without the Mask,0,Fake,2,HealthStory,0.2646264
story_reviews_01448,A surgeon's hands or a robot's?,A surgeon's hands or a robot's?,0,Fake,2,HealthStory,0.26409405
story_reviews_00581,"More People Should Get Statins, Report Says","More People Should Get Statins, Report Says",1,Real,4,HealthStory,0.26387405
story_reviews_00377,Could Worms In Your Gut Cure Your Allergies?,Could Worms In Your Gut Cure Your Allergies?,1,Real,3,HealthStory,0.26336446
story_reviews_01377,Light Drinking During Pregnancy: No Harm to Baby?,Light Drinking During Pregnancy: No Harm to Baby?,1,Real,3,HealthStory,0.26185837
story_reviews_00279,Vitamin IVs make bold health promises. But where's the evidence?,Vitamin IVs make bold health promises. But where's the evidence?,1,Real,5,HealthStory,0.2611593
story_reviews_00115,Brain 'Pacemaker' Might Help Slow Alzheimer's,Brain 'Pacemaker' Might Help Slow Alzheimer's,1,Real,3,HealthStory,0.26069295
story_reviews_00658,Stress Test or 3-D Scan? And the Best Heart Exam Is ...,Stress Test or 3-D Scan? And the Best Heart Exam Is ...,1,Real,4,HealthStory,0.26035202
story_reviews_01104,Swedish Study Finds Surgery For Prostate Cancer Better Than Waiting,Swedish Study Finds Surgery For Prostate Cancer Better Than Waiting,1,Real,4,HealthStory,0.25977594
story_reviews_00650,Are e-cigarettes fueling a new addiction?,Are e-cigarettes fueling a new addiction?,1,Real,4,HealthStory,0.2587605
story_reviews_00100,Alcoholics Anonymous works for some people. A new study suggests the alternatives do too.,Alcoholics Anonymous works for some people. A new study suggests the alternatives do too.,1,Real,5,HealthStory,0.25830194
story_reviews_01049,"For Some Prostate Cancer Patients, Combo Treatment Improves Survival","For Some Prostate Cancer Patients, Combo Treatment Improves Survival",1,Real,4,HealthStory,0.25778502
story_reviews_00109,Could this experimental drug stop the flu in 24 hours?,Could this experimental drug stop the flu in 24 hours?,0,Fake,2,HealthStory,0.25751796
story_reviews_00545,Panel Says Aspirin Lowers Heart Attack Risk For Some,Panel Says Aspirin Lowers Heart Attack Risk For Some,1,Real,4,HealthStory,0.2573642
story_reviews_01531,Generic Drug Could Save Many Trauma Patients,Generic Drug Could Save Many Trauma Patients,1,Real,4,HealthStory,0.25708878
story_reviews_01394,A No-Cringe Fix? Filling Cavities Without The Drill,A No-Cringe Fix? Filling Cavities Without The Drill,0,Fake,2,HealthStory,0.25703248
story_reviews_00752,A Pill So People With Celiac Disease Can Eat Freely?,A Pill So People With Celiac Disease Can Eat Freely?,1,Real,3,HealthStory,0.25700435
story_reviews_00383,You Could Skip Your Colonoscopy If You’re Willing To Collect Your Poop,You Could Skip Your Colonoscopy If You’re Willing To Collect Your Poop,1,Real,5,HealthStory,0.2564157
story_reviews_01059,Who should get screened for lung cancer?,Who should get screened for lung cancer?,1,Real,5,HealthStory,0.25624713
story_reviews_00957,Parents' Latest Pick: Herbal Shampoos to Keep Away Lice,Parents' Latest Pick: Herbal Shampoos to Keep Away Lice,1,Real,5,HealthStory,0.25600514
story_reviews_00520,What Happens If You Try To Prevent Every Single Suicide?,What Happens If You Try To Prevent Every Single Suicide?,1,Real,4,HealthStory,0.2547434
story_reviews_01361,Study Suggests Osteoporosis Drug Might Treat Loss of Bone in Jaw,Study Suggests Osteoporosis Drug Might Treat Loss of Bone in Jaw,0,Fake,2,HealthStory,0.2545679
story_reviews_01398,Mammograms’ Value in Cancer Fight at Issue,Mammograms’ Value in Cancer Fight at Issue,1,Real,5,HealthStory,0.25380468
story_reviews_00459,Should you be taking daily low-dose aspirin for heart health?,Should you be taking daily low-dose aspirin for heart health?,1,Real,4,HealthStory,0.25339437
story_reviews_00021,Depression often goes undiagnosed. Researchers are turning to Facebook to change that.,Depression often goes undiagnosed. Researchers are turning to Facebook to change that.,1,Real,4,HealthStory,0.25284448
story_reviews_01234,Pain Patches Making Gains in U.S.,Pain Patches Making Gains in U.S.,0,Fake,2,HealthStory,0.25254267
story_reviews_00363,Michigan Athletic Group Says Concussion Program Works,Michigan Athletic Group Says Concussion Program Works,1,Real,3,HealthStory,0.25198042
story_reviews_00576,What’s The Optimal Speed For Exercise?,What’s The Optimal Speed For Exercise?,1,Real,4,HealthStory,0.2503619
story_reviews_00669,Should Pregnant Women Eat More Tuna?,Should Pregnant Women Eat More Tuna?,1,Real,4,HealthStory,0.25018075
