file_id,title,text,label,label_name,rating_float,dataset,topic_score
story_reviews_01271,The Healthy Skeptic: telomerase activators,The Healthy Skeptic: telomerase activators,1,Real,3,HealthStory,0.9357901
story_reviews_01658,Surgical procedure urged for atrial fibrillation,Surgical procedure urged for atrial fibrillation,1,Real,3,HealthStory,0.93114763
story_reviews_00808,Cervical cancer vaccine in early stages,Cervical cancer vaccine in early stages,1,Real,4,HealthStory,0.92811424
story_reviews_01173,"Mediterranean diet cuts heart, diabetes risk factors","Mediterranean diet cuts heart, diabetes risk factors",1,Real,3,HealthStory,0.9278656
story_reviews_01210,Breast-cancer study questions lymph node removal,Breast-cancer study questions lymph node removal,1,Real,4,HealthStory,0.9273468
story_reviews_00022,J&J's Stelara succeeds in chronic bowel disease study,J&J's Stelara succeeds in chronic bowel disease study,0,Fake,2,HealthStory,0.92608786
story_reviews_01596,Gene found that may predict lung cancer in smokers,Gene found that may predict lung cancer in smokers,1,Real,3,HealthStory,0.9251586
story_reviews_00012,Merck drug Keytruda succeeds in late-stage esophageal cancer trial,Merck drug Keytruda succeeds in late-stage esophageal cancer trial,0,Fake,1,HealthStory,0.92422754
story_reviews_00989,Medtronic tests stent for erectile dysfunction,Medtronic tests stent for erectile dysfunction,0,Fake,1,HealthStory,0.9229921
story_reviews_01516,Medtronic insulin pump beats injections in study,Medtronic insulin pump beats injections in study,0,Fake,1,HealthStory,0.92242223
story_reviews_01015,"Bran, soy help cut cholesterol","Bran, soy help cut cholesterol",0,Fake,2,HealthStory,0.92155457
story_reviews_00810,Covidien tools shown effective against PAD,Covidien tools shown effective against PAD,0,Fake,1,HealthStory,0.92120296
story_reviews_01686,Using CT scans to see plaque in coronary arteries,Using CT scans to see plaque in coronary arteries,1,Real,3,HealthStory,0.9211863
story_reviews_01251,Stem cell therapy for macular degeneration,Stem cell therapy for macular degeneration,1,Real,3,HealthStory,0.920869
story_reviews_00524,Merck's Keytruda extends survival in lung cancer study,Merck's Keytruda extends survival in lung cancer study,0,Fake,2,HealthStory,0.92077243
story_reviews_01480,In the Works: Immunotherapy for food allergies,In the Works: Immunotherapy for food allergies,1,Real,4,HealthStory,0.9204341
story_reviews_00696,Five Nobel laureates backing antiaging dietary supplement,Five Nobel laureates backing antiaging dietary supplement,1,Real,3,HealthStory,0.9192685
story_reviews_01046,The shallow waters of dolphin therapy claims,The shallow waters of dolphin therapy claims,1,Real,4,HealthStory,0.91789126
story_reviews_00340,Fighting genetic disease with help from HIV virus,Fighting genetic disease with help from HIV virus,0,Fake,2,HealthStory,0.9176433
story_reviews_01540,Bioidentical hormones for menopausal symptoms,Bioidentical hormones for menopausal symptoms,1,Real,3,HealthStory,0.9174279
story_reviews_01679,Nose treatment cuts hospital-acquired infections,Nose treatment cuts hospital-acquired infections,0,Fake,2,HealthStory,0.91731054
story_reviews_00237,Experimental drug reduces thyroid-associated ‘Graves' eyes’,Experimental drug reduces thyroid-associated ‘Graves' eyes’,1,Real,4,HealthStory,0.9169289
story_reviews_01268,Dyslexia: Scanning the brain for clues,Dyslexia: Scanning the brain for clues,1,Real,4,HealthStory,0.916769
story_reviews_00662,Electric 'noise' treats Parkinson's symptoms,Electric 'noise' treats Parkinson's symptoms,1,Real,3,HealthStory,0.91660136
story_reviews_00250,Botox tested to help treat depression and social anxiety,Botox tested to help treat depression and social anxiety,0,Fake,2,HealthStory,0.9164095
story_reviews_00633,New drugs show promise for treating high cholesterol,New drugs show promise for treating high cholesterol,1,Real,3,HealthStory,0.9159241
story_reviews_01651,Face time with MyClyns anti-germ spray,Face time with MyClyns anti-germ spray,1,Real,4,HealthStory,0.9156227
story_reviews_01026,Gene therapy shown to destroy leukemia tumors,Gene therapy shown to destroy leukemia tumors,1,Real,4,HealthStory,0.9155779
story_reviews_01102,Crohn's patients respond to J&J's Stelara in study,Crohn's patients respond to J&J's Stelara in study,1,Real,3,HealthStory,0.9154595
story_reviews_00689,Promising data bodes well for all-Achillion hep C treatment,Promising data bodes well for all-Achillion hep C treatment,0,Fake,2,HealthStory,0.9153269
story_reviews_01063,Research shows promise in reversing Type 1 diabetes,Research shows promise in reversing Type 1 diabetes,1,Real,5,HealthStory,0.9153183
story_reviews_01370,Sorting through advice on osteoporosis,Sorting through advice on osteoporosis,1,Real,4,HealthStory,0.9152083
story_reviews_01617,Medtronic atrial fibrillation system shines in study,Medtronic atrial fibrillation system shines in study,1,Real,4,HealthStory,0.9151494
story_reviews_01302,Pill shows a drop of up to 70% in HIV infection risk,Pill shows a drop of up to 70% in HIV infection risk,1,Real,4,HealthStory,0.9150459
story_reviews_00947,Debate over thyroid check in pregnancy,Debate over thyroid check in pregnancy,1,Real,5,HealthStory,0.91438246
story_reviews_00398,Drug shows promise for quick treatment of postpartum depression,Drug shows promise for quick treatment of postpartum depression,1,Real,4,HealthStory,0.9142682
story_reviews_00842,Fruitful news from tart cherry studies,Fruitful news from tart cherry studies,1,Real,3,HealthStory,0.9139408
story_reviews_00140,Replacing lymph nodes to ease painful legacy of cancer care,Replacing lymph nodes to ease painful legacy of cancer care,1,Real,3,HealthStory,0.9137162
story_reviews_00125,"Luxturna gene therapy to cost $425,000 per eye","Luxturna gene therapy to cost $425,000 per eye",1,Real,3,HealthStory,0.9134808
story_reviews_00033,"Merck KGaA, Pfizer's immuno-drug shown to alleviate kidney cancer","Merck KGaA, Pfizer's immuno-drug shown to alleviate kidney cancer",0,Fake,1,HealthStory,0.91321427
story_reviews_00484,Jet lag research finds new potential treatment,Jet lag research finds new potential treatment,1,Real,3,HealthStory,0.91314733
story_reviews_01312,New drug promising against cholesterol,New drug promising against cholesterol,1,Real,3,HealthStory,0.91283953
story_reviews_00208,Blood test by Britain's Angle detects ovarian cancer in study,Blood test by Britain's Angle detects ovarian cancer in study,0,Fake,2,HealthStory,0.91276294
story_reviews_01410,Looming ruling on breast cancer drug splits patient advocates,Looming ruling on breast cancer drug splits patient advocates,1,Real,4,HealthStory,0.912638
story_reviews_01069,Extracting the facts about pomegranate pills,Extracting the facts about pomegranate pills,1,Real,5,HealthStory,0.9122071
story_reviews_00728,New drugs improve options for melanoma patients,New drugs improve options for melanoma patients,1,Real,5,HealthStory,0.91186297
story_reviews_01254,2 Weeks of Antibiotic Therapy Relieves IBS,2 Weeks of Antibiotic Therapy Relieves IBS,0,Fake,2,HealthStory,0.9118368
story_reviews_01237,Study: Fatty acids can help ease PMS symptoms,Study: Fatty acids can help ease PMS symptoms,1,Real,3,HealthStory,0.91172135
story_reviews_01554,Drug may work in melanoma tumors in brain,Drug may work in melanoma tumors in brain,0,Fake,2,HealthStory,0.9116866
story_reviews_01563,Below-the-skin defibrillator restores heartbeat,Below-the-skin defibrillator restores heartbeat,1,Real,4,HealthStory,0.9114512
story_reviews_00001,Evofem's birth control gel meets main study goal; shares rise,Evofem's birth control gel meets main study goal; shares rise,1,Real,3,HealthStory,0.9113719
story_reviews_01529,Experimental flu treatment may help related virus,Experimental flu treatment may help related virus,1,Real,3,HealthStory,0.911175
story_reviews_00276,Kite's CAR-T cancer therapy shows strong results in key study,Kite's CAR-T cancer therapy shows strong results in key study,1,Real,3,HealthStory,0.91092694
story_reviews_00975,New drug 'big deal' in cystic fibrosis fight,New drug 'big deal' in cystic fibrosis fight,0,Fake,2,HealthStory,0.9108691
story_reviews_00626,Penn study questions Lariat device to prevent stroke in heart patients,Penn study questions Lariat device to prevent stroke in heart patients,1,Real,5,HealthStory,0.9108319
story_reviews_01560,Impotence Drugs May Aid Brain Tumor Treatment,Impotence Drugs May Aid Brain Tumor Treatment,0,Fake,1,HealthStory,0.91037077
story_reviews_00643,Learning to Say No to Dialysis,Learning to Say No to Dialysis,1,Real,4,HealthStory,0.9102104
story_reviews_01479,Castration drug given to kids as autism therapy,Castration drug given to kids as autism therapy,1,Real,5,HealthStory,0.91012746
story_reviews_00516,Brain tumor breached with ultrasound in medical first,Brain tumor breached with ultrasound in medical first,1,Real,3,HealthStory,0.9101245
story_reviews_00691,New treatment instantly relieves knee pain,New treatment instantly relieves knee pain,0,Fake,2,HealthStory,0.9101079
story_reviews_00291,Old drug gets new trick for prostate cancer treatment,Old drug gets new trick for prostate cancer treatment,1,Real,3,HealthStory,0.9100093
story_reviews_01190,Brain scans may someday detect autism – The Chart,Brain scans may someday detect autism – The Chart,1,Real,3,HealthStory,0.90994143
story_reviews_01193,"More unusual, fewer usual breaks with bone drugs","More unusual, fewer usual breaks with bone drugs",1,Real,5,HealthStory,0.9099343
story_reviews_00430,Doctors test new device for uterine fibroids,Doctors test new device for uterine fibroids,1,Real,4,HealthStory,0.9098812
story_reviews_01491,New Test for Brain Injury on Horizon,New Test for Brain Injury on Horizon,1,Real,3,HealthStory,0.90985906
story_reviews_00510,Panic disorder treatment could be breath of fresh air,Panic disorder treatment could be breath of fresh air,1,Real,5,HealthStory,0.90958273
story_reviews_00462,Vericel stem cell heart failure therapy cuts deaths: study,Vericel stem cell heart failure therapy cuts deaths: study,1,Real,4,HealthStory,0.9095145
story_reviews_01357,Viagra may help heart effects of muscular dystrophy,Viagra may help heart effects of muscular dystrophy,0,Fake,2,HealthStory,0.90944874
story_reviews_00247,"Fighting the flu, with frog mucus","Fighting the flu, with frog mucus",1,Real,5,HealthStory,0.9093021
story_reviews_01539,Merck drug improves sleep in insomnia study,Merck drug improves sleep in insomnia study,0,Fake,1,HealthStory,0.90918696
story_reviews_00605,No heart safety issues seen with Merck Januvia diabetes drug: study,No heart safety issues seen with Merck Januvia diabetes drug: study,1,Real,3,HealthStory,0.9090343
story_reviews_00637,Bristol-Myers immunotherapy combo promising in melanoma: study,Bristol-Myers immunotherapy combo promising in melanoma: study,0,Fake,2,HealthStory,0.90882087
story_reviews_01647,Hormone replacement tied to lower colon cancer risk,Hormone replacement tied to lower colon cancer risk,1,Real,5,HealthStory,0.90879387
story_reviews_00749,Folic acid in pregnancy tied to lower autism risk,Folic acid in pregnancy tied to lower autism risk,1,Real,4,HealthStory,0.9086991
story_reviews_01165,A Touch of Massage Therapy,A Touch of Massage Therapy,1,Real,4,HealthStory,0.9086015
story_reviews_00730,"Regeneron, Sanofi asthma drug seen as potential game changer","Regeneron, Sanofi asthma drug seen as potential game changer",1,Real,3,HealthStory,0.90859413
story_reviews_01439,Omega-3 margarines fail to help in heart study,Omega-3 margarines fail to help in heart study,1,Real,5,HealthStory,0.9085204
story_reviews_01088,Pills Offer Easier Way to Treat MS,Pills Offer Easier Way to Treat MS,1,Real,4,HealthStory,0.9082496
story_reviews_01095,New drug advances the fight against pancreatic cancer,New drug advances the fight against pancreatic cancer,1,Real,4,HealthStory,0.90824586
story_reviews_01037,The Healthy Skeptic: DHA touted as ‘smart’ pill for kids,The Healthy Skeptic: DHA touted as ‘smart’ pill for kids,1,Real,3,HealthStory,0.90821207
story_reviews_00972,New scan can speed Parkinson's diagnosis,New scan can speed Parkinson's diagnosis,0,Fake,2,HealthStory,0.90818
story_reviews_01503,Experts Issue New Guidelines on Breast Cancer Drugs,Experts Issue New Guidelines on Breast Cancer Drugs,1,Real,3,HealthStory,0.90814704
story_reviews_01185,Pill For Cystic Fibrosis Beats Expectations,Pill For Cystic Fibrosis Beats Expectations,1,Real,4,HealthStory,0.90804905
story_reviews_01292,Brain scans accurate at spotting autism: U.S. study,Brain scans accurate at spotting autism: U.S. study,0,Fake,1,HealthStory,0.90786123
story_reviews_00476,Ibuprofen patch heralds side effect free drug future,Ibuprofen patch heralds side effect free drug future,1,Real,3,HealthStory,0.9077448
story_reviews_00243,"In small Alzheimer’s study, hints of modest benefit from unusual drug","In small Alzheimer’s study, hints of modest benefit from unusual drug",1,Real,5,HealthStory,0.90772665
story_reviews_00182,Adamas Pharma secures approval for Parkinson's dyskinesia drug,Adamas Pharma secures approval for Parkinson's dyskinesia drug,0,Fake,2,HealthStory,0.9075725
story_reviews_01131,Diet drug Qnexa: New study touts drug; don't get too excited,Diet drug Qnexa: New study touts drug; don't get too excited,1,Real,4,HealthStory,0.90753025
story_reviews_00254,Facial-recognition software finds new use: diagnosing genetic disorders,Facial-recognition software finds new use: diagnosing genetic disorders,0,Fake,2,HealthStory,0.9074236
story_reviews_01587,Stem-cell therapy feels Food and Drug Administration’s pinch,Stem-cell therapy feels Food and Drug Administration’s pinch,1,Real,3,HealthStory,0.90715694
story_reviews_01293,Researchers one step closer to potential autism test,Researchers one step closer to potential autism test,1,Real,3,HealthStory,0.90698725
story_reviews_00906,Experimental treatment may help food allergies,Experimental treatment may help food allergies,0,Fake,2,HealthStory,0.9069419
story_reviews_01086,"Heart scans tied to ""evidence-free"" treatment: study","Heart scans tied to ""evidence-free"" treatment: study",1,Real,5,HealthStory,0.90675545
story_reviews_00768,Drug Fulfills Promise Of Research Into Cystic Fibrosis Gene,Drug Fulfills Promise Of Research Into Cystic Fibrosis Gene,1,Real,3,HealthStory,0.9065919
story_reviews_00872,Marijuana may ease multiple sclerosis symptoms,Marijuana may ease multiple sclerosis symptoms,1,Real,5,HealthStory,0.90605354
story_reviews_01412,Researchers develop test for pregnancy complication,Researchers develop test for pregnancy complication,1,Real,3,HealthStory,0.9060433
story_reviews_01672,Info: Advice on how to choose a therapist,Info: Advice on how to choose a therapist,1,Real,4,HealthStory,0.9059955
story_reviews_01338,Researchers at Philadelphia conference announce progress toward noninvasive colon cancer test,Researchers at Philadelphia conference announce progress toward noninvasive colon cancer test,0,Fake,2,HealthStory,0.90598834
story_reviews_00289,Low-FODMAP diet catches on among people with digestive misery,Low-FODMAP diet catches on among people with digestive misery,1,Real,4,HealthStory,0.90593624
story_reviews_00981,Experimental Psoriasis Drug Bests Older Treatment,Experimental Psoriasis Drug Bests Older Treatment,1,Real,3,HealthStory,0.9059146
story_reviews_00848,Botox may help multiple sclerosis tremors,Botox may help multiple sclerosis tremors,1,Real,5,HealthStory,0.90572506
story_reviews_01300,Robotic assist eases less-invasive hysterectomies,Robotic assist eases less-invasive hysterectomies,1,Real,4,HealthStory,0.9056343
story_reviews_01538,Portland cancer center among those offering experimental immune therapy ipilimumab,Portland cancer center among those offering experimental immune therapy ipilimumab,1,Real,5,HealthStory,0.90544534
story_reviews_00489,Cell therapy in protective bubble offers hope for diabetes fix,Cell therapy in protective bubble offers hope for diabetes fix,1,Real,4,HealthStory,0.90542275
story_reviews_01463,"For diabetics, taking the sting out of insulin","For diabetics, taking the sting out of insulin",1,Real,4,HealthStory,0.90534127
story_reviews_01653,Fish Oil May Fight Psychosis,Fish Oil May Fight Psychosis,1,Real,4,HealthStory,0.9052436
story_reviews_01699,Studies: Bone drugs may help prevent breast cancer,Studies: Bone drugs may help prevent breast cancer,1,Real,4,HealthStory,0.9051628
story_reviews_00317,Why Biogen is breathing a sigh of relief with the latest Alzheimer’s data,Why Biogen is breathing a sigh of relief with the latest Alzheimer’s data,1,Real,4,HealthStory,0.905123
story_reviews_00084,New way of defining Alzheimer's aims to find disease sooner,New way of defining Alzheimer's aims to find disease sooner,1,Real,4,HealthStory,0.905076
story_reviews_01204,Popular Bone Drugs Linked to Reduced Colon Cancer Risk,Popular Bone Drugs Linked to Reduced Colon Cancer Risk,1,Real,3,HealthStory,0.9049723
story_reviews_01070,Firm develops magnetic-pulse treatment for major depression,Firm develops magnetic-pulse treatment for major depression,1,Real,3,HealthStory,0.90482867
story_reviews_00674,Lay off the mega-doses of Vitamin D,Lay off the mega-doses of Vitamin D,1,Real,4,HealthStory,0.90479493
story_reviews_00542,Vaccine offers new hope for removing precancerous cervical lesions,Vaccine offers new hope for removing precancerous cervical lesions,0,Fake,0,HealthStory,0.9047604
story_reviews_01441,'Breakthrough' melanoma drug shrinks tumors,'Breakthrough' melanoma drug shrinks tumors,1,Real,4,HealthStory,0.9047367
story_reviews_00013,Dementia: Five-minute neck scan can spot symptoms earlier,Dementia: Five-minute neck scan can spot symptoms earlier,0,Fake,2,HealthStory,0.9047301
story_reviews_01434,Houston surgeons treat heart through spinal cord,Houston surgeons treat heart through spinal cord,0,Fake,1,HealthStory,0.90460557
story_reviews_00343,Anti-inflammatory drugs might someday treat depression,Anti-inflammatory drugs might someday treat depression,1,Real,3,HealthStory,0.9044415
story_reviews_01690,Stem cell therapies for hearts inching closer to wide use,Stem cell therapies for hearts inching closer to wide use,1,Real,5,HealthStory,0.9043839
story_reviews_01099,Lung scans may lead to overdiagnosis: study,Lung scans may lead to overdiagnosis: study,1,Real,4,HealthStory,0.90435255
story_reviews_00419,Breast cancer study may influence use of aromatase inhibitors,Breast cancer study may influence use of aromatase inhibitors,1,Real,5,HealthStory,0.90416205
story_reviews_01482,Device for clearing up dangerous blood clots gaining popularity,Device for clearing up dangerous blood clots gaining popularity,0,Fake,2,HealthStory,0.9039948
story_reviews_01278,Weighing effectiveness versus risk in obesity drugs,Weighing effectiveness versus risk in obesity drugs,0,Fake,2,HealthStory,0.9039328
story_reviews_01053,New laser treatment takes aim at toenail fungus,New laser treatment takes aim at toenail fungus,0,Fake,2,HealthStory,0.90388745
story_reviews_00170,What to know about the new affordable at-home BRCA genetic mutation test,What to know about the new affordable at-home BRCA genetic mutation test,1,Real,3,HealthStory,0.9038543
story_reviews_00737,Stomach CT scans may help find osteoporosis - study,Stomach CT scans may help find osteoporosis - study,1,Real,5,HealthStory,0.9037559
story_reviews_00155,Cutting-edge immunotherapy treatment approved for another deadly cancer,Cutting-edge immunotherapy treatment approved for another deadly cancer,1,Real,3,HealthStory,0.9035733
story_reviews_00903,Researchers report progress in cancer immunotherapy,Researchers report progress in cancer immunotherapy,1,Real,4,HealthStory,0.9035373
story_reviews_00582,2 Studies Back Guidelines for Wider Use of Statins,2 Studies Back Guidelines for Wider Use of Statins,1,Real,5,HealthStory,0.903446
story_reviews_01695,"More evidence coffee, tea could prevent diabetes","More evidence coffee, tea could prevent diabetes",1,Real,4,HealthStory,0.9034006
story_reviews_00077,Partial rather than full knee replacements better for many – report,Partial rather than full knee replacements better for many – report,0,Fake,2,HealthStory,0.9033725
story_reviews_01590,Julie's Health Club: Health claim: Weight loss shot dissolves fat,Julie's Health Club: Health claim: Weight loss shot dissolves fat,1,Real,4,HealthStory,0.903369
story_reviews_00960,Gene test could assist cancer therapy,Gene test could assist cancer therapy,1,Real,4,HealthStory,0.90322465
story_reviews_00850,Newer 'Second-Line' Diabetes Drug May Outperform Older Meds,Newer 'Second-Line' Diabetes Drug May Outperform Older Meds,1,Real,4,HealthStory,0.90317994
story_reviews_00893,Green coffee beans show potential for losing weight,Green coffee beans show potential for losing weight,1,Real,3,HealthStory,0.9031496
story_reviews_00236,Microsoft shows off watch that quiets Parkinson's tremors,Microsoft shows off watch that quiets Parkinson's tremors,0,Fake,2,HealthStory,0.90301514
story_reviews_01611,Nanotech robots deliver gene therapy through blood,Nanotech robots deliver gene therapy through blood,1,Real,3,HealthStory,0.90299284
story_reviews_00365,"There’s new hope for blood cancers, and it comes from umbilical cords","There’s new hope for blood cancers, and it comes from umbilical cords",0,Fake,2,HealthStory,0.9029478
story_reviews_01081,Prenatal Vitamins May Lower Autism Risk,Prenatal Vitamins May Lower Autism Risk,1,Real,3,HealthStory,0.90290403
story_reviews_01462,"Beta-blockers used by musicians, athletes, students to enhance performance","Beta-blockers used by musicians, athletes, students to enhance performance",0,Fake,2,HealthStory,0.90284157
story_reviews_01650,Industrial chemical OSR#1 used as autism treatment,Industrial chemical OSR#1 used as autism treatment,1,Real,5,HealthStory,0.9028312
story_reviews_00855,Study questions efficacy and safety of knee injections,Study questions efficacy and safety of knee injections,0,Fake,1,HealthStory,0.90282345
story_reviews_01574,Positive Results in a Test for a Genentech Eye Treatment,Positive Results in a Test for a Genentech Eye Treatment,1,Real,5,HealthStory,0.902562
story_reviews_01206,Berries May Ward Off Parkinson’s Disease,Berries May Ward Off Parkinson’s Disease,0,Fake,1,HealthStory,0.9025166
story_reviews_01332,Retinal implant trial helps blind people see shapes,Retinal implant trial helps blind people see shapes,0,Fake,1,HealthStory,0.9023916
story_reviews_00331,Scientists develop new type of HIV test on a USB stick,Scientists develop new type of HIV test on a USB stick,0,Fake,2,HealthStory,0.90222543
story_reviews_01347,"Science working to create workable, safe blood substitutes","Science working to create workable, safe blood substitutes",1,Real,4,HealthStory,0.90215105
story_reviews_00797,Researchers raise concerns over chelation heart study,Researchers raise concerns over chelation heart study,1,Real,5,HealthStory,0.90196794
story_reviews_01447,New Hope in Fatigue Fight,New Hope in Fatigue Fight,0,Fake,2,HealthStory,0.9019642
story_reviews_01627,Cord blood stem cells help meet minority marrow needs,Cord blood stem cells help meet minority marrow needs,0,Fake,2,HealthStory,0.90194356
story_reviews_01639,Hormone oxytocin may help Asperger’s patients,Hormone oxytocin may help Asperger’s patients,0,Fake,1,HealthStory,0.9019294
story_reviews_01567,Video News,Video News,0,Fake,0,HealthStory,0.9018037
story_reviews_01623,Video News,Video News,0,Fake,2,HealthStory,0.9018037
story_reviews_01138,Study finds statins reduce pneumonia death rates,Study finds statins reduce pneumonia death rates,0,Fake,2,HealthStory,0.9017795
story_reviews_00573,Gardasil: New study shows it's safe.,Gardasil: New study shows it's safe.,1,Real,3,HealthStory,0.9017541
story_reviews_00481,When medication doesn't work: Innovative program eases ADHD symptoms naturally,When medication doesn't work: Innovative program eases ADHD symptoms naturally,0,Fake,1,HealthStory,0.9015601
story_reviews_00747,"Small trial shows ""brain pacemaker"" may ease severe anorexia","Small trial shows ""brain pacemaker"" may ease severe anorexia",1,Real,3,HealthStory,0.9015532
story_reviews_00834,U-M oversees cutting-edge trial that offers hope in fight against Lou Gehrig's disease,U-M oversees cutting-edge trial that offers hope in fight against Lou Gehrig's disease,1,Real,5,HealthStory,0.9015151
story_reviews_00642,Managing the stress of cancer,Managing the stress of cancer,0,Fake,2,HealthStory,0.9014474
story_reviews_01013,Nonalcoholic Beer Aids Marathon Recovery,Nonalcoholic Beer Aids Marathon Recovery,0,Fake,2,HealthStory,0.9013735
story_reviews_00563,Testing for more breast cancer genes offers useful information,Testing for more breast cancer genes offers useful information,1,Real,5,HealthStory,0.9013706
story_reviews_00226,Immunotherapy drug opens a new era of precision medicine for cancer,Immunotherapy drug opens a new era of precision medicine for cancer,0,Fake,2,HealthStory,0.901369
story_reviews_00719,An avocado a day lowers cholesterol,An avocado a day lowers cholesterol,1,Real,3,HealthStory,0.9013642
story_reviews_01003,The Healthy Skeptic: Products make testosterone claims,The Healthy Skeptic: Products make testosterone claims,1,Real,5,HealthStory,0.90129817
story_reviews_01600,Stroke study: stroke treatments studied locally,Stroke study: stroke treatments studied locally,0,Fake,2,HealthStory,0.901276
story_reviews_00602,An old-line diabetes drug may have new uses against diseases of aging,An old-line diabetes drug may have new uses against diseases of aging,1,Real,4,HealthStory,0.9012164
story_reviews_01000,Study finds early potential in GSK leukaemia drug,Study finds early potential in GSK leukaemia drug,0,Fake,1,HealthStory,0.90121263
story_reviews_00306,CAR-T therapy makes early inroads in treating brain cancer,CAR-T therapy makes early inroads in treating brain cancer,1,Real,4,HealthStory,0.9012116
story_reviews_00825,"Study: Placebo or not, acupuncture helps with pain","Study: Placebo or not, acupuncture helps with pain",1,Real,5,HealthStory,0.90108484
story_reviews_01433,Diabetes drug may keep lung cancer at bay,Diabetes drug may keep lung cancer at bay,1,Real,3,HealthStory,0.90101606
story_reviews_00828,Heart study helps save lives of young athletes,Heart study helps save lives of young athletes,0,Fake,2,HealthStory,0.9009719
story_reviews_00700,Curcumin may help lower inflammation in metabolic syndrome,Curcumin may help lower inflammation in metabolic syndrome,1,Real,3,HealthStory,0.90097165
story_reviews_01294,Study links finger length to prostate cancer risk,Study links finger length to prostate cancer risk,0,Fake,0,HealthStory,0.90095246
story_reviews_01318,Study: New blood thinner works as well as Coumadin,Study: New blood thinner works as well as Coumadin,1,Real,4,HealthStory,0.90094256
story_reviews_00496,New breast cancer screening guidelines at odds with Congress,New breast cancer screening guidelines at odds with Congress,1,Real,4,HealthStory,0.90093887
story_reviews_01322,Prostate Cancer Drug Gets Lukewarm Review,Prostate Cancer Drug Gets Lukewarm Review,1,Real,3,HealthStory,0.9009341
story_reviews_00057,Modified polio vaccine helps fight deadly brain tumors,Modified polio vaccine helps fight deadly brain tumors,1,Real,4,HealthStory,0.9009077
story_reviews_01474,Some evidence vitamin D might fight colds,Some evidence vitamin D might fight colds,1,Real,4,HealthStory,0.9008484
story_reviews_00721,Avocados may help lower 'bad' cholesterol,Avocados may help lower 'bad' cholesterol,1,Real,3,HealthStory,0.9008111
story_reviews_00870,Eggs at Breakfast May Delay Hunger,Eggs at Breakfast May Delay Hunger,0,Fake,1,HealthStory,0.90071553
story_reviews_01317,New pill prevents strokes with less bleeding risk for atrial fib patients,New pill prevents strokes with less bleeding risk for atrial fib patients,1,Real,4,HealthStory,0.9007028
story_reviews_01520,Progress made on artificial pancreas for diabetic patients,Progress made on artificial pancreas for diabetic patients,0,Fake,2,HealthStory,0.90068674
story_reviews_00686,Clot-removal device paired with drug shows benefits for stroke patients,Clot-removal device paired with drug shows benefits for stroke patients,1,Real,4,HealthStory,0.9006719
story_reviews_00814,A new course for concussions,A new course for concussions,1,Real,4,HealthStory,0.90067106
story_reviews_01016,Less-invasive appendix surgery shines in new study,Less-invasive appendix surgery shines in new study,1,Real,5,HealthStory,0.90065193
story_reviews_01212,Heart failure therapy twice as effective in women,Heart failure therapy twice as effective in women,0,Fake,2,HealthStory,0.9006362
story_reviews_00750,Folic acid linked to reduced risk of autism spectrum disorders,Folic acid linked to reduced risk of autism spectrum disorders,1,Real,4,HealthStory,0.900588
story_reviews_00164,Study: Whooping cough vaccination during pregnancy protects newborns,Study: Whooping cough vaccination during pregnancy protects newborns,1,Real,4,HealthStory,0.9005505
story_reviews_00242,Therapy ‘has long-term benefits for mothers with depression’,Therapy ‘has long-term benefits for mothers with depression’,0,Fake,2,HealthStory,0.9005227
story_reviews_00555,Asterias's stem cell therapy shows promise in study,Asterias's stem cell therapy shows promise in study,1,Real,3,HealthStory,0.90041316
story_reviews_01008,Yoga shows some benefit for diabetes,Yoga shows some benefit for diabetes,0,Fake,2,HealthStory,0.9003902
story_reviews_01239,Antidepressants relieve hot flashes,Antidepressants relieve hot flashes,0,Fake,2,HealthStory,0.9003557
story_reviews_00427,Embryo screening helps couples avoid genetic diseases,Embryo screening helps couples avoid genetic diseases,0,Fake,2,HealthStory,0.9001683
story_reviews_01234,Pain Patches Making Gains in U.S.,Pain Patches Making Gains in U.S.,0,Fake,2,HealthStory,0.90016586
story_reviews_00935,New implant addresses hearing loss caused by inner-ear damage,New implant addresses hearing loss caused by inner-ear damage,0,Fake,1,HealthStory,0.90015054
story_reviews_01569,Magnetic brain stimulation fights depression,Magnetic brain stimulation fights depression,1,Real,3,HealthStory,0.90010667
story_reviews_00065,From Chaos To Calm: A Life Changed By Ketamine,From Chaos To Calm: A Life Changed By Ketamine,0,Fake,1,HealthStory,0.89999366
story_reviews_00041,"Multigene test may find risk for heart disease, diabetes and breast cancer","Multigene test may find risk for heart disease, diabetes and breast cancer",1,Real,3,HealthStory,0.89998007
story_reviews_01360,New Views on Frequency of Osteoporosis Screening,New Views on Frequency of Osteoporosis Screening,1,Real,3,HealthStory,0.89995366
story_reviews_01227,New U.S. analysis backs annual breast screening,New U.S. analysis backs annual breast screening,0,Fake,1,HealthStory,0.899923
story_reviews_01112,"Fewer mammograms being done, studies show","Fewer mammograms being done, studies show",1,Real,4,HealthStory,0.8999059
story_reviews_01096,Study shows differences in pancreatic cancer treatments,Study shows differences in pancreatic cancer treatments,0,Fake,1,HealthStory,0.8998907
story_reviews_01510,Fish Oil Linked to Lower Breast Cancer Risk,Fish Oil Linked to Lower Breast Cancer Risk,1,Real,4,HealthStory,0.89964175
story_reviews_01030,New drug shows promise in fighting breast cancer,New drug shows promise in fighting breast cancer,0,Fake,2,HealthStory,0.89961016
story_reviews_00910,Study: Brain suffers when fish oil falls short,Study: Brain suffers when fish oil falls short,0,Fake,2,HealthStory,0.89939606
story_reviews_01594,'Electronic Nose' Sniffs Out Asthma,'Electronic Nose' Sniffs Out Asthma,1,Real,5,HealthStory,0.8993646
story_reviews_00432,Type 1 diabetes treatment could end need for insulin shots,Type 1 diabetes treatment could end need for insulin shots,0,Fake,2,HealthStory,0.8992856
story_reviews_01344,POM-boozled: Do health drinks live up to their labels?,POM-boozled: Do health drinks live up to their labels?,1,Real,4,HealthStory,0.8991144
story_reviews_00871,Egg producers fund study confirming the health benefits of eggs,Egg producers fund study confirming the health benefits of eggs,0,Fake,1,HealthStory,0.8991132
story_reviews_00952,Statins tied to lower risk of fatal prostate cancer,Statins tied to lower risk of fatal prostate cancer,1,Real,5,HealthStory,0.89908254
story_reviews_00783,Magnets zap blues for some with depression,Magnets zap blues for some with depression,1,Real,3,HealthStory,0.8990145
story_reviews_00274,Mild electric shocks on the arm might help ease migraine pain,Mild electric shocks on the arm might help ease migraine pain,1,Real,4,HealthStory,0.8990006
story_reviews_00210,Here's What You Need To Know About The Internal Condom,Here's What You Need To Know About The Internal Condom,1,Real,5,HealthStory,0.89899296
story_reviews_00423,Dermira's drug for excessive armpit sweating succeeds in key studies,Dermira's drug for excessive armpit sweating succeeds in key studies,0,Fake,2,HealthStory,0.8989816
story_reviews_00015,Trippy depression treatment? Hopes and hype for ketamine,Trippy depression treatment? Hopes and hype for ketamine,1,Real,5,HealthStory,0.8989789
story_reviews_00292,Amgen cholesterol drug succeeds in cutting serious heart problems: study,Amgen cholesterol drug succeeds in cutting serious heart problems: study,1,Real,3,HealthStory,0.8988639
story_reviews_01228,Breast cancer drug may slow lung cancer’s march,Breast cancer drug may slow lung cancer’s march,0,Fake,2,HealthStory,0.8988577
story_reviews_00632,The new Botox? FDA approves an injection to fight double chins,The new Botox? FDA approves an injection to fight double chins,1,Real,3,HealthStory,0.8988481
story_reviews_01045,Drug may cut menopause after breast cancer chemo,Drug may cut menopause after breast cancer chemo,1,Real,3,HealthStory,0.8987289
story_reviews_00922,Patient's own stem cells help heal heart,Patient's own stem cells help heal heart,1,Real,4,HealthStory,0.89872885
story_reviews_00137,Radiofrequency therapy relieved herniated disc pain in new study,Radiofrequency therapy relieved herniated disc pain in new study,1,Real,3,HealthStory,0.8985492
story_reviews_00066,'Holy grail of cancer research': doctors positive about early detection blood test,'Holy grail of cancer research': doctors positive about early detection blood test,0,Fake,2,HealthStory,0.89854586
story_reviews_00877,Experts issue new guidelines for preventing migraines with drugs,Experts issue new guidelines for preventing migraines with drugs,1,Real,3,HealthStory,0.8985441
story_reviews_00638,The real importance of getting a pap smear and pelvic exam,The real importance of getting a pap smear and pelvic exam,0,Fake,2,HealthStory,0.89848185
story_reviews_01643,"Mediterranean diet may help prevent dementia, study says","Mediterranean diet may help prevent dementia, study says",1,Real,3,HealthStory,0.89845085
story_reviews_00348,Botox Works As Well As Nerve Stimulator for Incontinence – Study,Botox Works As Well As Nerve Stimulator for Incontinence – Study,1,Real,3,HealthStory,0.8984373
story_reviews_00802,Israeli medical device offers new Alzheimer's treatment,Israeli medical device offers new Alzheimer's treatment,0,Fake,1,HealthStory,0.8983874
story_reviews_01670,Blood Test for Lung Cancer in the Works,Blood Test for Lung Cancer in the Works,1,Real,5,HealthStory,0.89838684
story_reviews_00599,Here’s how a five-day diet that mimics fasting may ‘reboot’ the body and reduce cancer risk,Here’s how a five-day diet that mimics fasting may ‘reboot’ the body and reduce cancer risk,0,Fake,0,HealthStory,0.89835125
story_reviews_00553,Women are not getting treated for menopausal symptoms,Women are not getting treated for menopausal symptoms,1,Real,3,HealthStory,0.8983375
story_reviews_00550,Pathway launches 'liquid biopsy' to find cancer in healthy people,Pathway launches 'liquid biopsy' to find cancer in healthy people,1,Real,5,HealthStory,0.89823836
story_reviews_01573,Drug Reverses Diabetes-Related Vision Loss,Drug Reverses Diabetes-Related Vision Loss,1,Real,4,HealthStory,0.89822125
story_reviews_00875,Mixed message on antidepressant for hot flashes,Mixed message on antidepressant for hot flashes,1,Real,5,HealthStory,0.8981967
story_reviews_01626,Brain images suggest Alzheimer's drug is working,Brain images suggest Alzheimer's drug is working,0,Fake,2,HealthStory,0.8981236
story_reviews_00873,Men's fertility test available for home,Men's fertility test available for home,1,Real,5,HealthStory,0.8979807
story_reviews_00181,"Novartis hopeful for novel heart drug, despite 'modest' benefit","Novartis hopeful for novel heart drug, despite 'modest' benefit",1,Real,4,HealthStory,0.89796615
story_reviews_01478,Ketamine lifts mood quickly in bipolar disorder,Ketamine lifts mood quickly in bipolar disorder,0,Fake,2,HealthStory,0.8979546
story_reviews_00059,Experimental type 1 diabetes vaccine causes improvement in small study,Experimental type 1 diabetes vaccine causes improvement in small study,1,Real,4,HealthStory,0.89794827
story_reviews_01029,Mother's blood test reveals baby's sex,Mother's blood test reveals baby's sex,1,Real,4,HealthStory,0.89788574
story_reviews_00007,Cure For Cancer? FDA Announces New Aggressive Drug Attacking Originating Genes,Cure For Cancer? FDA Announces New Aggressive Drug Attacking Originating Genes,0,Fake,1,HealthStory,0.897814
story_reviews_00948,"Spinal Manipulation, Home Exercise May Ease Neck Pain","Spinal Manipulation, Home Exercise May Ease Neck Pain",1,Real,4,HealthStory,0.8978132
story_reviews_00458,Love of physical activity may start in the womb,Love of physical activity may start in the womb,0,Fake,2,HealthStory,0.89774173
story_reviews_01398,Mammograms’ Value in Cancer Fight at Issue,Mammograms’ Value in Cancer Fight at Issue,1,Real,5,HealthStory,0.8977393
story_reviews_00857,Drinking Coffee May Delay Alzheimer’s Disease,Drinking Coffee May Delay Alzheimer’s Disease,1,Real,3,HealthStory,0.89766246
story_reviews_00158,Breast Cancer Screenings Still Best for Early Detection,Breast Cancer Screenings Still Best for Early Detection,0,Fake,2,HealthStory,0.8976562
story_reviews_01367,"Erbitux may help fight breast cancer, claims study","Erbitux may help fight breast cancer, claims study",1,Real,4,HealthStory,0.8976469
story_reviews_01064,Olive oil lovers show lower stroke risk,Olive oil lovers show lower stroke risk,1,Real,5,HealthStory,0.897638
story_reviews_01613,"Triumph for Xiaflex, Drug to Straighten Clenched Fingers","Triumph for Xiaflex, Drug to Straighten Clenched Fingers",1,Real,5,HealthStory,0.8976371
story_reviews_00362,New Ways to Fight Super Lice,New Ways to Fight Super Lice,1,Real,5,HealthStory,0.8975423
story_reviews_00924,Healthy Perspective: The latest health & wellness news with a dose of conversation,Healthy Perspective: The latest health & wellness news with a dose of conversation,0,Fake,1,HealthStory,0.89751345
story_reviews_00958,Hemophilia B Gene Therapy Breakthrough,Hemophilia B Gene Therapy Breakthrough,1,Real,4,HealthStory,0.89748704
story_reviews_00804,Daily multivitamin shown to help ward off cancer in men,Daily multivitamin shown to help ward off cancer in men,1,Real,4,HealthStory,0.8974853
story_reviews_00648,"Artificial sweetener may help treat aggressive cancers, study finds","Artificial sweetener may help treat aggressive cancers, study finds",0,Fake,2,HealthStory,0.89746153
story_reviews_01226,"Extra calcium, vitamin D no bone booster for men","Extra calcium, vitamin D no bone booster for men",1,Real,4,HealthStory,0.8973465
story_reviews_00107,FDA approves first blood test for concussion,FDA approves first blood test for concussion,1,Real,3,HealthStory,0.8973236
story_reviews_00263,Researchers just exposed another way to help combat the opioid epidemic,Researchers just exposed another way to help combat the opioid epidemic,0,Fake,2,HealthStory,0.89732313
story_reviews_00869,Prep-free virtual colonoscopy could be as effective as scope procedure,Prep-free virtual colonoscopy could be as effective as scope procedure,1,Real,5,HealthStory,0.89731854
story_reviews_00794,Amgen experimental drug lowers cholesterol in mid-stage trial,Amgen experimental drug lowers cholesterol in mid-stage trial,1,Real,3,HealthStory,0.89725554
story_reviews_00360,New inhaler protects lungs against effects of air pollution,New inhaler protects lungs against effects of air pollution,1,Real,3,HealthStory,0.89714366
story_reviews_00923,Scarred Hearts Healed After Heart Attack,Scarred Hearts Healed After Heart Attack,0,Fake,2,HealthStory,0.89712083
story_reviews_01094,"Celebrex may curb colon cancer, but with caveats","Celebrex may curb colon cancer, but with caveats",1,Real,5,HealthStory,0.8970946
story_reviews_01035,Stool test good for catching colon cancer: study,Stool test good for catching colon cancer: study,1,Real,5,HealthStory,0.8970474
story_reviews_00212,New drug shows promise against vision-robbing disease in seniors,New drug shows promise against vision-robbing disease in seniors,1,Real,3,HealthStory,0.8970392
story_reviews_01067,Consuming more olive oil may protect against strokes,Consuming more olive oil may protect against strokes,1,Real,3,HealthStory,0.8970021
story_reviews_00280,Scientists mix friendly bacteria into lotions to ward off bad germs,Scientists mix friendly bacteria into lotions to ward off bad germs,1,Real,3,HealthStory,0.8969857
story_reviews_00517,Penn study: Pay patients to take their pills,Penn study: Pay patients to take their pills,1,Real,5,HealthStory,0.896979
story_reviews_00099,Test risk of breast cancer from home with new FDA-approved DNA kit by 23andMe,Test risk of breast cancer from home with new FDA-approved DNA kit by 23andMe,0,Fake,1,HealthStory,0.8969225
story_reviews_01014,Certain foods may be the best medicine for lowering ‘bad’ cholesterol,Certain foods may be the best medicine for lowering ‘bad’ cholesterol,1,Real,3,HealthStory,0.8968726
story_reviews_00258,Promising new lymphoma treatment gets fast-tracked by FDA,Promising new lymphoma treatment gets fast-tracked by FDA,0,Fake,2,HealthStory,0.8968392
story_reviews_00322,There’s something in magic mushrooms that’s shown to ease anxiety and depression in cancer patients in one dose,There’s something in magic mushrooms that’s shown to ease anxiety and depression in cancer patients in one dose,1,Real,4,HealthStory,0.89676
story_reviews_00826,Acupuncture has limited benefit for chronic pain,Acupuncture has limited benefit for chronic pain,1,Real,3,HealthStory,0.89671475
story_reviews_01061,Benefit of mammograms even greater than thought,Benefit of mammograms even greater than thought,0,Fake,2,HealthStory,0.8966743
story_reviews_00131,Study: Antibiotics could dramatically reduce sexually transmitted infections,Study: Antibiotics could dramatically reduce sexually transmitted infections,1,Real,3,HealthStory,0.8966426
story_reviews_00080,Amgen's Aimovig halved migraine days in 30 percent of trial patients,Amgen's Aimovig halved migraine days in 30 percent of trial patients,0,Fake,2,HealthStory,0.8965017
story_reviews_00511,"Light therapy effective for treating depression, not just winter blues","Light therapy effective for treating depression, not just winter blues",1,Real,4,HealthStory,0.8964928
story_reviews_00741,Experimental sleep drug may cause fewer side effects: Merck study,Experimental sleep drug may cause fewer side effects: Merck study,1,Real,3,HealthStory,0.89645934
story_reviews_00866,Chinese Herb Kudzu May Help Drinkers Cut Down,Chinese Herb Kudzu May Help Drinkers Cut Down,1,Real,4,HealthStory,0.89645106
story_reviews_01513,"""Mind-body"" therapy shows promise for fibromyalgia","""Mind-body"" therapy shows promise for fibromyalgia",1,Real,4,HealthStory,0.89634085
story_reviews_00758,Vanda sleep drug effective in second late-stage trial,Vanda sleep drug effective in second late-stage trial,0,Fake,2,HealthStory,0.8963393
story_reviews_01267,Study: Stroke deaths higher where fried fish aplenty,Study: Stroke deaths higher where fried fish aplenty,1,Real,5,HealthStory,0.8963091
story_reviews_00751,Folic acid in pregnancy may help lower autism risk,Folic acid in pregnancy may help lower autism risk,1,Real,3,HealthStory,0.896265
story_reviews_00058,"First marijuana-derived drug approved, will target severe epilepsy","First marijuana-derived drug approved, will target severe epilepsy",1,Real,3,HealthStory,0.8962648
story_reviews_01224,Doctor Challenges Cause Of MS And Treatment,Doctor Challenges Cause Of MS And Treatment,1,Real,3,HealthStory,0.89623696
story_reviews_01164,Hormones may be better than soy for hot flashes,Hormones may be better than soy for hot flashes,1,Real,5,HealthStory,0.89619297
story_reviews_00134,Gene therapy makes a big advance treating hemophilia B blood disorder,Gene therapy makes a big advance treating hemophilia B blood disorder,1,Real,4,HealthStory,0.89618903
story_reviews_00135,Open windows and doors can improve sleep quality,Open windows and doors can improve sleep quality,1,Real,3,HealthStory,0.8961588
story_reviews_00603,"Exercise, diet or both may protect against excess pregnancy weight","Exercise, diet or both may protect against excess pregnancy weight",1,Real,3,HealthStory,0.8961257
story_reviews_00525,Portable gluten test promises to ease dining woes,Portable gluten test promises to ease dining woes,1,Real,3,HealthStory,0.89601934
story_reviews_00163,FDA approves 1st blood sugar monitor without finger pricks,FDA approves 1st blood sugar monitor without finger pricks,1,Real,3,HealthStory,0.896008
story_reviews_01585,Constant migraines may be from unlikely culprit: a deviated septum,Constant migraines may be from unlikely culprit: a deviated septum,0,Fake,0,HealthStory,0.8959486
story_reviews_00723,Best time of the month for women to quit smoking,Best time of the month for women to quit smoking,0,Fake,2,HealthStory,0.89591366
story_reviews_01136,Premature births may be reduced with hormone gel,Premature births may be reduced with hormone gel,1,Real,3,HealthStory,0.8958743
story_reviews_00714,Blueberries May Lower Blood Pressure,Blueberries May Lower Blood Pressure,0,Fake,2,HealthStory,0.89585406
story_reviews_01588,Knee Braces Ease Osteoarthritis Pain,Knee Braces Ease Osteoarthritis Pain,0,Fake,1,HealthStory,0.89579695
story_reviews_00217,The O-Shot: Incontinence fix or empty promise?,The O-Shot: Incontinence fix or empty promise?,1,Real,5,HealthStory,0.8957012
story_reviews_00150,First test of anti-epilepsy surgeries in children shows dramatic benefit,First test of anti-epilepsy surgeries in children shows dramatic benefit,1,Real,4,HealthStory,0.8956808
story_reviews_00403,"Stem cell study for ALS patients shows promise, yet causes pain","Stem cell study for ALS patients shows promise, yet causes pain",1,Real,4,HealthStory,0.8956611
story_reviews_00905,Robotic surgeries costlier but safer: study,Robotic surgeries costlier but safer: study,1,Real,4,HealthStory,0.89549714
story_reviews_01649,CT Scans Deemed Best for Checking Heart Arteries,CT Scans Deemed Best for Checking Heart Arteries,0,Fake,2,HealthStory,0.8954678
story_reviews_01430,Surgery prevents breast cancers in high-risk women,Surgery prevents breast cancers in high-risk women,0,Fake,1,HealthStory,0.8953909
story_reviews_00064,Automatic texting helps ease stress of chemotherapy in breast cancer patients,Automatic texting helps ease stress of chemotherapy in breast cancer patients,0,Fake,2,HealthStory,0.89527065
story_reviews_00710,Beetroot juice and blood pressure: Study and benefits,Beetroot juice and blood pressure: Study and benefits,1,Real,3,HealthStory,0.89516497
story_reviews_01638,Hormone-infused nasal spray found to help people with autism,Hormone-infused nasal spray found to help people with autism,1,Real,3,HealthStory,0.8951498
story_reviews_01622,Electromagnetic Pulses May Stem Arthritic Knee Pain,Electromagnetic Pulses May Stem Arthritic Knee Pain,0,Fake,0,HealthStory,0.8950003
story_reviews_00252,Hospitalizations drop where laws restrict trans fats,Hospitalizations drop where laws restrict trans fats,1,Real,5,HealthStory,0.89499366
story_reviews_01342,New Colon Cancer Screening Test in the Works,New Colon Cancer Screening Test in the Works,1,Real,3,HealthStory,0.8949654
story_reviews_00463,Baby Deadline Test: Beat Your Biological Clock,Baby Deadline Test: Beat Your Biological Clock,0,Fake,2,HealthStory,0.89493257
story_reviews_01283,Baby aspirin linked to reduced cancer deaths,Baby aspirin linked to reduced cancer deaths,1,Real,4,HealthStory,0.8947893
story_reviews_00895,Experimental cholesterol drug results called 'game changing',Experimental cholesterol drug results called 'game changing',1,Real,4,HealthStory,0.89478296
story_reviews_00028,Amarin fish oil capsule shows dramatic benefit for cardiovascular patients,Amarin fish oil capsule shows dramatic benefit for cardiovascular patients,1,Real,3,HealthStory,0.89478076
story_reviews_00418,This isn’t hype: Canadian doctors just reversed severe MS using stem cells,This isn’t hype: Canadian doctors just reversed severe MS using stem cells,1,Real,5,HealthStory,0.89478004
story_reviews_00775,University of Pennsylvania gene therapy shows promise in eradicating some blood cancers,University of Pennsylvania gene therapy shows promise in eradicating some blood cancers,1,Real,3,HealthStory,0.89473635
story_reviews_00018,Novartis drug cut death risk by 35 percent in gene mutation breast cancer,Novartis drug cut death risk by 35 percent in gene mutation breast cancer,0,Fake,2,HealthStory,0.89468086
story_reviews_00347,"'New day' in lung cancer as Merck drug shines, works with chemo","'New day' in lung cancer as Merck drug shines, works with chemo",1,Real,3,HealthStory,0.89456415
story_reviews_00713,FDA approves a device for weight loss,FDA approves a device for weight loss,1,Real,3,HealthStory,0.89443165
story_reviews_00499,Report: DASH Diet Best Overall Eating Plan,Report: DASH Diet Best Overall Eating Plan,0,Fake,2,HealthStory,0.8943985
story_reviews_00859,New Epilepsy Tactic: Fight Inflammation,New Epilepsy Tactic: Fight Inflammation,1,Real,3,HealthStory,0.8943854
story_reviews_00067,"Deep brain stimulation may offer treatment for type 2 diabetes, study suggests","Deep brain stimulation may offer treatment for type 2 diabetes, study suggests",1,Real,4,HealthStory,0.89437604
story_reviews_01043,"Quick shot replacing nip, tuck","Quick shot replacing nip, tuck",0,Fake,1,HealthStory,0.8943159
story_reviews_01230,Deep Brain Stimulation for Stubborn Hypertension,Deep Brain Stimulation for Stubborn Hypertension,1,Real,3,HealthStory,0.89429617
story_reviews_00071,Laughing gas makes a comeback for women in labor - like Kate Middleton,Laughing gas makes a comeback for women in labor - like Kate Middleton,1,Real,4,HealthStory,0.8942954
story_reviews_00639,Toddler brain images reveal which may have autism and struggle with language,Toddler brain images reveal which may have autism and struggle with language,0,Fake,2,HealthStory,0.89428693
story_reviews_00359,Study shines a light on low winter-time male libido,Study shines a light on low winter-time male libido,0,Fake,2,HealthStory,0.8942685
story_reviews_01266,"Moms who take folic acid, iron have smarter kids","Moms who take folic acid, iron have smarter kids",0,Fake,2,HealthStory,0.8942428
story_reviews_00970,Stem Cells Repair Heart in First-Ever Study,Stem Cells Repair Heart in First-Ever Study,1,Real,3,HealthStory,0.8941999
story_reviews_00000,Virtual reality to help detect early risk of Alzheimer’s,Virtual reality to help detect early risk of Alzheimer’s,0,Fake,1,HealthStory,0.89414996
story_reviews_00676,'Peanut patch' may protect against life-threatening allergy,'Peanut patch' may protect against life-threatening allergy,1,Real,3,HealthStory,0.8940929
story_reviews_00490,Zafgen reports promising results from weight-loss drug study,Zafgen reports promising results from weight-loss drug study,1,Real,3,HealthStory,0.894038
story_reviews_00433,Oramed says oral insulin succeeds in midstage type 2 diabetes trial,Oramed says oral insulin succeeds in midstage type 2 diabetes trial,1,Real,3,HealthStory,0.893941
story_reviews_01609,Tequila Plant May Help Fight Bone Loss,Tequila Plant May Help Fight Bone Loss,0,Fake,1,HealthStory,0.893807
story_reviews_00296,'Ablation' Procedure Helps 3 out of 4 Patients With Irregular Heartbeat,'Ablation' Procedure Helps 3 out of 4 Patients With Irregular Heartbeat,1,Real,3,HealthStory,0.8938068
story_reviews_00544,Lilly diabetes drug slashes deaths in patients with heart risk,Lilly diabetes drug slashes deaths in patients with heart risk,1,Real,3,HealthStory,0.8938025
story_reviews_00214,New study shows promise of yoga in treating back pain,New study shows promise of yoga in treating back pain,0,Fake,2,HealthStory,0.89379114
story_reviews_01277,"German doctors declare ""cure"" in HIV patient","German doctors declare ""cure"" in HIV patient",1,Real,4,HealthStory,0.893777
story_reviews_01259,Study finds overuse of implanted defibrillators,Study finds overuse of implanted defibrillators,1,Real,4,HealthStory,0.89377207
story_reviews_01057,Review raises questions over benefits of cutting salt,Review raises questions over benefits of cutting salt,1,Real,5,HealthStory,0.8936882
story_reviews_00966,Microwave Technique Fights Lung Tumors,Microwave Technique Fights Lung Tumors,1,Real,4,HealthStory,0.893682
story_reviews_00265,"Web-based counseling reduces blood pressure, according to a new study","Web-based counseling reduces blood pressure, according to a new study",1,Real,4,HealthStory,0.8936801
story_reviews_00537,"Some with early-stage breast cancer can skip chemo, study says","Some with early-stage breast cancer can skip chemo, study says",1,Real,5,HealthStory,0.89364725
story_reviews_00453,Tracking the risks and rewards of transcranial magnetic stimulation,Tracking the risks and rewards of transcranial magnetic stimulation,1,Real,3,HealthStory,0.8936264
story_reviews_01483,Costly New Prostate Cancer Drug Works In Mysterious Ways,Costly New Prostate Cancer Drug Works In Mysterious Ways,1,Real,5,HealthStory,0.8936088
story_reviews_00478,More Support for Osteoporosis Drugs,More Support for Osteoporosis Drugs,1,Real,5,HealthStory,0.8935675
story_reviews_01250,Shingles Vaccine Cuts Disease Risk 55%,Shingles Vaccine Cuts Disease Risk 55%,1,Real,4,HealthStory,0.89356536
story_reviews_00145,"Regular painkillers work as well as opioids for sprains, strains and fractures","Regular painkillers work as well as opioids for sprains, strains and fractures",1,Real,3,HealthStory,0.8935578
story_reviews_00473,Smart air quality device and app helps you breathe easier,Smart air quality device and app helps you breathe easier,0,Fake,2,HealthStory,0.89355147
story_reviews_00843,A New Check for Heart Problems,A New Check for Heart Problems,0,Fake,2,HealthStory,0.8935136
story_reviews_01384,Swedish mammography study sows more confusion about screening for breast cancer,Swedish mammography study sows more confusion about screening for breast cancer,1,Real,5,HealthStory,0.8933747
story_reviews_00003,J&J says its psoriasis drug superior to Novartis treatment in study,J&J says its psoriasis drug superior to Novartis treatment in study,0,Fake,2,HealthStory,0.89337134
story_reviews_00949,Spinal tap may predict Alzheimer's years ahead,Spinal tap may predict Alzheimer's years ahead,1,Real,5,HealthStory,0.8933619
story_reviews_01153,Alexander Technique: A Balm For Back Pain?,Alexander Technique: A Balm For Back Pain?,0,Fake,2,HealthStory,0.8932929
story_reviews_01543,Urine test improves prostate diagnosis: study,Urine test improves prostate diagnosis: study,1,Real,3,HealthStory,0.8932505
story_reviews_01304,Pomegranate juice could help kidney patients,Pomegranate juice could help kidney patients,1,Real,5,HealthStory,0.89324296
story_reviews_01122,Pushing Limits of New Knees,Pushing Limits of New Knees,1,Real,3,HealthStory,0.8931964
story_reviews_01393,"Cartilage regeneration builds a new knee, from the inside","Cartilage regeneration builds a new knee, from the inside",0,Fake,2,HealthStory,0.89314765
story_reviews_01276,FDA rejects Avastin as breast cancer therapy,FDA rejects Avastin as breast cancer therapy,1,Real,4,HealthStory,0.8931047
story_reviews_00471,How a balloon can help you lose weight,How a balloon can help you lose weight,0,Fake,2,HealthStory,0.89305234
story_reviews_00149,Study Raises Questions About Stents in Some Heart Patients,Study Raises Questions About Stents in Some Heart Patients,1,Real,4,HealthStory,0.89297825
story_reviews_00739,Walnuts for Diabetes,Walnuts for Diabetes,0,Fake,1,HealthStory,0.892975
story_reviews_01660,New Scan May Help Find Aggressive Prostate Tumors,New Scan May Help Find Aggressive Prostate Tumors,0,Fake,1,HealthStory,0.8929706
story_reviews_01258,Injecting Migraine Pain Away,Injecting Migraine Pain Away,1,Real,3,HealthStory,0.8929295
story_reviews_01477,"Low-carb, low-calorie diets can both result in weight loss","Low-carb, low-calorie diets can both result in weight loss",1,Real,3,HealthStory,0.892875
story_reviews_01486,Common Diagnostic Test May Prolong Low Back Pain,Common Diagnostic Test May Prolong Low Back Pain,0,Fake,2,HealthStory,0.8928566
story_reviews_01286,Study finds daily aspirin cuts many cancer risks,Study finds daily aspirin cuts many cancer risks,0,Fake,2,HealthStory,0.8928366
story_reviews_01602,Liver supplements don’t seem to offer protection,Liver supplements don’t seem to offer protection,1,Real,5,HealthStory,0.89283293
story_reviews_01490,"What ""clinically proven"" means for a beauty product","What ""clinically proven"" means for a beauty product",1,Real,5,HealthStory,0.8928311
story_reviews_01683,"Study: Ginkgo biloba has no effect on Alzheimer's, dementia","Study: Ginkgo biloba has no effect on Alzheimer's, dementia",1,Real,4,HealthStory,0.8927748
story_reviews_01557,New Hope for Early Detection of Autism,New Hope for Early Detection of Autism,1,Real,3,HealthStory,0.89274347
story_reviews_01673,"Robot prostate surgery has downsides, needs more data","Robot prostate surgery has downsides, needs more data",1,Real,4,HealthStory,0.89273083
story_reviews_00389,'Brain training' cut dementia risk in healthy adults -U.S. study,'Brain training' cut dementia risk in healthy adults -U.S. study,1,Real,3,HealthStory,0.892695
story_reviews_01326,Vitamin B and its role in improving memory,Vitamin B and its role in improving memory,1,Real,4,HealthStory,0.89267987
story_reviews_01634,Acupuncture shows promise for depression in pregnancy,Acupuncture shows promise for depression in pregnancy,1,Real,3,HealthStory,0.8926662
story_reviews_00400,FDA approves first dissolving stent for US patients,FDA approves first dissolving stent for US patients,1,Real,4,HealthStory,0.8926462
story_reviews_00081,Overcoming Fear of Back Pain May Spur Recovery,Overcoming Fear of Back Pain May Spur Recovery,1,Real,3,HealthStory,0.8926322
story_reviews_00053,Drugmakers Call Experimental Alzheimer’s Drug Study Outcome Positive,Drugmakers Call Experimental Alzheimer’s Drug Study Outcome Positive,1,Real,5,HealthStory,0.8926275
story_reviews_01534,Eating Brown Rice to Cut Diabetes Risk,Eating Brown Rice to Cut Diabetes Risk,1,Real,3,HealthStory,0.8926054
story_reviews_00325,Can’t Get to Sleep? Lay Off the Drugs,Can’t Get to Sleep? Lay Off the Drugs,1,Real,4,HealthStory,0.892563
story_reviews_01054,Study Questions Chiropractic's Impact on Back Pain,Study Questions Chiropractic's Impact on Back Pain,1,Real,4,HealthStory,0.8925343
story_reviews_00183,Thinning Hair? A New Treatment Offers Hope,Thinning Hair? A New Treatment Offers Hope,1,Real,3,HealthStory,0.892514
story_reviews_01222,Scientists look to stem cells to mend broken hearts,Scientists look to stem cells to mend broken hearts,0,Fake,0,HealthStory,0.89249456
story_reviews_00646,Experts Back Angelina Jolie Pitt in Choices for Cancer Prevention,Experts Back Angelina Jolie Pitt in Choices for Cancer Prevention,1,Real,4,HealthStory,0.892389
story_reviews_00193,Scientists Edge Closer To Elusive Lab Test For Chronic Fatigue Syndrome,Scientists Edge Closer To Elusive Lab Test For Chronic Fatigue Syndrome,1,Real,3,HealthStory,0.8923382
story_reviews_01363,Protein urine test may signal prostate cancer,Protein urine test may signal prostate cancer,0,Fake,2,HealthStory,0.89232033
story_reviews_00897,New Procedure Makes Hyperhidrosis No Sweat,New Procedure Makes Hyperhidrosis No Sweat,0,Fake,2,HealthStory,0.89224744
story_reviews_00148,‘Unbelievable’: Heart Stents Fail to Ease Chest Pain,‘Unbelievable’: Heart Stents Fail to Ease Chest Pain,1,Real,4,HealthStory,0.89220506
story_reviews_00590,"For post-op complications, go back to the same hospital: study","For post-op complications, go back to the same hospital: study",0,Fake,2,HealthStory,0.8920767
story_reviews_01693,Targeted Breast Cancer Drug Shrinks Tumors,Targeted Breast Cancer Drug Shrinks Tumors,0,Fake,2,HealthStory,0.8920329
story_reviews_00298,Research shows you really can lose weight — by combining diet AND exercise AND counseling,Research shows you really can lose weight — by combining diet AND exercise AND counseling,1,Real,3,HealthStory,0.8920178
story_reviews_01548,"Outlook, Office, Skype, Bing, Breaking News, and Latest Videos","Outlook, Office, Skype, Bing, Breaking News, and Latest Videos",0,Fake,2,HealthStory,0.89201504
story_reviews_01445,"Outlook, Office, Skype, Bing, Breaking News, and Latest Videos","Outlook, Office, Skype, Bing, Breaking News, and Latest Videos",0,Fake,2,HealthStory,0.89201504
story_reviews_01255,"Outlook, Office, Skype, Bing, Breaking News, and Latest Videos","Outlook, Office, Skype, Bing, Breaking News, and Latest Videos",1,Real,4,HealthStory,0.89201504
story_reviews_01041,"Outlook, Office, Skype, Bing, Breaking News, and Latest Videos","Outlook, Office, Skype, Bing, Breaking News, and Latest Videos",1,Real,3,HealthStory,0.89201504
story_reviews_01654,"Outlook, Office, Skype, Bing, Breaking News, and Latest Videos","Outlook, Office, Skype, Bing, Breaking News, and Latest Videos",1,Real,4,HealthStory,0.89201504
story_reviews_00902,"Outlook, Office, Skype, Bing, Breaking News, and Latest Videos","Outlook, Office, Skype, Bing, Breaking News, and Latest Videos",1,Real,3,HealthStory,0.89201504
story_reviews_00990,"Outlook, Office, Skype, Bing, Breaking News, and Latest Videos","Outlook, Office, Skype, Bing, Breaking News, and Latest Videos",1,Real,3,HealthStory,0.89201504
story_reviews_01079,"Outlook, Office, Skype, Bing, Breaking News, and Latest Videos","Outlook, Office, Skype, Bing, Breaking News, and Latest Videos",0,Fake,1,HealthStory,0.89201504
story_reviews_00773,"Outlook, Office, Skype, Bing, Breaking News, and Latest Videos","Outlook, Office, Skype, Bing, Breaking News, and Latest Videos",0,Fake,1,HealthStory,0.89201504
story_reviews_00938,"Outlook, Office, Skype, Bing, Breaking News, and Latest Videos","Outlook, Office, Skype, Bing, Breaking News, and Latest Videos",1,Real,3,HealthStory,0.89201504
story_reviews_01038,"Outlook, Office, Skype, Bing, Breaking News, and Latest Videos","Outlook, Office, Skype, Bing, Breaking News, and Latest Videos",0,Fake,0,HealthStory,0.89201504
story_reviews_01290,"Outlook, Office, Skype, Bing, Breaking News, and Latest Videos","Outlook, Office, Skype, Bing, Breaking News, and Latest Videos",1,Real,3,HealthStory,0.89201504
story_reviews_00907,"Outlook, Office, Skype, Bing, Breaking News, and Latest Videos","Outlook, Office, Skype, Bing, Breaking News, and Latest Videos",1,Real,4,HealthStory,0.89201504
story_reviews_00986,"Outlook, Office, Skype, Bing, Breaking News, and Latest Videos","Outlook, Office, Skype, Bing, Breaking News, and Latest Videos",1,Real,3,HealthStory,0.89201504
story_reviews_01578,"Outlook, Office, Skype, Bing, Breaking News, and Latest Videos","Outlook, Office, Skype, Bing, Breaking News, and Latest Videos",1,Real,5,HealthStory,0.89201504
story_reviews_00847,"Outlook, Office, Skype, Bing, Breaking News, and Latest Videos","Outlook, Office, Skype, Bing, Breaking News, and Latest Videos",0,Fake,2,HealthStory,0.89201504
story_reviews_01060,"Outlook, Office, Skype, Bing, Breaking News, and Latest Videos","Outlook, Office, Skype, Bing, Breaking News, and Latest Videos",0,Fake,2,HealthStory,0.89201504
story_reviews_00863,"Outlook, Office, Skype, Bing, Breaking News, and Latest Videos","Outlook, Office, Skype, Bing, Breaking News, and Latest Videos",1,Real,5,HealthStory,0.89201504
story_reviews_00319,Strobe lighting provides a flicker of hope in the fight against Alzheimer’s,Strobe lighting provides a flicker of hope in the fight against Alzheimer’s,0,Fake,2,HealthStory,0.8920035
story_reviews_00980,The Healthy Skeptic: Seeing through skin supplements’ claims,The Healthy Skeptic: Seeing through skin supplements’ claims,1,Real,4,HealthStory,0.89196265
story_reviews_00004,Incontinence Drug May Cut Hot Flashes in Breast Cancer Survivors,Incontinence Drug May Cut Hot Flashes in Breast Cancer Survivors,1,Real,5,HealthStory,0.89192903
story_reviews_00142,"Spit test may diagnose, predict duration of concussion in kids","Spit test may diagnose, predict duration of concussion in kids",1,Real,4,HealthStory,0.89192516
story_reviews_00978,New Multiple Sclerosis Therapy Promising in Early Trial,New Multiple Sclerosis Therapy Promising in Early Trial,0,Fake,2,HealthStory,0.8919216
story_reviews_01562,Sleep Drug May Treat Fibromyalgia Pain,Sleep Drug May Treat Fibromyalgia Pain,1,Real,4,HealthStory,0.8919057
story_reviews_01501,Higher vitamin E intake tied to lower dementia risk,Higher vitamin E intake tied to lower dementia risk,1,Real,4,HealthStory,0.8918861
story_reviews_00733,Gene test may help guide prostate cancer treatment,Gene test may help guide prostate cancer treatment,1,Real,5,HealthStory,0.89186066
story_reviews_01559,"Drug may prevent lung cancer, study finds","Drug may prevent lung cancer, study finds",0,Fake,2,HealthStory,0.8918418
story_reviews_01336,Diabetes drugs may help control lung cancer: study,Diabetes drugs may help control lung cancer: study,1,Real,3,HealthStory,0.89183795
story_reviews_01423,Pancreatic Chemo Comparison Finds No Survival Boost,Pancreatic Chemo Comparison Finds No Survival Boost,1,Real,4,HealthStory,0.8917734
story_reviews_01333,Beet Juice Good for Brain,Beet Juice Good for Brain,0,Fake,2,HealthStory,0.8917551
story_reviews_01314,The Downside of a Cancer Study Extolling CT Scans,The Downside of a Cancer Study Extolling CT Scans,1,Real,5,HealthStory,0.89174193
story_reviews_00469,"To quit smoking, it’s best to go cold turkey, study finds","To quit smoking, it’s best to go cold turkey, study finds",1,Real,4,HealthStory,0.89172834
story_reviews_00508,"""Bubble baby"" stem cell treatment looks like a cure","""Bubble baby"" stem cell treatment looks like a cure",0,Fake,1,HealthStory,0.89172095
story_reviews_01580,Experimental Drug May Treat Hepatitis C,Experimental Drug May Treat Hepatitis C,1,Real,4,HealthStory,0.8917177
story_reviews_00774,A Breakthrough Against Leukemia Using Altered T-Cells,A Breakthrough Against Leukemia Using Altered T-Cells,1,Real,4,HealthStory,0.8917135
story_reviews_01007,"Rare surgery brings more weight loss, more risks","Rare surgery brings more weight loss, more risks",1,Real,5,HealthStory,0.89169574
story_reviews_01648,Breakthrough in Creating Artificial Pancreas,Breakthrough in Creating Artificial Pancreas,0,Fake,2,HealthStory,0.8916455
story_reviews_00885,Dallas-Fort Worth Health News,Dallas-Fort Worth Health News,0,Fake,1,HealthStory,0.89163876
story_reviews_01158,Dallas-Fort Worth Health News,Dallas-Fort Worth Health News,0,Fake,2,HealthStory,0.89163876
story_reviews_01108,Quest for Vaccines to Treat Addiction,Quest for Vaccines to Treat Addiction,1,Real,4,HealthStory,0.8916296
story_reviews_01124,Early Stages Of Alzheimer's Now Get Formal Definitions : Shots,Early Stages Of Alzheimer's Now Get Formal Definitions : Shots,1,Real,5,HealthStory,0.89161
story_reviews_01523,Promise Seen for Detection of Alzheimer’s,Promise Seen for Detection of Alzheimer’s,1,Real,3,HealthStory,0.8915862
story_reviews_00413,Novo diabetes drug cuts heart risks by less-than-hoped 13 percentage,Novo diabetes drug cuts heart risks by less-than-hoped 13 percentage,1,Real,4,HealthStory,0.89156526
story_reviews_00281,Major study finds testosterone therapy is no fountain of youth,Major study finds testosterone therapy is no fountain of youth,1,Real,5,HealthStory,0.8915155
story_reviews_01017,Doctors screen for cervical cancer too often: study,Doctors screen for cervical cancer too often: study,1,Real,5,HealthStory,0.89147824
story_reviews_00249,FDA Approves Vagus Nerve Stimulator to Treat Cluster Headaches,FDA Approves Vagus Nerve Stimulator to Treat Cluster Headaches,0,Fake,2,HealthStory,0.89140344
story_reviews_01641,Dark Chocolate May Lower Stroke Risk,Dark Chocolate May Lower Stroke Risk,1,Real,3,HealthStory,0.891397
story_reviews_00514,Breast-Feeding Linked to Reduced Risk of Preemie Eye Problem,Breast-Feeding Linked to Reduced Risk of Preemie Eye Problem,1,Real,5,HealthStory,0.8913694
story_reviews_00416,"Ovarian cancer blood tests: Available, not widely used","Ovarian cancer blood tests: Available, not widely used",1,Real,4,HealthStory,0.89134806
story_reviews_00498,How stem cell therapy may help treat COPD,How stem cell therapy may help treat COPD,0,Fake,1,HealthStory,0.89134634
story_reviews_00809,Cervical cancer vaccine shows promise,Cervical cancer vaccine shows promise,1,Real,3,HealthStory,0.8913433
story_reviews_01248,Vaccine sharply cuts rate of shingles: study,Vaccine sharply cuts rate of shingles: study,1,Real,3,HealthStory,0.8913351
story_reviews_00671,App ‘trains’ your brain to see better,App ‘trains’ your brain to see better,1,Real,4,HealthStory,0.89124626
story_reviews_00363,Michigan Athletic Group Says Concussion Program Works,Michigan Athletic Group Says Concussion Program Works,1,Real,3,HealthStory,0.89111936
story_reviews_00020,New Nerve Stimulation Technique Might Relieve Back Pain,New Nerve Stimulation Technique Might Relieve Back Pain,1,Real,3,HealthStory,0.89110863
story_reviews_00399,Abbott wins U.S. approval for stent that absorbs into body,Abbott wins U.S. approval for stent that absorbs into body,1,Real,3,HealthStory,0.8911011
story_reviews_00492,School water coolers may help kids lose weight,School water coolers may help kids lose weight,1,Real,4,HealthStory,0.8910945
story_reviews_00294,Alternative medicine might help treat premature ejaculation,Alternative medicine might help treat premature ejaculation,1,Real,4,HealthStory,0.8910629
story_reviews_00090,Roche's Tecentriq cocktail adds to lung cancer survival success,Roche's Tecentriq cocktail adds to lung cancer survival success,0,Fake,2,HealthStory,0.89105564
story_reviews_00461,The homeliest nut just got better,The homeliest nut just got better,1,Real,3,HealthStory,0.89104074
story_reviews_00118,"Sleep apnea patient finds rest with implant device: ""It saved my life""","Sleep apnea patient finds rest with implant device: ""It saved my life""",0,Fake,1,HealthStory,0.89098
story_reviews_00967,The Healthy Skeptic: Promise of ChromaGen lenses for dyslexia a bit blurry,The Healthy Skeptic: Promise of ChromaGen lenses for dyslexia a bit blurry,1,Real,5,HealthStory,0.89086914
story_reviews_01241,Anti-Gravity Treadmill helps injured get moving again,Anti-Gravity Treadmill helps injured get moving again,0,Fake,1,HealthStory,0.89083374
story_reviews_00909,Omega-3 oils shown as good for brain health in study involving older people,Omega-3 oils shown as good for brain health in study involving older people,0,Fake,2,HealthStory,0.8908013
story_reviews_01506,Study Questions Guidelines on Cholesterol Screening in Kids,Study Questions Guidelines on Cholesterol Screening in Kids,0,Fake,2,HealthStory,0.8907937
story_reviews_00623,Premature Babies May Benefit From Intensive-Care Treatment,Premature Babies May Benefit From Intensive-Care Treatment,1,Real,5,HealthStory,0.89079285
story_reviews_00178,Laughing gas makes a comeback as painkiller in ambulances,Laughing gas makes a comeback as painkiller in ambulances,1,Real,3,HealthStory,0.89072955
story_reviews_01379,New method could make IVF more effective,New method could make IVF more effective,0,Fake,0,HealthStory,0.8907063
story_reviews_00198,A new study suggests it’s possible to get people off opioids and improve their pain,A new study suggests it’s possible to get people off opioids and improve their pain,1,Real,5,HealthStory,0.8907002
story_reviews_01176,Scientists develop blood test for Down's Syndrome,Scientists develop blood test for Down's Syndrome,0,Fake,2,HealthStory,0.89067453
story_reviews_00837,"Hormone May Boost Aging, Failing Brains","Hormone May Boost Aging, Failing Brains",1,Real,3,HealthStory,0.8906667
story_reviews_01261,New test under development could find single cancer cell in blood,New test under development could find single cancer cell in blood,0,Fake,2,HealthStory,0.890638
story_reviews_00521,FDA approves cancer treatment that uses virus to attack tumors,FDA approves cancer treatment that uses virus to attack tumors,1,Real,3,HealthStory,0.890634
story_reviews_00172,Menopause hormone therapy not linked to premature death,Menopause hormone therapy not linked to premature death,1,Real,5,HealthStory,0.89059305
story_reviews_00143,More than 103 million Americans will have high blood pressure under new guidelines,More than 103 million Americans will have high blood pressure under new guidelines,1,Real,3,HealthStory,0.890519
story_reviews_00822,New Melanoma Treatment Might Delay Cancer Progression,New Melanoma Treatment Might Delay Cancer Progression,1,Real,3,HealthStory,0.89051247
story_reviews_00527,New Approach Advised to Treat Schizophrenia,New Approach Advised to Treat Schizophrenia,1,Real,4,HealthStory,0.89049536
story_reviews_00932,Study clouds evidence on soy and menopause,Study clouds evidence on soy and menopause,1,Real,5,HealthStory,0.8904896
story_reviews_00564,FDA approves tool for diagnosing dementia in a doctor’s office,FDA approves tool for diagnosing dementia in a doctor’s office,0,Fake,2,HealthStory,0.8904699
story_reviews_01392,A Genetic Test for Prospective Parents,A Genetic Test for Prospective Parents,1,Real,3,HealthStory,0.8904572
story_reviews_01582,Study: Bone drug lowers breast cancer risk 38% in high-risk women,Study: Bone drug lowers breast cancer risk 38% in high-risk women,1,Real,3,HealthStory,0.8904468
story_reviews_01504,All kids should have cholesterol tests: study,All kids should have cholesterol tests: study,1,Real,4,HealthStory,0.890374
story_reviews_01671,Some Blood Pressure Drugs May Stave Off Dementia,Some Blood Pressure Drugs May Stave Off Dementia,1,Real,4,HealthStory,0.89033484
story_reviews_01414,Study backs prostate screening for high risk men,Study backs prostate screening for high risk men,1,Real,3,HealthStory,0.89027196
story_reviews_00006,Nerve Zap Might Ease Pain of Herniated Disk,Nerve Zap Might Ease Pain of Herniated Disk,1,Real,3,HealthStory,0.89017045
story_reviews_01428,"HuffPost - Breaking News, U.S. and World News","HuffPost - Breaking News, U.S. and World News",1,Real,5,HealthStory,0.8901645
story_reviews_01552,Hepatitis C Drug Raises Cure Rate in a Late Trial,Hepatitis C Drug Raises Cure Rate in a Late Trial,1,Real,3,HealthStory,0.8901143
story_reviews_01167,How To Beat Sleep Apnea? Cut It Out (Surgically),How To Beat Sleep Apnea? Cut It Out (Surgically),1,Real,3,HealthStory,0.8900862
story_reviews_00791,Drug Slows Knee Osteoarthritis Progression,Drug Slows Knee Osteoarthritis Progression,1,Real,3,HealthStory,0.89001215
story_reviews_00816,Alzheimer's Drug Slows Memory Decline,Alzheimer's Drug Slows Memory Decline,1,Real,4,HealthStory,0.88998806
story_reviews_00102,What’s in the IV bag? Studies show safer option than saline,What’s in the IV bag? Studies show safer option than saline,1,Real,3,HealthStory,0.88997716
story_reviews_01549,Sanofi prostate cancer drug shows 28 percent survival,Sanofi prostate cancer drug shows 28 percent survival,0,Fake,2,HealthStory,0.8898816
story_reviews_00062,New Prostate Cancer DNA Spit Test Developed by Scientists,New Prostate Cancer DNA Spit Test Developed by Scientists,1,Real,3,HealthStory,0.88979214
story_reviews_01309,Can new cholesterol drug conquer heart disease?,Can new cholesterol drug conquer heart disease?,0,Fake,2,HealthStory,0.88977575
story_reviews_00173,Fecal Occult Stool Tests for Colorectal Cancer Screening,Fecal Occult Stool Tests for Colorectal Cancer Screening,1,Real,3,HealthStory,0.88971364
story_reviews_01527,Coffee may cut risk for some cancers,Coffee may cut risk for some cancers,1,Real,4,HealthStory,0.8897028
story_reviews_01368,Special Report: Life and death in the age of the bionic heart,Special Report: Life and death in the age of the bionic heart,0,Fake,2,HealthStory,0.88967645
story_reviews_00246,New Procedure Looks Promising for Men With Enlarged Prostates,New Procedure Looks Promising for Men With Enlarged Prostates,1,Real,3,HealthStory,0.8896498
story_reviews_00382,New Asthma Treatment: Pill Makes Huge Difference In Patients With Severe Symptoms,New Asthma Treatment: Pill Makes Huge Difference In Patients With Severe Symptoms,0,Fake,1,HealthStory,0.88963294
story_reviews_00919,Weight-Loss Drugs Face High Hurdles At FDA,Weight-Loss Drugs Face High Hurdles At FDA,1,Real,3,HealthStory,0.8895691
story_reviews_01203,Women on bone drugs have less colon cancer: study,Women on bone drugs have less colon cancer: study,1,Real,4,HealthStory,0.8895539
story_reviews_00512,Coffee could literally be a lifesaver,Coffee could literally be a lifesaver,1,Real,3,HealthStory,0.8895383
story_reviews_00899,'Cutting' your risk of prostate cancer,'Cutting' your risk of prostate cancer,1,Real,3,HealthStory,0.88949525
story_reviews_00761,The other incontinence,The other incontinence,1,Real,4,HealthStory,0.8894937
story_reviews_01374,Seizure and Pain Drug May Treat Hot Flashes,Seizure and Pain Drug May Treat Hot Flashes,1,Real,4,HealthStory,0.8894894
story_reviews_01601,Avodart May Lower Prostate Cancer Risk,Avodart May Lower Prostate Cancer Risk,1,Real,5,HealthStory,0.88948286
story_reviews_00608,"Antidepressants in pregnancy pose little risk to babies, study finds","Antidepressants in pregnancy pose little risk to babies, study finds",1,Real,3,HealthStory,0.889478
story_reviews_00093,DMAU: Male Birth Control Pill Offers 'Unprecedented' Study Results,DMAU: Male Birth Control Pill Offers 'Unprecedented' Study Results,1,Real,3,HealthStory,0.88946474
story_reviews_00203,"Vaccine shows protection against gonorrhea for first time, study says","Vaccine shows protection against gonorrhea for first time, study says",1,Real,4,HealthStory,0.8894385
story_reviews_00098,How barbershops could help lower blood pressure,How barbershops could help lower blood pressure,1,Real,5,HealthStory,0.88942426
story_reviews_01177,Stomach pacemaker could help obese lose weight,Stomach pacemaker could help obese lose weight,1,Real,3,HealthStory,0.8893937
story_reviews_01009,Electronic Nose Sniffs Out Heart Failure,Electronic Nose Sniffs Out Heart Failure,1,Real,3,HealthStory,0.88925797
story_reviews_01085,Limits of New Screen for Heart Disease,Limits of New Screen for Heart Disease,1,Real,4,HealthStory,0.8892183
story_reviews_00780,Long-term treatment cuts breast cancer deaths,Long-term treatment cuts breast cancer deaths,1,Real,3,HealthStory,0.8892035
story_reviews_01231,Deep Brain Stimulation Might Ease Tough-to-Treat Hypertension,Deep Brain Stimulation Might Ease Tough-to-Treat Hypertension,1,Real,3,HealthStory,0.88918984
story_reviews_00352,How to heal head injuries? Try new app,How to heal head injuries? Try new app,1,Real,3,HealthStory,0.88916755
story_reviews_00673,Phone support can help ease postpartum depression,Phone support can help ease postpartum depression,1,Real,4,HealthStory,0.88915724
story_reviews_00459,Should you be taking daily low-dose aspirin for heart health?,Should you be taking daily low-dose aspirin for heart health?,1,Real,4,HealthStory,0.8891569
story_reviews_00483,"Flashing night-lights may help lessen jet lag, circadian problems","Flashing night-lights may help lessen jet lag, circadian problems",1,Real,5,HealthStory,0.88911486
story_reviews_00715,A better way to help people quit smoking?,A better way to help people quit smoking?,1,Real,3,HealthStory,0.8890935
story_reviews_00928,Heart Hormone Linked to Calorie-Burning Brown Fat,Heart Hormone Linked to Calorie-Burning Brown Fat,1,Real,3,HealthStory,0.88905466
story_reviews_00040,Breast Cancer Drug Promising in Phase 3 Trial,Breast Cancer Drug Promising in Phase 3 Trial,1,Real,3,HealthStory,0.8889972
story_reviews_01077,Two new drugs extend survival for melanoma patients,Two new drugs extend survival for melanoma patients,1,Real,4,HealthStory,0.888967
story_reviews_00049,"Experimental blood test could detect melanoma skin cancer early, study finds","Experimental blood test could detect melanoma skin cancer early, study finds",1,Real,4,HealthStory,0.8889343
story_reviews_01113,Tailored medicine could prevent more heart attacks,Tailored medicine could prevent more heart attacks,1,Real,4,HealthStory,0.888921
story_reviews_01205,Can relaxation drinks put you to sleep?,Can relaxation drinks put you to sleep?,1,Real,4,HealthStory,0.8889172
story_reviews_01213,Early breast cancers may need less lymph node surgery,Early breast cancers may need less lymph node surgery,1,Real,4,HealthStory,0.88889265
story_reviews_01341,New Portable Scanner for Breast Cancer,New Portable Scanner for Breast Cancer,0,Fake,2,HealthStory,0.8887667
story_reviews_00091,Modified Pap tests can show early warning signs of other gynecological cancers,Modified Pap tests can show early warning signs of other gynecological cancers,1,Real,3,HealthStory,0.888741
story_reviews_00607,Lost Posture: Why Some Indigenous Cultures May Not Have Back Pain,Lost Posture: Why Some Indigenous Cultures May Not Have Back Pain,1,Real,4,HealthStory,0.8885911
story_reviews_00329,New statin guidelines: Everyone 40 and older should be considered for the drug therapy,New statin guidelines: Everyone 40 and older should be considered for the drug therapy,1,Real,3,HealthStory,0.8885696
story_reviews_00386,"To reverse damage of sitting, take a brisk, hour-long walk","To reverse damage of sitting, take a brisk, hour-long walk",1,Real,4,HealthStory,0.8885501
story_reviews_01349,Baking Soda Boosts Athletic Performance,Baking Soda Boosts Athletic Performance,0,Fake,0,HealthStory,0.8885472
story_reviews_00079,Prostate cancer breakthrough as UK team develops more accurate test,Prostate cancer breakthrough as UK team develops more accurate test,0,Fake,1,HealthStory,0.88853675
story_reviews_01188,"Gastric bypass more effective than other procedures, studies find","Gastric bypass more effective than other procedures, studies find",0,Fake,2,HealthStory,0.88850456
story_reviews_01669,New Anticlotting Drug Beats Plavix,New Anticlotting Drug Beats Plavix,1,Real,4,HealthStory,0.8884928
story_reviews_00776,Drug Shows Promise for Lupus Skin Conditions,Drug Shows Promise for Lupus Skin Conditions,1,Real,3,HealthStory,0.88847727
story_reviews_00121,FDA approves first drug aimed at women with inherited breast cancer,FDA approves first drug aimed at women with inherited breast cancer,1,Real,3,HealthStory,0.88843817
story_reviews_00219,Tweaking brains with ‘smart drugs’ to get ahead in Silicon Valley,Tweaking brains with ‘smart drugs’ to get ahead in Silicon Valley,1,Real,3,HealthStory,0.888419
story_reviews_01120,Experimental Test May Warn of Premature Births,Experimental Test May Warn of Premature Births,1,Real,4,HealthStory,0.88838047
story_reviews_00414,Prozac and antidepressants are less effective in children than previously thought.,Prozac and antidepressants are less effective in children than previously thought.,0,Fake,2,HealthStory,0.88836795
story_reviews_00519,Study: New docs' suicidal thoughts eased with online therapy,Study: New docs' suicidal thoughts eased with online therapy,1,Real,3,HealthStory,0.8883462
story_reviews_01646,"Test of ""artificial pancreas"" offers diabetes hope","Test of ""artificial pancreas"" offers diabetes hope",0,Fake,1,HealthStory,0.8883383
story_reviews_01495,Can Ecstasy help ease post-traumatic stress?,Can Ecstasy help ease post-traumatic stress?,0,Fake,2,HealthStory,0.8883038
story_reviews_00086,Legal marijuana could help offset opioid epidemic,Legal marijuana could help offset opioid epidemic,1,Real,3,HealthStory,0.8883003
story_reviews_00231,Merck says test shows Keytruda improves survival for bladder cancer patients,Merck says test shows Keytruda improves survival for bladder cancer patients,1,Real,3,HealthStory,0.88828456
story_reviews_00075,Earlier Mammograms May Mean Less Need for Aggressive Treatments,Earlier Mammograms May Mean Less Need for Aggressive Treatments,1,Real,4,HealthStory,0.8882718
story_reviews_01191,Fungus Got Your Toes? Zap It,Fungus Got Your Toes? Zap It,1,Real,5,HealthStory,0.88825417
story_reviews_01684,Compound May Fight Hard-to-Treat Lung Cancer,Compound May Fight Hard-to-Treat Lung Cancer,0,Fake,2,HealthStory,0.8882442
story_reviews_01381,Study hints multivitamins aid women's heart health,Study hints multivitamins aid women's heart health,1,Real,3,HealthStory,0.8882163
story_reviews_00270,Quality of life after heart CT scan depends on results,Quality of life after heart CT scan depends on results,0,Fake,2,HealthStory,0.888207
story_reviews_01162,Blood Test May Predict Risk of Diabetes,Blood Test May Predict Risk of Diabetes,0,Fake,2,HealthStory,0.88819206
story_reviews_00701,Insulin spray may be helpful for people with early dementia,Insulin spray may be helpful for people with early dementia,0,Fake,2,HealthStory,0.8881898
story_reviews_01221,Gardasil Vaccine Guards Against HPV in Boys,Gardasil Vaccine Guards Against HPV in Boys,1,Real,3,HealthStory,0.88817257
story_reviews_00536,New Support for Home Births,New Support for Home Births,1,Real,4,HealthStory,0.8881169
story_reviews_01134,"Strawberries Fight Cancer, Study Finds","Strawberries Fight Cancer, Study Finds",0,Fake,2,HealthStory,0.88811034
story_reviews_00580,Prenatal testing can detect cancer in pregnant mothers,Prenatal testing can detect cancer in pregnant mothers,0,Fake,2,HealthStory,0.8880569
story_reviews_00942,"Nicotine patches, gum don’t prevent relapse, study finds","Nicotine patches, gum don’t prevent relapse, study finds",1,Real,3,HealthStory,0.8880492
story_reviews_00993,Robot-assisted hair restoration?,Robot-assisted hair restoration?,1,Real,5,HealthStory,0.8880183
story_reviews_01074,Exelixis drug slows prostate cancer spread in trial,Exelixis drug slows prostate cancer spread in trial,0,Fake,2,HealthStory,0.88801634
story_reviews_01329,Study: CT scans can reduce lung cancer deaths by 20%,Study: CT scans can reduce lung cancer deaths by 20%,1,Real,3,HealthStory,0.88801014
story_reviews_01265,Don't Stay Up Waiting For A Pill To Fight Jet Lag,Don't Stay Up Waiting For A Pill To Fight Jet Lag,1,Real,4,HealthStory,0.8879479
story_reviews_00406,Stroke: Cleveland Clinic Will Test Deep Brain Stimulation,Stroke: Cleveland Clinic Will Test Deep Brain Stimulation,1,Real,4,HealthStory,0.887928
story_reviews_00513,Will drinking coffee extend your life?,Will drinking coffee extend your life?,1,Real,5,HealthStory,0.88791984
story_reviews_00501,Newer Blood Pressure Drugs as Good as Older Ones: Study,Newer Blood Pressure Drugs as Good as Older Ones: Study,1,Real,3,HealthStory,0.8879068
story_reviews_00558,Heart Drug Linked to Extra Years for Cancer Patients,Heart Drug Linked to Extra Years for Cancer Patients,1,Real,5,HealthStory,0.88790566
story_reviews_00275,Excess brain fluid may predict autism in high-risk babies,Excess brain fluid may predict autism in high-risk babies,1,Real,3,HealthStory,0.88789153
story_reviews_01375,Neurofeedback Gains Popularity and Second Looks,Neurofeedback Gains Popularity and Second Looks,1,Real,4,HealthStory,0.887887
story_reviews_01408,Small study suggests electrical stimulation of the brain can ease migraine pain,Small study suggests electrical stimulation of the brain can ease migraine pain,0,Fake,1,HealthStory,0.8878144
story_reviews_00475,'Female Viagra' gets mixed reviews,'Female Viagra' gets mixed reviews,0,Fake,2,HealthStory,0.88779473
story_reviews_00068,Newly Identified Form of Vertigo Responds to Treatment,Newly Identified Form of Vertigo Responds to Treatment,0,Fake,1,HealthStory,0.8877523
story_reviews_01443,Scientists use synthetic corneas to restore vision,Scientists use synthetic corneas to restore vision,0,Fake,2,HealthStory,0.8877443
story_reviews_00819,Menopause Therapy Found Less Risky,Menopause Therapy Found Less Risky,0,Fake,2,HealthStory,0.8876446
story_reviews_01154,How to soothe baby's colic? Pour a cup of tea,How to soothe baby's colic? Pour a cup of tea,0,Fake,0,HealthStory,0.8876222
story_reviews_01451,Tai chi may ease fibromyalgia pain,Tai chi may ease fibromyalgia pain,1,Real,4,HealthStory,0.88760763
story_reviews_00072,FDA expands use of Novartis MS drug to pediatric patients,FDA expands use of Novartis MS drug to pediatric patients,0,Fake,2,HealthStory,0.88750917
story_reviews_01147,3-Drug Combo May Treat Hepatitis C,3-Drug Combo May Treat Hepatitis C,1,Real,3,HealthStory,0.8874953
story_reviews_01059,Who should get screened for lung cancer?,Who should get screened for lung cancer?,1,Real,5,HealthStory,0.887495
story_reviews_00417,A ‘Polypill’ May Be the Next Big Preventive Fix,A ‘Polypill’ May Be the Next Big Preventive Fix,0,Fake,1,HealthStory,0.88748676
story_reviews_01244,New studies say antibiotics are good for infants with confirmed ear infections,New studies say antibiotics are good for infants with confirmed ear infections,1,Real,4,HealthStory,0.8874694
story_reviews_00126,Drinking hot tea linked to lowered glaucoma risk,Drinking hot tea linked to lowered glaucoma risk,1,Real,4,HealthStory,0.8874477
story_reviews_00876,Preventive medicines can help migraine sufferers,Preventive medicines can help migraine sufferers,1,Real,4,HealthStory,0.88743955
story_reviews_00488,Teen eating habits may help cut breast cancer risk,Teen eating habits may help cut breast cancer risk,1,Real,3,HealthStory,0.88743347
story_reviews_00702,Nasal spray shows promise as treatment for Alzheimer's disease,Nasal spray shows promise as treatment for Alzheimer's disease,0,Fake,2,HealthStory,0.8874296
story_reviews_00116,Could hyperbaric treatment heal the brain?,Could hyperbaric treatment heal the brain?,1,Real,3,HealthStory,0.8874269
story_reviews_00321,Driving home from night shift may be safer with light therapy,Driving home from night shift may be safer with light therapy,1,Real,5,HealthStory,0.8874268
story_reviews_00502,"New class of blood pressure meds as effective as old, analysis shows","New class of blood pressure meds as effective as old, analysis shows",1,Real,4,HealthStory,0.8874004
story_reviews_01405,New Drugs Stir Debate on Rules of Clinical Trials,New Drugs Stir Debate on Rules of Clinical Trials,1,Real,5,HealthStory,0.8873805
story_reviews_01511,FDA OKs Implantable Telescope to Aid Vision,FDA OKs Implantable Telescope to Aid Vision,1,Real,3,HealthStory,0.8873297
story_reviews_00264,Sperm problems? Smartphone device could screen for infertility,Sperm problems? Smartphone device could screen for infertility,0,Fake,2,HealthStory,0.88732517
story_reviews_00699,Trial finds GSK Ebola shot is safe and provokes immune response,Trial finds GSK Ebola shot is safe and provokes immune response,1,Real,4,HealthStory,0.8873148
story_reviews_01280,Acupuncture May Help Lazy Eye,Acupuncture May Help Lazy Eye,1,Real,3,HealthStory,0.88729304
story_reviews_01395,"In Test of Stents, Old Standby Wins Out","In Test of Stents, Old Standby Wins Out",1,Real,4,HealthStory,0.8872822
story_reviews_00912,Experimental Drug Shows Promise Against Type 2 Diabetes,Experimental Drug Shows Promise Against Type 2 Diabetes,1,Real,4,HealthStory,0.88722765
story_reviews_00222,Does chondroitin trump an anti-inflammatory for arthritic knee pain?,Does chondroitin trump an anti-inflammatory for arthritic knee pain?,1,Real,3,HealthStory,0.8872218
story_reviews_01238,Antidepressant May Help Ease Hot Flashes,Antidepressant May Help Ease Hot Flashes,1,Real,4,HealthStory,0.8872018
story_reviews_01056,Heart Treatment Overused,Heart Treatment Overused,1,Real,5,HealthStory,0.8871667
story_reviews_00725,New drug tricks metabolism into burning fat as if you’ve just finished a meal,New drug tricks metabolism into burning fat as if you’ve just finished a meal,0,Fake,2,HealthStory,0.88715756
story_reviews_01419,Your skin vs. the sun: A sunscreen pill?,Your skin vs. the sun: A sunscreen pill?,0,Fake,2,HealthStory,0.8871434
story_reviews_00867,Acupuncture May Be Worth a Shot for COPD,Acupuncture May Be Worth a Shot for COPD,0,Fake,2,HealthStory,0.88713664
story_reviews_01156,Lab-grown mouse sperm could spawn fertility treatments for men,Lab-grown mouse sperm could spawn fertility treatments for men,1,Real,3,HealthStory,0.88713384
story_reviews_00931,FDA Approves Cystic Fibrosis Drug,FDA Approves Cystic Fibrosis Drug,1,Real,3,HealthStory,0.88711715
story_reviews_00927,Inventor says new heart catheter will save lives,Inventor says new heart catheter will save lives,0,Fake,2,HealthStory,0.88710505
story_reviews_01356,Statin drugs may lower colon cancer risk: study,Statin drugs may lower colon cancer risk: study,0,Fake,1,HealthStory,0.8870272
story_reviews_01682,Ginkgo Won't Slow Decline of Aging Brain,Ginkgo Won't Slow Decline of Aging Brain,1,Real,3,HealthStory,0.88701856
story_reviews_01551,Breast Cancer Study Offers New Hope,Breast Cancer Study Offers New Hope,0,Fake,1,HealthStory,0.8869018
story_reviews_00722,Bite Back At Bad Cholesterol: Eat An Avocado A Day,Bite Back At Bad Cholesterol: Eat An Avocado A Day,0,Fake,2,HealthStory,0.88687515
story_reviews_01229,"Blocking ""rogue gene"" may stop cancer spread: study","Blocking ""rogue gene"" may stop cancer spread: study",0,Fake,2,HealthStory,0.8868241
story_reviews_00835,Magnetic stimulation helps some people with treatment-resistant depression,Magnetic stimulation helps some people with treatment-resistant depression,1,Real,5,HealthStory,0.8867398
story_reviews_00019,3-Drug Therapy Might Be Cystic Fibrosis 'Breakthrough',3-Drug Therapy Might Be Cystic Fibrosis 'Breakthrough',1,Real,3,HealthStory,0.886728
story_reviews_01553,Does do-it-yourself colon cleansing really improve health?,Does do-it-yourself colon cleansing really improve health?,1,Real,5,HealthStory,0.88671666
story_reviews_00407,Should pregnant women be induced at 39 weeks?,Should pregnant women be induced at 39 weeks?,1,Real,3,HealthStory,0.88667715
story_reviews_00552,T-cell therapy results more modest than hoped for chronic leukemia,T-cell therapy results more modest than hoped for chronic leukemia,1,Real,4,HealthStory,0.8865953
story_reviews_00195,"Stem cell brain implants could 'slow ageing and extend life', study shows","Stem cell brain implants could 'slow ageing and extend life', study shows",1,Real,4,HealthStory,0.88658744
story_reviews_01331,"""Spiral"" CT scans reduce smoker deaths: U.S. study","""Spiral"" CT scans reduce smoker deaths: U.S. study",1,Real,3,HealthStory,0.8865846
story_reviews_00472,First-of-its-kind cataract surgery using stem cells shows promise,First-of-its-kind cataract surgery using stem cells shows promise,1,Real,4,HealthStory,0.88655716
story_reviews_00965,Eating Fish May Be Good for Brain Health,Eating Fish May Be Good for Brain Health,1,Real,4,HealthStory,0.88654083
story_reviews_00630,New helmet technology helping patients tackle baldness,New helmet technology helping patients tackle baldness,1,Real,4,HealthStory,0.88652825
story_reviews_01004,"A drink a day good for middle-aged women, study finds","A drink a day good for middle-aged women, study finds",0,Fake,2,HealthStory,0.8864898
story_reviews_00436,Same-day hip replacements get patients back on their feet,Same-day hip replacements get patients back on their feet,0,Fake,2,HealthStory,0.8864853
story_reviews_00213,The Case Against – and for – Arthroscopic Knee Surgery,The Case Against – and for – Arthroscopic Knee Surgery,1,Real,4,HealthStory,0.8864111
story_reviews_01274,Brain scans predict which dyslexics will read,Brain scans predict which dyslexics will read,0,Fake,0,HealthStory,0.88637185
story_reviews_00388,Kids With Anxiety Disorders ‘Significantly’ Benefit From Mindfulness Exercises By Changing Brain Activity,Kids With Anxiety Disorders ‘Significantly’ Benefit From Mindfulness Exercises By Changing Brain Activity,0,Fake,2,HealthStory,0.8863705
story_reviews_01437,Pot may provide some chronic pain relief: study,Pot may provide some chronic pain relief: study,1,Real,4,HealthStory,0.8863515
story_reviews_00657,Tests of Cholesterol Drugs Offer Hope of Reducing Heart Attacks and Strokes,Tests of Cholesterol Drugs Offer Hope of Reducing Heart Attacks and Strokes,1,Real,5,HealthStory,0.88634694
story_reviews_01103,"Latisse, Not Just for Eyelashes Anymore: Skin Deep","Latisse, Not Just for Eyelashes Anymore: Skin Deep",1,Real,4,HealthStory,0.8863184
story_reviews_01152,No Good Evidence That Folk Remedies Ease Colic,No Good Evidence That Folk Remedies Ease Colic,1,Real,4,HealthStory,0.8862449
story_reviews_01052,Folic acid tied to better grades in Swedish teens,Folic acid tied to better grades in Swedish teens,1,Real,5,HealthStory,0.8862218
story_reviews_01422,"Can a supplement boost immunity, slow aging?","Can a supplement boost immunity, slow aging?",1,Real,3,HealthStory,0.8861554
story_reviews_01507,Study: Avid’s Imaging Dye Can Detect Alzheimer’s From Scan,Study: Avid’s Imaging Dye Can Detect Alzheimer’s From Scan,1,Real,3,HealthStory,0.8861231
story_reviews_00929,New Drug Treats Fibroids With Fewer Side Effects,New Drug Treats Fibroids With Fewer Side Effects,1,Real,3,HealthStory,0.8860739
story_reviews_00836,Hormone boosts mental function in small study,Hormone boosts mental function in small study,1,Real,4,HealthStory,0.8860239
story_reviews_01021,"Blood injections may help chronic ""tennis elbow""","Blood injections may help chronic ""tennis elbow""",1,Real,3,HealthStory,0.8859937
story_reviews_01275,Remedies: Honey for Coughing,Remedies: Honey for Coughing,1,Real,3,HealthStory,0.88597023
story_reviews_00332,Breathe. Exhale. Repeat: The Benefits of Controlled Breathing,Breathe. Exhale. Repeat: The Benefits of Controlled Breathing,0,Fake,2,HealthStory,0.8859688
story_reviews_01691,Giving a Heart a Hand,Giving a Heart a Hand,1,Real,4,HealthStory,0.88596773
story_reviews_00460,Do healthy people need an aspirin a day?,Do healthy people need an aspirin a day?,1,Real,5,HealthStory,0.88596207
story_reviews_00056,Doctors Try Genetically Modified Poliovirus As Experimental Brain Cancer Treatment,Doctors Try Genetically Modified Poliovirus As Experimental Brain Cancer Treatment,1,Real,4,HealthStory,0.8859293
story_reviews_01532,"New ""morning-after"" pill effective, safe: FDA staff","New ""morning-after"" pill effective, safe: FDA staff",1,Real,3,HealthStory,0.8859209
story_reviews_00165,Researchers identify CTE biomarker that may lead to diagnosis while alive,Researchers identify CTE biomarker that may lead to diagnosis while alive,1,Real,4,HealthStory,0.88591707
story_reviews_01460,Obesity Surgery Helps Diabetic Patients Kick Medicines,Obesity Surgery Helps Diabetic Patients Kick Medicines,1,Real,4,HealthStory,0.88591033
story_reviews_01098,Mindfulness Meditation May Cut IBS Symptoms,Mindfulness Meditation May Cut IBS Symptoms,0,Fake,0,HealthStory,0.88583356
story_reviews_00412,Expert Panel Reaffirms Need for Colon Cancer Screen Beginning at Age 50,Expert Panel Reaffirms Need for Colon Cancer Screen Beginning at Age 50,1,Real,4,HealthStory,0.885831
story_reviews_01547,Trial Help for Sex Problems,Trial Help for Sex Problems,1,Real,4,HealthStory,0.8858271
story_reviews_00591,Heart Association's Stroke Guidelines Support Clot-Removing Device,Heart Association's Stroke Guidelines Support Clot-Removing Device,1,Real,4,HealthStory,0.88582337
story_reviews_00957,Parents' Latest Pick: Herbal Shampoos to Keep Away Lice,Parents' Latest Pick: Herbal Shampoos to Keep Away Lice,1,Real,5,HealthStory,0.88572574
story_reviews_00901,Study suggests overall benefit from antidepressants,Study suggests overall benefit from antidepressants,1,Real,4,HealthStory,0.88568884
story_reviews_01558,'Female Viagra' May Treat Low Sexual Desire,'Female Viagra' May Treat Low Sexual Desire,1,Real,5,HealthStory,0.88566524
story_reviews_00660,College kids make robotic arms for children without real ones,College kids make robotic arms for children without real ones,0,Fake,2,HealthStory,0.88565886
story_reviews_01687,But does zinc help colds?,But does zinc help colds?,1,Real,3,HealthStory,0.8856387
story_reviews_00694,Mail-Order Viruses Are The New Antibiotics,Mail-Order Viruses Are The New Antibiotics,1,Real,3,HealthStory,0.8856355
story_reviews_00522,How Sugar Affects the Body: New Study Looks Beyond Calories,How Sugar Affects the Body: New Study Looks Beyond Calories,1,Real,5,HealthStory,0.8856059
story_reviews_00824,New Device May Reduce Repeat Breast Cancer Surgeries,New Device May Reduce Repeat Breast Cancer Surgeries,1,Real,3,HealthStory,0.8856035
story_reviews_00806,Options in Treating Incontinence,Options in Treating Incontinence,0,Fake,2,HealthStory,0.88560325
story_reviews_00575,"Pill may make pizza, pasta safe for gluten-free diners","Pill may make pizza, pasta safe for gluten-free diners",0,Fake,1,HealthStory,0.88553005
story_reviews_00634,"At gathering, living proof that CPR can save cardiac-arrest victims","At gathering, living proof that CPR can save cardiac-arrest victims",0,Fake,2,HealthStory,0.8855234
story_reviews_01225,CDC To Doctors: Anti-HIV Pill No Magic Bullet Against Virus,CDC To Doctors: Anti-HIV Pill No Magic Bullet Against Virus,1,Real,5,HealthStory,0.8854903
story_reviews_01522,Scientists find way to predict timing of menopause,Scientists find way to predict timing of menopause,0,Fake,2,HealthStory,0.8854825
story_reviews_00304,Bystander CPR may boost survival odds when ambulance delayed,Bystander CPR may boost survival odds when ambulance delayed,1,Real,5,HealthStory,0.88545597
story_reviews_00665,Intent on surviving another decade? Ace this test,Intent on surviving another decade? Ace this test,1,Real,3,HealthStory,0.8854239
story_reviews_00156,Muscular Dystrophy: Heartbroken Family Awaits FDA Decision on Experimental Drug,Muscular Dystrophy: Heartbroken Family Awaits FDA Decision on Experimental Drug,1,Real,4,HealthStory,0.8854163
story_reviews_00353,"Walking Fends Off Loss Of Mobility, And It's Not Too Late To Start","Walking Fends Off Loss Of Mobility, And It's Not Too Late To Start",1,Real,4,HealthStory,0.8854076
story_reviews_00073,"New Cure for Baldness Could Be Found in Existing Drug, Scientists Say","New Cure for Baldness Could Be Found in Existing Drug, Scientists Say",1,Real,3,HealthStory,0.88540035
story_reviews_00770,New test could help diagnose Alzheimer's disease in live patients,New test could help diagnose Alzheimer's disease in live patients,1,Real,5,HealthStory,0.8853679
story_reviews_00709,Researchers in Italy Found Bergamot Lowered Blood Cholesterol,Researchers in Italy Found Bergamot Lowered Blood Cholesterol,1,Real,5,HealthStory,0.8853458
story_reviews_01644,Insulin Study Could Lead to New Dosage Devices,Insulin Study Could Lead to New Dosage Devices,1,Real,4,HealthStory,0.8853266
story_reviews_00918,The Healthy Skeptic: Probiotics could help in cold and flu season,The Healthy Skeptic: Probiotics could help in cold and flu season,1,Real,5,HealthStory,0.88531196
story_reviews_00559,"Should you take Tylenol, Advil, or aspirin for pain? Here's what the evidence says.","Should you take Tylenol, Advil, or aspirin for pain? Here's what the evidence says.",1,Real,5,HealthStory,0.885309
story_reviews_00800,"You are getting cooler: Hypnosis works for hot flashes, study finds","You are getting cooler: Hypnosis works for hot flashes, study finds",1,Real,3,HealthStory,0.8852998
story_reviews_01263,More signs lung cancer screening could save lives,More signs lung cancer screening could save lives,1,Real,4,HealthStory,0.88526094
story_reviews_01299,FDA Questions Using Avodart to Cut Prostate Cancer Risk,FDA Questions Using Avodart to Cut Prostate Cancer Risk,1,Real,3,HealthStory,0.88522846
story_reviews_01211,New research raises hopes in quest to find universal flu vaccine,New research raises hopes in quest to find universal flu vaccine,1,Real,3,HealthStory,0.8851926
story_reviews_00227,"Cannabidiol slashes seizures in kids with rare epilepsy, study finds","Cannabidiol slashes seizures in kids with rare epilepsy, study finds",1,Real,5,HealthStory,0.8851533
story_reviews_01440,"Gaining on death, cooling therapy catches on slowly","Gaining on death, cooling therapy catches on slowly",1,Real,5,HealthStory,0.88515306
story_reviews_00596,MD Anderson researchers find potential way to detect pancreatic cancer early,MD Anderson researchers find potential way to detect pancreatic cancer early,0,Fake,2,HealthStory,0.88512933
story_reviews_00442,Carbohydrates and Resistant Starch May Help Weight Loss,Carbohydrates and Resistant Starch May Help Weight Loss,1,Real,3,HealthStory,0.88503027
story_reviews_00328,"Prisons fight opioids with $1,000 Vivitrol injections: Does it work?","Prisons fight opioids with $1,000 Vivitrol injections: Does it work?",1,Real,5,HealthStory,0.88502
story_reviews_00914,A New Approach to Treating Hair Loss,A New Approach to Treating Hair Loss,0,Fake,1,HealthStory,0.8850161
story_reviews_01426,Study Shows SAMe May Ease Depression,Study Shows SAMe May Ease Depression,1,Real,3,HealthStory,0.88496304
story_reviews_00401,Test Aids Prostate Cancer Treatment,Test Aids Prostate Cancer Treatment,1,Real,4,HealthStory,0.8849552
story_reviews_01232,Short-term pill-free therapy may help insomniacs,Short-term pill-free therapy may help insomniacs,1,Real,4,HealthStory,0.8849422
story_reviews_01337,Train The Brain: Using Neurofeedback To Treat ADHD,Train The Brain: Using Neurofeedback To Treat ADHD,1,Real,4,HealthStory,0.88493645
story_reviews_01126,FDA Approves New Device for Brain Tumor Treatment,FDA Approves New Device for Brain Tumor Treatment,0,Fake,1,HealthStory,0.88493365
story_reviews_00337,"Testing cholesterol in toddlers, even younger? Study says it could help","Testing cholesterol in toddlers, even younger? Study says it could help",1,Real,4,HealthStory,0.8848014
story_reviews_00801,Hypnosis Halts Hot Flashes for Some Women,Hypnosis Halts Hot Flashes for Some Women,0,Fake,2,HealthStory,0.8847876
story_reviews_00421,Stem Cells May Safely Restore Motor Function In Patients Suffering From Disabilities After Stroke,Stem Cells May Safely Restore Motor Function In Patients Suffering From Disabilities After Stroke,1,Real,3,HealthStory,0.8846912
story_reviews_00119,New approach to abdominal aortic aneurysm saves lives,New approach to abdominal aortic aneurysm saves lives,0,Fake,1,HealthStory,0.88468915
story_reviews_01240,Is there a 'natural' aid for diabetes?,Is there a 'natural' aid for diabetes?,1,Real,4,HealthStory,0.88462067
story_reviews_01114,Potential Parkinson's Treatment Explored,Potential Parkinson's Treatment Explored,1,Real,5,HealthStory,0.884575
story_reviews_01555,Houston scientists say test may show ovarian cancer early,Houston scientists say test may show ovarian cancer early,1,Real,5,HealthStory,0.8845719
story_reviews_00466,"Mindful meditation may be the answer to relieving chronic back pain, study suggests","Mindful meditation may be the answer to relieving chronic back pain, study suggests",1,Real,4,HealthStory,0.8845676
story_reviews_00598,A Ray of Hope for Patients With Malignant Brain Tumors,A Ray of Hope for Patients With Malignant Brain Tumors,0,Fake,2,HealthStory,0.8845499
story_reviews_00644,The MIND diet: 10 foods that fight Alzheimer's (and 5 to avoid),The MIND diet: 10 foods that fight Alzheimer's (and 5 to avoid),0,Fake,2,HealthStory,0.8845276
story_reviews_00503,12 Minutes of Yoga for Bone Health,12 Minutes of Yoga for Bone Health,1,Real,4,HealthStory,0.88448286
story_reviews_00509,The alternative infertility treatment that's helping some women get pregnant,The alternative infertility treatment that's helping some women get pregnant,1,Real,3,HealthStory,0.8844402
story_reviews_01614,Salsalate May Help Treat Type 2 Diabetes,Salsalate May Help Treat Type 2 Diabetes,1,Real,4,HealthStory,0.8844316
story_reviews_00908,Omega-3 Fatty Acids May Protect the Aging Brain,Omega-3 Fatty Acids May Protect the Aging Brain,1,Real,4,HealthStory,0.8844287
story_reviews_00766,Experimental drug may help people with bipolar disorder,Experimental drug may help people with bipolar disorder,1,Real,3,HealthStory,0.88442737
story_reviews_01432,"Arthroscopic rotator cuff surgery might benefit older people, study finds","Arthroscopic rotator cuff surgery might benefit older people, study finds",0,Fake,1,HealthStory,0.8843842
story_reviews_00189,"Flattening The 'Mummy Tummy' With 1 Exercise, 10 Minutes A Day","Flattening The 'Mummy Tummy' With 1 Exercise, 10 Minutes A Day",1,Real,3,HealthStory,0.88436306
story_reviews_00759,Drug Is Shown to Help Pancreatic Cancer Cases,Drug Is Shown to Help Pancreatic Cancer Cases,1,Real,5,HealthStory,0.8843066
story_reviews_00216,"Prostate cancer blood test could transform treatment, say scientists","Prostate cancer blood test could transform treatment, say scientists",0,Fake,1,HealthStory,0.88429147
story_reviews_01502,New Scan May Spot Alzheimer’s,New Scan May Spot Alzheimer’s,0,Fake,2,HealthStory,0.8842485
story_reviews_00554,"Sleep Fights Colds, Study Finds","Sleep Fights Colds, Study Finds",1,Real,3,HealthStory,0.88420194
story_reviews_00017,F.D.A. Approves New Drug for Flu,F.D.A. Approves New Drug for Flu,1,Real,4,HealthStory,0.8841827
story_reviews_00160,"In a First, Gene Therapy Halts a Fatal Brain Disease","In a First, Gene Therapy Halts a Fatal Brain Disease",1,Real,4,HealthStory,0.8841774
story_reviews_00921,"The Best Foods for Thought, Literally","The Best Foods for Thought, Literally",0,Fake,2,HealthStory,0.8841202
story_reviews_01456,Tai Chi improves symptoms of fibromyalgia,Tai Chi improves symptoms of fibromyalgia,1,Real,3,HealthStory,0.88411975
story_reviews_00201,New Heart Imaging Method May Predict Heart Attacks,New Heart Imaging Method May Predict Heart Attacks,0,Fake,2,HealthStory,0.8841022
story_reviews_01577,Drinking Green Tea May Protect Eyes,Drinking Green Tea May Protect Eyes,0,Fake,0,HealthStory,0.8839748
story_reviews_01219,Study: ADHD Diet Helps Reduce Symptoms,Study: ADHD Diet Helps Reduce Symptoms,0,Fake,2,HealthStory,0.8839668
story_reviews_00220,It's Snakes to the Rescue for Heart Patients,It's Snakes to the Rescue for Heart Patients,1,Real,3,HealthStory,0.88392985
story_reviews_00846,New Laser Aims to Zap Cellulite at the Source,New Laser Aims to Zap Cellulite at the Source,1,Real,3,HealthStory,0.88389397
story_reviews_00583,A New Frontier in Sun Protection,A New Frontier in Sun Protection,1,Real,3,HealthStory,0.88388497
story_reviews_00095,FDA takes fresh step towards curbing U.S. nicotine addiction,FDA takes fresh step towards curbing U.S. nicotine addiction,1,Real,3,HealthStory,0.8838305
story_reviews_01291,Gene Therapy Corrected Rare Bleeding Disorder: Study,Gene Therapy Corrected Rare Bleeding Disorder: Study,1,Real,4,HealthStory,0.88377553
story_reviews_00097,"Menopause 'hot flash' medicine could cut symptom by three quarters, trial shows","Menopause 'hot flash' medicine could cut symptom by three quarters, trial shows",0,Fake,2,HealthStory,0.8837724
story_reviews_00787,Nanoparticles Show Potential for Treating MS,Nanoparticles Show Potential for Treating MS,1,Real,3,HealthStory,0.8837534
story_reviews_01515,Pill Treats Painful Fibroids,Pill Treats Painful Fibroids,0,Fake,2,HealthStory,0.8837465
story_reviews_01129,Experts Debate Benefits of Prostate Cancer Tests at Any Age,Experts Debate Benefits of Prostate Cancer Tests at Any Age,1,Real,4,HealthStory,0.8837023
story_reviews_00297,"Kangaroo Care Helps Preemies And Full Term Babies, Too","Kangaroo Care Helps Preemies And Full Term Babies, Too",1,Real,3,HealthStory,0.88370115
story_reviews_00772,Beet Juice Lowers Blood Pressure,Beet Juice Lowers Blood Pressure,1,Real,3,HealthStory,0.88362503
story_reviews_01320,Bypass patients can benefit from a few drinks: study,Bypass patients can benefit from a few drinks: study,0,Fake,0,HealthStory,0.8836086
story_reviews_01396,New study widens debate on the value of mammograms,New study widens debate on the value of mammograms,1,Real,5,HealthStory,0.88359636
story_reviews_00852,Low-carb diet burns the most calories in small study,Low-carb diet burns the most calories in small study,1,Real,5,HealthStory,0.8835849
story_reviews_00937,Novel Stem Cell Treatment May Hold Promise for Type 1 Diabetes,Novel Stem Cell Treatment May Hold Promise for Type 1 Diabetes,1,Real,3,HealthStory,0.8835315
story_reviews_01652,Can fish oil help guard against schizophrenia?,Can fish oil help guard against schizophrenia?,1,Real,4,HealthStory,0.88351935
story_reviews_01039,Women who eat lots of fiber have less breast cancer,Women who eat lots of fiber have less breast cancer,1,Real,5,HealthStory,0.8834811
story_reviews_00397,A Cavity-Fighting Liquid Lets Kids Avoid Dentists’ Drills,A Cavity-Fighting Liquid Lets Kids Avoid Dentists’ Drills,1,Real,4,HealthStory,0.88345873
story_reviews_00036,Cannabidiol Reduces Symptoms of Psychosis,Cannabidiol Reduces Symptoms of Psychosis,0,Fake,2,HealthStory,0.8833962
story_reviews_00103,Less-invasive heart valve replacement tied to better quality of life,Less-invasive heart valve replacement tied to better quality of life,0,Fake,2,HealthStory,0.8833733
story_reviews_01339,New DNA Tests Aimed at Reducing Colon Cancer,New DNA Tests Aimed at Reducing Colon Cancer,1,Real,3,HealthStory,0.8833518
story_reviews_00528,The flu vaccine isn't perfect — but that doesn't mean you should skip the shot,The flu vaccine isn't perfect — but that doesn't mean you should skip the shot,1,Real,5,HealthStory,0.88333696
story_reviews_00376,Injected Drug May Help Fight Osteoporosis in Women,Injected Drug May Help Fight Osteoporosis in Women,1,Real,4,HealthStory,0.8832862
story_reviews_01366,Study Points to New Prostate Drug,Study Points to New Prostate Drug,1,Real,3,HealthStory,0.88326615
story_reviews_01424,Nsaids May Directly Ease Muscle and Joint Pain,Nsaids May Directly Ease Muscle and Joint Pain,1,Real,4,HealthStory,0.8832569
story_reviews_00845,New Frontiers of Cancer Treatment Bring Breathtaking Swings,New Frontiers of Cancer Treatment Bring Breathtaking Swings,1,Real,5,HealthStory,0.883256
story_reviews_01115,Test of Eye Drug Is Said to Show Success in Elderly,Test of Eye Drug Is Said to Show Success in Elderly,1,Real,4,HealthStory,0.8832269
story_reviews_00567,Lasering your lady parts? New technology helps women revitalize sex life after menopause,Lasering your lady parts? New technology helps women revitalize sex life after menopause,0,Fake,2,HealthStory,0.88322353
story_reviews_01325,Doctors suggest that women hit pause button on osteoporosis drugs,Doctors suggest that women hit pause button on osteoporosis drugs,1,Real,3,HealthStory,0.88320345
story_reviews_00548,"For Alzheimer's patients, resveratrol brings new hope","For Alzheimer's patients, resveratrol brings new hope",1,Real,5,HealthStory,0.88317084
story_reviews_00256,Should you walk or run for exercise? Here's what the science says.,Should you walk or run for exercise? Here's what the science says.,1,Real,5,HealthStory,0.8831366
story_reviews_00120,Scientists Edge Closer To A Blood Test To Detect Cancers,Scientists Edge Closer To A Blood Test To Detect Cancers,1,Real,5,HealthStory,0.8831326
story_reviews_01001,Muscle Relaxant May Ease Fibromyalgia Pain,Muscle Relaxant May Ease Fibromyalgia Pain,1,Real,3,HealthStory,0.8831221
story_reviews_00122,'Bone Cement': A Non-Surgical Option for Painful Joints?,'Bone Cement': A Non-Surgical Option for Painful Joints?,0,Fake,1,HealthStory,0.88306874
story_reviews_00534,"Genetic tests for psychiatric drugs spur hope, doubts","Genetic tests for psychiatric drugs spur hope, doubts",1,Real,5,HealthStory,0.8830273
story_reviews_00892,Bypass Surgery Edges Stents For Heart Treatment,Bypass Surgery Edges Stents For Heart Treatment,1,Real,4,HealthStory,0.8830165
story_reviews_01174,Acupuncture May Ease Hot Flashes,Acupuncture May Ease Hot Flashes,0,Fake,1,HealthStory,0.8829966
story_reviews_00014,"Artificial intelligence can predict Alzheimer’s 6 years earlier than medics, study finds","Artificial intelligence can predict Alzheimer’s 6 years earlier than medics, study finds",0,Fake,2,HealthStory,0.8829631
story_reviews_00754,Omega-6 Fats Linked to Increased Risk of Heart Disease,Omega-6 Fats Linked to Increased Risk of Heart Disease,1,Real,3,HealthStory,0.8829547
story_reviews_01464,Oral alternative to allergy shots improves hay fever,Oral alternative to allergy shots improves hay fever,1,Real,4,HealthStory,0.8827721
story_reviews_00174,"Statins cut the risk of heart disease death by 28% among men, study shows","Statins cut the risk of heart disease death by 28% among men, study shows",0,Fake,2,HealthStory,0.88276047
story_reviews_00879,"Alzheimer’s: New test aids early diagnosis, but worth it to know?","Alzheimer’s: New test aids early diagnosis, but worth it to know?",1,Real,3,HealthStory,0.8827393
story_reviews_00505,"Got Night Milk? A Possible Treatment for Anxiety, Insomnia","Got Night Milk? A Possible Treatment for Anxiety, Insomnia",1,Real,3,HealthStory,0.8827017
story_reviews_00507,"Women with Stage 4 breast cancer survive longer if they have surgery, study shows","Women with Stage 4 breast cancer survive longer if they have surgery, study shows",1,Real,4,HealthStory,0.88268316
story_reviews_00380,'Striking' Results from Early Zika Vaccine Trial,'Striking' Results from Early Zika Vaccine Trial,1,Real,3,HealthStory,0.8826769
story_reviews_00868,New Method Easing Preparation May Encourage Colon Checks,New Method Easing Preparation May Encourage Colon Checks,1,Real,3,HealthStory,0.8826134
story_reviews_00396,Could Statins Help Fight Cancer?,Could Statins Help Fight Cancer?,1,Real,3,HealthStory,0.8825391
story_reviews_00610,New Study Questions Use of Whole-Brain Radiation to Treat Cancer,New Study Questions Use of Whole-Brain Radiation to Treat Cancer,1,Real,5,HealthStory,0.8825381
story_reviews_00954,DHEA hormone may help women through menopause: study,DHEA hormone may help women through menopause: study,0,Fake,2,HealthStory,0.88253015
story_reviews_00334,Calcium supplements and your heart: Researchers send mixed messages,Calcium supplements and your heart: Researchers send mixed messages,1,Real,4,HealthStory,0.8824511
story_reviews_00284,"For the Blind, an Actual-Reality Headset","For the Blind, an Actual-Reality Headset",1,Real,3,HealthStory,0.88236797
story_reviews_00101,This Chef Lost 50 Pounds And Reversed Prediabetes With A Digital Program,This Chef Lost 50 Pounds And Reversed Prediabetes With A Digital Program,1,Real,3,HealthStory,0.88236153
story_reviews_00245,Treating Vulvo-Vaginal Atrophy,Treating Vulvo-Vaginal Atrophy,0,Fake,2,HealthStory,0.8823535
story_reviews_00679,Gradual smoking cessation may be possible with nicotine addiction pill,Gradual smoking cessation may be possible with nicotine addiction pill,1,Real,4,HealthStory,0.8823462
story_reviews_01606,New Approach to Cataract Surgery Using Infrared Laser,New Approach to Cataract Surgery Using Infrared Laser,0,Fake,2,HealthStory,0.88233584
story_reviews_00055,"Flu drug, taken in single dose, could upend treatment if approved in U.S.","Flu drug, taken in single dose, could upend treatment if approved in U.S.",1,Real,4,HealthStory,0.8822667
story_reviews_00218,'Cool' New Knee Procedure Eases Arthritis Pain Without Surgery,'Cool' New Knee Procedure Eases Arthritis Pain Without Surgery,1,Real,4,HealthStory,0.8822523
story_reviews_00339,Mail-Order Tests Check Cells for Signs of Early Aging,Mail-Order Tests Check Cells for Signs of Early Aging,1,Real,3,HealthStory,0.8822432
story_reviews_01556,Special diet doesn't help kids with autism in small study,Special diet doesn't help kids with autism in small study,1,Real,5,HealthStory,0.88222873
story_reviews_01145,Can painkillers prevent melanoma?,Can painkillers prevent melanoma?,1,Real,5,HealthStory,0.88212264
story_reviews_00215,Acupuncture May Be Effective Painkiller in the ER,Acupuncture May Be Effective Painkiller in the ER,0,Fake,2,HealthStory,0.88211566
story_reviews_01243,"Antibiotics speed up recovery from ear infections in young children, studies show","Antibiotics speed up recovery from ear infections in young children, studies show",1,Real,4,HealthStory,0.8820705
story_reviews_01006,Cracking The Conundrum Of Chronic Fatigue Syndrome,Cracking The Conundrum Of Chronic Fatigue Syndrome,0,Fake,2,HealthStory,0.88206834
story_reviews_01497,French Company Promotes Its Artificial Heart Technology,French Company Promotes Its Artificial Heart Technology,0,Fake,2,HealthStory,0.8819931
story_reviews_00497,Cortisol levels in children's hair may reveal future mental health risk,Cortisol levels in children's hair may reveal future mental health risk,0,Fake,2,HealthStory,0.88199145
story_reviews_00878,Surgery for migraines: Help or hokum?,Surgery for migraines: Help or hokum?,1,Real,4,HealthStory,0.88197273
story_reviews_00589,FDA OKs second test to see if Essure contraceptive is placed right,FDA OKs second test to see if Essure contraceptive is placed right,0,Fake,2,HealthStory,0.8819629
story_reviews_00578,Alzheimer’s May Show Up in Saliva,Alzheimer’s May Show Up in Saliva,0,Fake,1,HealthStory,0.88187325
story_reviews_00491,Sleeping in on weekends may help reduce diabetes risk,Sleeping in on weekends may help reduce diabetes risk,1,Real,4,HealthStory,0.88186437
story_reviews_00076,Ecstasy as a Remedy for PTSD? You Probably Have Some Questions.,Ecstasy as a Remedy for PTSD? You Probably Have Some Questions.,1,Real,4,HealthStory,0.8818482
story_reviews_00391,Cutting Sugar Rapidly Improves Heart Health Markers,Cutting Sugar Rapidly Improves Heart Health Markers,1,Real,3,HealthStory,0.8818456
story_reviews_00636,"Aspirin May Help Ward Off Gastro Cancers, Study Finds","Aspirin May Help Ward Off Gastro Cancers, Study Finds",1,Real,3,HealthStory,0.881818
story_reviews_01011,New Blood Thinner May Outperform Warfarin for Irregular Heartbeat,New Blood Thinner May Outperform Warfarin for Irregular Heartbeat,1,Real,5,HealthStory,0.881809
story_reviews_01036,Prenatal Omega-3 Fatty Acid Supplements May Cut Babies' Colds,Prenatal Omega-3 Fatty Acid Supplements May Cut Babies' Colds,1,Real,3,HealthStory,0.88179785
story_reviews_01270,Vaginal steam bath finds a place among Southern California spa options,Vaginal steam bath finds a place among Southern California spa options,1,Real,4,HealthStory,0.88178277
story_reviews_00054,"Maintaining healthy vision may help keep brain in shape, too","Maintaining healthy vision may help keep brain in shape, too",1,Real,3,HealthStory,0.8817403
story_reviews_00779,Longer tamoxifen use cuts breast cancer deaths,Longer tamoxifen use cuts breast cancer deaths,1,Real,5,HealthStory,0.8817282
story_reviews_00109,Could this experimental drug stop the flu in 24 hours?,Could this experimental drug stop the flu in 24 hours?,0,Fake,2,HealthStory,0.8817282
story_reviews_01181,Gene therapy raises hope for a future AIDS cure,Gene therapy raises hope for a future AIDS cure,1,Real,5,HealthStory,0.88169885
story_reviews_00964,Non-Fried Fish Might Help Ward Off Alzheimer's: Study,Non-Fried Fish Might Help Ward Off Alzheimer's: Study,0,Fake,2,HealthStory,0.8816697
story_reviews_00799,The Berry Essence of Fat Burning?,The Berry Essence of Fat Burning?,1,Real,5,HealthStory,0.8816482
story_reviews_00027,"Antidepressants, psychotherapy may help ease irritable bowel syndrome","Antidepressants, psychotherapy may help ease irritable bowel syndrome",1,Real,3,HealthStory,0.8816167
story_reviews_01091,Can selenium lower cholesterol?,Can selenium lower cholesterol?,1,Real,5,HealthStory,0.88158786
story_reviews_00273,"High-intensity interval training may have anti-aging benefits, study finds","High-intensity interval training may have anti-aging benefits, study finds",0,Fake,2,HealthStory,0.88158107
story_reviews_01633,"Bitter Melon Extract May Slow, Stop Breast Cancer","Bitter Melon Extract May Slow, Stop Breast Cancer",1,Real,3,HealthStory,0.8815763
story_reviews_00541,"Text Reminders Help People Lower Cholesterol, Blood Pressure","Text Reminders Help People Lower Cholesterol, Blood Pressure",1,Real,5,HealthStory,0.8815537
story_reviews_00731,Seeking Clues to Heart Disease in DNA of an Unlucky Family,Seeking Clues to Heart Disease in DNA of an Unlucky Family,1,Real,3,HealthStory,0.8815378
story_reviews_00659,A Simple Flashcard Test to Detect Concussions,A Simple Flashcard Test to Detect Concussions,1,Real,3,HealthStory,0.8815323
story_reviews_01327,"Topical rub eases kids' cold symptoms, study says","Topical rub eases kids' cold symptoms, study says",1,Real,4,HealthStory,0.8815273
story_reviews_00961,Prozac May Reduce Symptoms of Autism in Adults,Prozac May Reduce Symptoms of Autism in Adults,1,Real,5,HealthStory,0.8815253
story_reviews_00606,Can brain games change behaviors long term?,Can brain games change behaviors long term?,1,Real,4,HealthStory,0.8814721
story_reviews_00977,Study Weakens Case for Preventive Mastectomy,Study Weakens Case for Preventive Mastectomy,1,Real,5,HealthStory,0.8814675
story_reviews_01207,Creatine supplements may benefit women with knee osteoarthritis,Creatine supplements may benefit women with knee osteoarthritis,0,Fake,2,HealthStory,0.8814023
story_reviews_01630,Acupuncture Benefit Seen in Pregnancy,Acupuncture Benefit Seen in Pregnancy,1,Real,3,HealthStory,0.881399
story_reviews_01161,Study: Poor Results From Lap-Band Surgery,Study: Poor Results From Lap-Band Surgery,1,Real,4,HealthStory,0.88138735
story_reviews_00287,"Blood test might make Parkinson's diagnosis easier, study says","Blood test might make Parkinson's diagnosis easier, study says",1,Real,4,HealthStory,0.8813494
story_reviews_00202,First gene therapy — ‘a true living drug’ — on the cusp of FDA approval,First gene therapy — ‘a true living drug’ — on the cusp of FDA approval,1,Real,4,HealthStory,0.88131
story_reviews_00557,An aspirin a day – for years – may keep colon cancer away,An aspirin a day – for years – may keep colon cancer away,1,Real,5,HealthStory,0.8812999
story_reviews_00368,Test Of Experimental Alzheimer's Drug Finds Progress Against Brain Plaques,Test Of Experimental Alzheimer's Drug Finds Progress Against Brain Plaques,1,Real,4,HealthStory,0.8812896
story_reviews_01390,Are you a robot?,Are you a robot?,0,Fake,1,HealthStory,0.88120484
story_reviews_00704,Are you a robot?,Are you a robot?,0,Fake,2,HealthStory,0.88120484
story_reviews_01505,Are you a robot?,Are you a robot?,1,Real,3,HealthStory,0.88120484
story_reviews_01618,Are you a robot?,Are you a robot?,0,Fake,2,HealthStory,0.88120484
story_reviews_00186,Are you a robot?,Are you a robot?,1,Real,4,HealthStory,0.88120484
story_reviews_00113,Are you a robot?,Are you a robot?,1,Real,3,HealthStory,0.88120484
story_reviews_00011,Are you a robot?,Are you a robot?,1,Real,3,HealthStory,0.88120484
story_reviews_00268,Are you a robot?,Are you a robot?,0,Fake,2,HealthStory,0.88120484
story_reviews_01509,Are you a robot?,Are you a robot?,1,Real,4,HealthStory,0.88120484
story_reviews_00404,Are you a robot?,Are you a robot?,1,Real,4,HealthStory,0.88120484
story_reviews_00635,Are you a robot?,Are you a robot?,1,Real,4,HealthStory,0.88120484
story_reviews_00069,Are you a robot?,Are you a robot?,1,Real,4,HealthStory,0.88120484
story_reviews_00677,Are you a robot?,Are you a robot?,1,Real,3,HealthStory,0.88120484
story_reviews_00232,Are you a robot?,Are you a robot?,1,Real,5,HealthStory,0.88120484
story_reviews_01517,Are you a robot?,Are you a robot?,1,Real,5,HealthStory,0.88120484
story_reviews_00224,Are you a robot?,Are you a robot?,1,Real,5,HealthStory,0.88120484
story_reviews_00549,Are you a robot?,Are you a robot?,1,Real,4,HealthStory,0.88120484
story_reviews_00327,Are you a robot?,Are you a robot?,1,Real,3,HealthStory,0.88120484
story_reviews_00611,Are you a robot?,Are you a robot?,1,Real,3,HealthStory,0.88120484
story_reviews_00114,Are you a robot?,Are you a robot?,0,Fake,2,HealthStory,0.88120484
story_reviews_00720,Are you a robot?,Are you a robot?,1,Real,3,HealthStory,0.88120484
story_reviews_00371,Are you a robot?,Are you a robot?,1,Real,4,HealthStory,0.88120484
story_reviews_00762,Women With A Berry-Snacking Habit May Have Healthier Hearts,Women With A Berry-Snacking Habit May Have Healthier Hearts,1,Real,4,HealthStory,0.8811915
story_reviews_00620,Study: Vitamin B3 May Help Prevent Certain Skin Cancers,Study: Vitamin B3 May Help Prevent Certain Skin Cancers,1,Real,5,HealthStory,0.88114864
story_reviews_01400,Mammogram benefits more modest than doctors thought,Mammogram benefits more modest than doctors thought,1,Real,4,HealthStory,0.88114816
story_reviews_01235,Sluggish? Confused? Vitamin B12 May Be Low,Sluggish? Confused? Vitamin B12 May Be Low,0,Fake,2,HealthStory,0.88113284
story_reviews_00374,What is melatonin and can it help me sleep?,What is melatonin and can it help me sleep?,1,Real,5,HealthStory,0.8811015
story_reviews_00540,"'Super' berry may help boost memory, heart health","'Super' berry may help boost memory, heart health",0,Fake,2,HealthStory,0.8810971
story_reviews_00311,Laser therapy with deep-sea drug kills prostate cancer in trial,Laser therapy with deep-sea drug kills prostate cancer in trial,0,Fake,1,HealthStory,0.88101315
story_reviews_01111,Fewer Colorado women getting mammograms since 2009 guideline change,Fewer Colorado women getting mammograms since 2009 guideline change,0,Fake,2,HealthStory,0.8810009
story_reviews_01301,Implanted Heart Devices Have 'Real-World' Benefits: Study,Implanted Heart Devices Have 'Real-World' Benefits: Study,0,Fake,2,HealthStory,0.880981
story_reviews_01416,"Nothing much works for morning sickness, study finds","Nothing much works for morning sickness, study finds",0,Fake,2,HealthStory,0.8809643
story_reviews_01636,"Aspirin might reduce recurrence risk for breast cancer survivors, study finds","Aspirin might reduce recurrence risk for breast cancer survivors, study finds",1,Real,5,HealthStory,0.8809563
story_reviews_01072,"Type 2 Diabetes Treatment Victoza Helps Type 1, Too","Type 2 Diabetes Treatment Victoza Helps Type 1, Too",1,Real,3,HealthStory,0.8809376
story_reviews_00395,Stem cell research aims to put an end to root canals,Stem cell research aims to put an end to root canals,0,Fake,2,HealthStory,0.88090897
story_reviews_00244,Novel therapy for rare eye cancer holds promise for targeting other tumors,Novel therapy for rare eye cancer holds promise for targeting other tumors,1,Real,3,HealthStory,0.8809054
story_reviews_00225,Fast help for men whose prostates won't let them go,Fast help for men whose prostates won't let them go,1,Real,3,HealthStory,0.88088614
story_reviews_01619,Onion Cream Treats New Stretch Marks,Onion Cream Treats New Stretch Marks,1,Real,3,HealthStory,0.88086915
story_reviews_00786,Probiotics' Benefits May Be More Than a Gut Feeling,Probiotics' Benefits May Be More Than a Gut Feeling,1,Real,4,HealthStory,0.8808387
story_reviews_00240,Arthritis Drug Shows Promise for Ulcerative Colitis,Arthritis Drug Shows Promise for Ulcerative Colitis,1,Real,5,HealthStory,0.88078564
story_reviews_01175,Noninvasive Test May Identify Down Syndrome Early On,Noninvasive Test May Identify Down Syndrome Early On,1,Real,3,HealthStory,0.880782
story_reviews_00267,Having Heart Surgery? Don’t Stop Your Statins,Having Heart Surgery? Don’t Stop Your Statins,1,Real,3,HealthStory,0.8807095
story_reviews_01698,Artificial retina gives woman limited vision after decades of darkness,Artificial retina gives woman limited vision after decades of darkness,0,Fake,2,HealthStory,0.88069624
story_reviews_01674,More Aggressive Treatment for Weekend Stroke - First Aid: Injury Prevention,More Aggressive Treatment for Weekend Stroke - First Aid: Injury Prevention,1,Real,4,HealthStory,0.880682
story_reviews_00613,Delayed Umbilical Cord Clamping May Benefit Children Years Later,Delayed Umbilical Cord Clamping May Benefit Children Years Later,1,Real,4,HealthStory,0.88065636
story_reviews_01472,Effectiveness of statins is called into question,Effectiveness of statins is called into question,1,Real,4,HealthStory,0.8806384
story_reviews_00046,Could a blood test lead to new treatments for depression?,Could a blood test lead to new treatments for depression?,1,Real,4,HealthStory,0.88061726
story_reviews_00450,Teen Feels 'Hopeful' After Experimental Stem Cell Procedure,Teen Feels 'Hopeful' After Experimental Stem Cell Procedure,0,Fake,2,HealthStory,0.880613
story_reviews_01642,Vitamin D for Mom May Lower Baby’s MS Risk,Vitamin D for Mom May Lower Baby’s MS Risk,1,Real,3,HealthStory,0.88060296
story_reviews_00323,Allergy treatments enter new era as money pours into field,Allergy treatments enter new era as money pours into field,1,Real,4,HealthStory,0.8805773
story_reviews_01289,Daily Aspirin Linked to Steep Drop in Cancer Risk,Daily Aspirin Linked to Steep Drop in Cancer Risk,1,Real,3,HealthStory,0.8805629
story_reviews_01089,HPV Test Beats Pap for Cervical Cancer Screening,HPV Test Beats Pap for Cervical Cancer Screening,1,Real,5,HealthStory,0.88056064
story_reviews_00153,New Treatment for Fibroids Without Surgery,New Treatment for Fibroids Without Surgery,1,Real,4,HealthStory,0.88054127
story_reviews_00817,Drug Shows Promise in Treating a Type of Muscular Dystrophy in Boys,Drug Shows Promise in Treating a Type of Muscular Dystrophy in Boys,1,Real,4,HealthStory,0.8805369
story_reviews_00788,"New approach could treat MS, other autoimmune diseases","New approach could treat MS, other autoimmune diseases",1,Real,3,HealthStory,0.880475
story_reviews_01144,Abbott absorbable stent shows good results,Abbott absorbable stent shows good results,0,Fake,2,HealthStory,0.88043255
story_reviews_00369,Rethinking the Use of Hormones to Ease Menopause Symptoms,Rethinking the Use of Hormones to Ease Menopause Symptoms,0,Fake,2,HealthStory,0.88040936
story_reviews_00470,No-Drill Dentistry: Fluoride Treatments Can Prevent Cavities In Adults,No-Drill Dentistry: Fluoride Treatments Can Prevent Cavities In Adults,1,Real,4,HealthStory,0.8803916
story_reviews_00597,Blood Test Might Detect Deadly Pancreatic Cancer in Early Stages,Blood Test Might Detect Deadly Pancreatic Cancer in Early Stages,0,Fake,2,HealthStory,0.8803782
story_reviews_00123,Stem Cells for Knee Problems? U.S. Doctors Investigate,Stem Cells for Knee Problems? U.S. Doctors Investigate,1,Real,3,HealthStory,0.8802949
story_reviews_01105,Study Finds Low-Salt Diet Ineffective but Draws Criticism From C.D.C.,Study Finds Low-Salt Diet Ineffective but Draws Criticism From C.D.C.,1,Real,5,HealthStory,0.8802776
story_reviews_00592,"A virtual ""walk"" through the colon could detect cancer earlier","A virtual ""walk"" through the colon could detect cancer earlier",0,Fake,2,HealthStory,0.88027096
story_reviews_00668,Sex in Old Age May Lead to a Sharper Mind,Sex in Old Age May Lead to a Sharper Mind,0,Fake,2,HealthStory,0.88024664
story_reviews_00832,Can daily aspirin help ward off cancer?,Can daily aspirin help ward off cancer?,1,Real,5,HealthStory,0.8801836
story_reviews_01218,Osteoporosis medication extends life by five years,Osteoporosis medication extends life by five years,0,Fake,0,HealthStory,0.880139
story_reviews_01078,New melanoma drugs improve chances of survival,New melanoma drugs improve chances of survival,1,Real,4,HealthStory,0.8801123
story_reviews_00494,Health Buzz: Common Painkiller Fights Cancer,Health Buzz: Common Painkiller Fights Cancer,0,Fake,2,HealthStory,0.88010895
story_reviews_01387,Simplifying the Decision for a Prostate Screening,Simplifying the Decision for a Prostate Screening,1,Real,4,HealthStory,0.88008815
story_reviews_00207,Therapy animals are everywhere. Proof that they help is not.,Therapy animals are everywhere. Proof that they help is not.,1,Real,5,HealthStory,0.8800675
story_reviews_00016,FDA approves new flu pill that can be taken after onset of symptoms,FDA approves new flu pill that can be taken after onset of symptoms,0,Fake,2,HealthStory,0.8800645
story_reviews_00349,This 8-year-old is free of cancer — for now — after a ‘breakthrough’ treatment,This 8-year-old is free of cancer — for now — after a ‘breakthrough’ treatment,1,Real,5,HealthStory,0.8800618
story_reviews_00593,Fiber and High Fiber Foods: Changing Your Diet Changes Gut Bacteria,Fiber and High Fiber Foods: Changing Your Diet Changes Gut Bacteria,1,Real,3,HealthStory,0.87995446
story_reviews_00805,"Epilepsy Drug Shows Promise as Weight-Loss Aid, Study Says","Epilepsy Drug Shows Promise as Weight-Loss Aid, Study Says",1,Real,3,HealthStory,0.8798646
story_reviews_00392,'Dry needling' for pain therapy is under scrutiny,'Dry needling' for pain therapy is under scrutiny,1,Real,4,HealthStory,0.8798545
story_reviews_00439,"Facelift in a Bottle? 'Second Skin' Tightens Baggy Eyes, Protects Dry Skin","Facelift in a Bottle? 'Second Skin' Tightens Baggy Eyes, Protects Dry Skin",0,Fake,2,HealthStory,0.87982154
story_reviews_00234,"For women, baby aspirin may reduce risk of breast cancer","For women, baby aspirin may reduce risk of breast cancer",1,Real,3,HealthStory,0.87976635
story_reviews_01116,Gastric Bypass May Improve Diabetes Quickly,Gastric Bypass May Improve Diabetes Quickly,1,Real,3,HealthStory,0.87974274
story_reviews_01245,"Studies show that for kids' ear infections, antibiotics work better than waiting","Studies show that for kids' ear infections, antibiotics work better than waiting",0,Fake,1,HealthStory,0.8797113
story_reviews_00485,Same-Day Hip Replacement,Same-Day Hip Replacement,0,Fake,2,HealthStory,0.87968636
story_reviews_00753,Long-awaited stroke studies show hopeful new treatment no better than older one,Long-awaited stroke studies show hopeful new treatment no better than older one,1,Real,5,HealthStory,0.87966263
story_reviews_00933,Hot flash remedies: Estrogen may be the best answer,Hot flash remedies: Estrogen may be the best answer,1,Real,3,HealthStory,0.8796557
story_reviews_00678,'Mindfulness' May Help Ease Sleep Problems for Seniors,'Mindfulness' May Help Ease Sleep Problems for Seniors,1,Real,5,HealthStory,0.87965375
story_reviews_01353,Experimental Therapy For Sore Heels Has Skeptics,Experimental Therapy For Sore Heels Has Skeptics,1,Real,4,HealthStory,0.87963045
story_reviews_00138,"Migraine drug could halve the length of attacks, study shows","Migraine drug could halve the length of attacks, study shows",0,Fake,2,HealthStory,0.87962514
story_reviews_00314,Never Too Old to Be an Organ Donor,Never Too Old to Be an Organ Donor,0,Fake,2,HealthStory,0.87962484
story_reviews_00394,Can New Devices Match Heimlich to Stop Choking?,Can New Devices Match Heimlich to Stop Choking?,1,Real,5,HealthStory,0.87962055
story_reviews_01388,New Drug Helps Treatment-Resistant Arthritis,New Drug Helps Treatment-Resistant Arthritis,0,Fake,2,HealthStory,0.87961227
story_reviews_01465,Probiotics May Reduce Crying From Colic,Probiotics May Reduce Crying From Colic,0,Fake,2,HealthStory,0.8795704
story_reviews_01151,No-Scalpel Treatment for Enlarged Prostate,No-Scalpel Treatment for Enlarged Prostate,0,Fake,2,HealthStory,0.8795687
story_reviews_00627,Can massage therapy treat infertility?,Can massage therapy treat infertility?,1,Real,4,HealthStory,0.8795404
story_reviews_01624,Test May Cut Unneeded Prostate Biopsies,Test May Cut Unneeded Prostate Biopsies,0,Fake,1,HealthStory,0.879495
story_reviews_01471,Breath test may be able to detect common cancers,Breath test may be able to detect common cancers,0,Fake,1,HealthStory,0.8794885
story_reviews_01055,Stem Cell Treatment May Relieve Angina,Stem Cell Treatment May Relieve Angina,1,Real,4,HealthStory,0.87942
story_reviews_00568,"New study finds surprising news about teens, marijuana, and health issues","New study finds surprising news about teens, marijuana, and health issues",0,Fake,1,HealthStory,0.8793847
story_reviews_00355,The drug industry might finally have an answer for migraines,The drug industry might finally have an answer for migraines,0,Fake,2,HealthStory,0.8793837
story_reviews_01628,Study Finds Stents as Effective as Surgery to Prevent Strokes,Study Finds Stents as Effective as Surgery to Prevent Strokes,1,Real,4,HealthStory,0.87935877
story_reviews_01418,Statins May Guard Against Rheumatoid Arthritis,Statins May Guard Against Rheumatoid Arthritis,1,Real,3,HealthStory,0.87935007
story_reviews_01186,Trial Shows Cystic Fibrosis Drug Helped Ease Breathing,Trial Shows Cystic Fibrosis Drug Helped Ease Breathing,1,Real,5,HealthStory,0.8793169
story_reviews_01118,Acupuncture May Help Ease Hot Flashes Tied to Prostate Cancer Treatment,Acupuncture May Help Ease Hot Flashes Tied to Prostate Cancer Treatment,1,Real,3,HealthStory,0.8793062
story_reviews_00900,Can Statins Prevent Parkinson's Disease?,Can Statins Prevent Parkinson's Disease?,1,Real,3,HealthStory,0.8793053
story_reviews_01469,Quick brain scan could screen for autism,Quick brain scan could screen for autism,1,Real,3,HealthStory,0.8792989
story_reviews_00543,Powdered Ginger May Ease Seasonal Allergy Symptoms,Powdered Ginger May Ease Seasonal Allergy Symptoms,1,Real,4,HealthStory,0.8792335
story_reviews_00883,Treating Sleep Apnea Without the Mask,Treating Sleep Apnea Without the Mask,0,Fake,2,HealthStory,0.87921476
story_reviews_00574,"Lilly’s Alzheimer’s Drug May Slow Patients’ Decline, Study Shows","Lilly’s Alzheimer’s Drug May Slow Patients’ Decline, Study Shows",1,Real,3,HealthStory,0.87921405
story_reviews_00854,Seaweed supplement may aid weight loss: study,Seaweed supplement may aid weight loss: study,1,Real,5,HealthStory,0.87918055
story_reviews_00865,New Blood Thinner May Lower Chances of Clots in High-Risk Heart Patients: FDA,New Blood Thinner May Lower Chances of Clots in High-Risk Heart Patients: FDA,0,Fake,2,HealthStory,0.87904155
story_reviews_00618,"New test could sharply reduce risky, costly lung cancer biopsies","New test could sharply reduce risky, costly lung cancer biopsies",1,Real,3,HealthStory,0.8789677
story_reviews_01351,Fish Oil Study Finds Little Benefit for Pregnant Women,Fish Oil Study Finds Little Benefit for Pregnant Women,1,Real,4,HealthStory,0.87886786
story_reviews_00744,New method for hip replacement wins favor with some surgeons,New method for hip replacement wins favor with some surgeons,1,Real,3,HealthStory,0.8787627
story_reviews_00546,"Vitamin D supplements: Panacea, placebo or something in between?","Vitamin D supplements: Panacea, placebo or something in between?",1,Real,5,HealthStory,0.87875104
story_reviews_00823,DNA markers may predict impotence after prostate cancer,DNA markers may predict impotence after prostate cancer,1,Real,3,HealthStory,0.87873024
story_reviews_00812,Tomatoes may help reduce stroke risk,Tomatoes may help reduce stroke risk,1,Real,4,HealthStory,0.8787015
story_reviews_00434,"Magic mushroom ingredient may ease severe depression, study suggests","Magic mushroom ingredient may ease severe depression, study suggests",1,Real,3,HealthStory,0.87867856
story_reviews_00666,How a New Treadmill Test Predicts 'Survival of the Fittest',How a New Treadmill Test Predicts 'Survival of the Fittest',0,Fake,2,HealthStory,0.87865275
story_reviews_00105,"Antidepressants Do Work, And Many More People Should Take Them: Major International Study","Antidepressants Do Work, And Many More People Should Take Them: Major International Study",0,Fake,2,HealthStory,0.8786315
story_reviews_01546,New Drug Spray May Help Premature Ejaculation,New Drug Spray May Help Premature Ejaculation,1,Real,5,HealthStory,0.87862295
story_reviews_00649,Men Are New Target for Osteoporosis Treatment,Men Are New Target for Osteoporosis Treatment,1,Real,3,HealthStory,0.8786131
story_reviews_01330,Lung Cancer Deaths May Be Cut by Special CT Scan,Lung Cancer Deaths May Be Cut by Special CT Scan,1,Real,4,HealthStory,0.878599
story_reviews_01272,Brain Scans Predict Dyslexia Improvements,Brain Scans Predict Dyslexia Improvements,0,Fake,1,HealthStory,0.8785624
story_reviews_01308,Prostate Drug From Exelixis Shows Promise,Prostate Drug From Exelixis Shows Promise,1,Real,3,HealthStory,0.8785609
story_reviews_00255,Can Stem Cell 'Patch' Help Heart Failure?,Can Stem Cell 'Patch' Help Heart Failure?,1,Real,3,HealthStory,0.87855387
story_reviews_01487,Your Health: Should men also be screened for osteoporosis?,Your Health: Should men also be screened for osteoporosis?,1,Real,3,HealthStory,0.878419
story_reviews_00911,Vitamin D3 Might Ease Menstrual Cramps,Vitamin D3 Might Ease Menstrual Cramps,1,Real,4,HealthStory,0.8784092
story_reviews_00585,"Calcium Scan Can Predict Premature Death Risk, Study Says","Calcium Scan Can Predict Premature Death Risk, Study Says",0,Fake,2,HealthStory,0.87840176
story_reviews_00695,Can Attention Deficit Drugs ‘Normalize’ a Child’s Brain?,Can Attention Deficit Drugs ‘Normalize’ a Child’s Brain?,1,Real,3,HealthStory,0.87839735
story_reviews_00684,"Chemoprevention works against breast cancer, but these drugs are not popular","Chemoprevention works against breast cancer, but these drugs are not popular",1,Real,5,HealthStory,0.878394
story_reviews_01565,Weight Loss Pill Also Lowers Blood Pressure,Weight Loss Pill Also Lowers Blood Pressure,1,Real,4,HealthStory,0.87834144
story_reviews_00971,Shot Might One Day Help Lower Cholesterol,Shot Might One Day Help Lower Cholesterol,1,Real,3,HealthStory,0.8782973
story_reviews_01377,Light Drinking During Pregnancy: No Harm to Baby?,Light Drinking During Pregnancy: No Harm to Baby?,1,Real,3,HealthStory,0.8782891
story_reviews_01475,Phys Ed: How Much Does Knee Surgery Really Help?,Phys Ed: How Much Does Knee Surgery Really Help?,1,Real,5,HealthStory,0.8782766
story_reviews_00687,"Before you conclude that you’re gluten-sensitive, consider FODMAPs foods","Before you conclude that you’re gluten-sensitive, consider FODMAPs foods",0,Fake,2,HealthStory,0.8782752
story_reviews_00144,"Some opioid addiction drugs harder to start than others, study finds","Some opioid addiction drugs harder to start than others, study finds",1,Real,3,HealthStory,0.87827265
story_reviews_00640,Skin Cancer Removal With Miniaturized Radiation,Skin Cancer Removal With Miniaturized Radiation,1,Real,5,HealthStory,0.87826425
story_reviews_01645,Zap or Chill? Targeting Fat Without Surgery,Zap or Chill? Targeting Fat Without Surgery,1,Real,4,HealthStory,0.8782634
story_reviews_01566,New Test for Colon Cancer Under Development,New Test for Colon Cancer Under Development,0,Fake,1,HealthStory,0.8782353
story_reviews_00295,"Fecal transplants may help children with autism, researchers claim","Fecal transplants may help children with autism, researchers claim",0,Fake,2,HealthStory,0.8781791
story_reviews_01195,"Gastric Bypass Best for Weight Loss, Study Finds","Gastric Bypass Best for Weight Loss, Study Finds",1,Real,4,HealthStory,0.87813634
story_reviews_00032,Study: Medical Marijuana Relieves Range of Symptoms With No Serious Side Effects,Study: Medical Marijuana Relieves Range of Symptoms With No Serious Side Effects,0,Fake,2,HealthStory,0.8781255
story_reviews_00950,Study Looks at Deep Brain Stimulation in Bipolar Patients,Study Looks at Deep Brain Stimulation in Bipolar Patients,1,Real,4,HealthStory,0.87805444
story_reviews_00333,Hospitals Fast-Track Treatments for Hip Fractures,Hospitals Fast-Track Treatments for Hip Fractures,1,Real,3,HealthStory,0.8780433
story_reviews_01625,Portable Device May Relieve Migraine Pain,Portable Device May Relieve Migraine Pain,1,Real,3,HealthStory,0.8779526
story_reviews_01579,"In Early Test, New Hepatitis C Drug Shows Promise","In Early Test, New Hepatitis C Drug Shows Promise",0,Fake,2,HealthStory,0.87793165
story_reviews_00547,Preventing Alzheimer's: How Red Wine May Slow Brain Decline,Preventing Alzheimer's: How Red Wine May Slow Brain Decline,0,Fake,2,HealthStory,0.87791175
story_reviews_01143,Regular Fasting May Boost Heart Health,Regular Fasting May Boost Heart Health,0,Fake,2,HealthStory,0.8778914
story_reviews_00515,FDA Approves Roche’s Cotellic Treatment for Melanoma,FDA Approves Roche’s Cotellic Treatment for Melanoma,0,Fake,2,HealthStory,0.877853
story_reviews_01519,Statins May Protect Prostate Cancer Patients,Statins May Protect Prostate Cancer Patients,0,Fake,2,HealthStory,0.87784445
story_reviews_01685,Health Experts Call For Heart Checkups For Kids,Health Experts Call For Heart Checkups For Kids,0,Fake,2,HealthStory,0.8778111
story_reviews_00943,The Healthy Skeptic: Is caffeine an effective weight-loss aid?,The Healthy Skeptic: Is caffeine an effective weight-loss aid?,1,Real,5,HealthStory,0.87775326
story_reviews_00888,New Scanning Technology Might Help Guide Prostate Cancer Care,New Scanning Technology Might Help Guide Prostate Cancer Care,0,Fake,2,HealthStory,0.8777054
story_reviews_00493,Cancer treatment offers MS patients hope after 'remarkable' trial results,Cancer treatment offers MS patients hope after 'remarkable' trial results,0,Fake,2,HealthStory,0.87764627
story_reviews_01084,Prostate Cancer Studies Find Benefit in Daily Acetaminophen and Brisk Walks,Prostate Cancer Studies Find Benefit in Daily Acetaminophen and Brisk Walks,0,Fake,1,HealthStory,0.8776143
story_reviews_00955,Brain stimulation may help some stroke patients,Brain stimulation may help some stroke patients,1,Real,5,HealthStory,0.8775382
story_reviews_00082,"For advanced lung cancer, immune therapy plus chemo prolongs survival","For advanced lung cancer, immune therapy plus chemo prolongs survival",1,Real,3,HealthStory,0.87752473
story_reviews_00009,"Peanut allergy experimental treatment helps 2 out of 3 sufferers, study finds","Peanut allergy experimental treatment helps 2 out of 3 sufferers, study finds",1,Real,5,HealthStory,0.87749517
story_reviews_01608,New Inhaled Insulin Shows Promise for Diabetes,New Inhaled Insulin Shows Promise for Diabetes,0,Fake,2,HealthStory,0.87747777
story_reviews_00223,How Probiotics May Help Depression,How Probiotics May Help Depression,1,Real,4,HealthStory,0.87745315
story_reviews_00693,How This Woman Used Yoga to Avoid Back Surgery,How This Woman Used Yoga to Avoid Back Surgery,1,Real,3,HealthStory,0.87733966
story_reviews_01303,2 Treatments for Retina Diseases Make Progress,2 Treatments for Retina Diseases Make Progress,1,Real,3,HealthStory,0.8772827
story_reviews_01128,Latest Artificial Pancreas Trials Reduce Risk of Low Blood Sugar,Latest Artificial Pancreas Trials Reduce Risk of Low Blood Sugar,0,Fake,2,HealthStory,0.87727463
story_reviews_01397,Study questions benefit of mammograms in women over 50,Study questions benefit of mammograms in women over 50,1,Real,3,HealthStory,0.87721205
story_reviews_01524,Ladies: 5 ways to feel sexy again,Ladies: 5 ways to feel sexy again,0,Fake,1,HealthStory,0.87720025
story_reviews_00628,Fructose May Increase Cravings for High-Calorie Foods,Fructose May Increase Cravings for High-Calorie Foods,0,Fake,2,HealthStory,0.8771984
story_reviews_01192,Mammograms May Not Be Fool-Proof at Catching Second Cancers,Mammograms May Not Be Fool-Proof at Catching Second Cancers,1,Real,4,HealthStory,0.8771502
story_reviews_00612,Scientists are using herpes to treat skin cancer — and it’s working,Scientists are using herpes to treat skin cancer — and it’s working,1,Real,3,HealthStory,0.8770841
story_reviews_00617,New tests offer hope for millions of patients with irritable bowel syndrome,New tests offer hope for millions of patients with irritable bowel syndrome,0,Fake,1,HealthStory,0.87707996
story_reviews_00756,Can Yoga Reduce Symptoms of Major Psychiatric Disorders?,Can Yoga Reduce Symptoms of Major Psychiatric Disorders?,0,Fake,2,HealthStory,0.8770785
story_reviews_00697,Ending the multivitamin debate: Why taking one may actually save your life,Ending the multivitamin debate: Why taking one may actually save your life,0,Fake,1,HealthStory,0.8770749
story_reviews_01104,Swedish Study Finds Surgery For Prostate Cancer Better Than Waiting,Swedish Study Finds Surgery For Prostate Cancer Better Than Waiting,1,Real,4,HealthStory,0.8770267
story_reviews_01391,Can lasers help you stop smoking? Check the data,Can lasers help you stop smoking? Check the data,1,Real,5,HealthStory,0.8769858
story_reviews_01455,"Palliative Care Extends Life of Lung Cancer Patients, Study Finds","Palliative Care Extends Life of Lung Cancer Patients, Study Finds",1,Real,4,HealthStory,0.87695533
story_reviews_01023,Are 3-D mammograms a breast cancer breakthrough?,Are 3-D mammograms a breast cancer breakthrough?,1,Real,3,HealthStory,0.8768614
story_reviews_01334,MRI Images May Pinpoint Time of Stroke,MRI Images May Pinpoint Time of Stroke,1,Real,4,HealthStory,0.8768556
story_reviews_01260,More Than 22% of Heart-Device Implantations Aren’t In Line With Guidelines,More Than 22% of Heart-Device Implantations Aren’t In Line With Guidelines,1,Real,3,HealthStory,0.87684923
story_reviews_01448,A surgeon's hands or a robot's?,A surgeon's hands or a robot's?,0,Fake,2,HealthStory,0.8768094
story_reviews_00192,Can a genetic test really boost your odds of becoming pregnant?,Can a genetic test really boost your odds of becoming pregnant?,1,Real,5,HealthStory,0.8767363
story_reviews_01179,New Chemo Drug May Benefit Some Breast Cancer Patients,New Chemo Drug May Benefit Some Breast Cancer Patients,1,Real,4,HealthStory,0.8766665
story_reviews_00415,A Scientist's Dream Fulfilled: Harnessing The Immune System To Fight Cancer,A Scientist's Dream Fulfilled: Harnessing The Immune System To Fight Cancer,1,Real,3,HealthStory,0.87666607
story_reviews_00272,Eating More — Or Less — Of 10 Foods May Cut Risk Of Early Death,Eating More — Or Less — Of 10 Foods May Cut Risk Of Early Death,1,Real,4,HealthStory,0.8765918
story_reviews_01431,Diabetes Drug Metformin Linked to Lower Lung Cancer Rate in Mice,Diabetes Drug Metformin Linked to Lower Lung Cancer Rate in Mice,1,Real,5,HealthStory,0.8765565
story_reviews_00092,Is kratom a safe herbal remedy or a dangerous opioid?,Is kratom a safe herbal remedy or a dangerous opioid?,1,Real,5,HealthStory,0.8765018
story_reviews_00324,Sweat it out! Skin patch aims to test sweat for health,Sweat it out! Skin patch aims to test sweat for health,0,Fake,2,HealthStory,0.87648445
story_reviews_00043,Hyperbaric oxygen: The mysterious therapy that saved a cancer survivor from radiation side effects,Hyperbaric oxygen: The mysterious therapy that saved a cancer survivor from radiation side effects,1,Real,4,HealthStory,0.87648153
story_reviews_00594,Cancer-fighting spices offer flavorful way to eat healthy,Cancer-fighting spices offer flavorful way to eat healthy,0,Fake,2,HealthStory,0.8764807
story_reviews_00133,"Get Active, Beat Lymphoma?","Get Active, Beat Lymphoma?",0,Fake,2,HealthStory,0.87646794
story_reviews_01541,"In melanoma patients, immune therapy may boost survival","In melanoma patients, immune therapy may boost survival",1,Real,5,HealthStory,0.87643725
story_reviews_00185,Blood Test Finds Cancer Before Symptoms Start,Blood Test Finds Cancer Before Symptoms Start,1,Real,5,HealthStory,0.8764148
story_reviews_01005,Drink a Day Keeps Disease Away?,Drink a Day Keeps Disease Away?,0,Fake,1,HealthStory,0.8763815
story_reviews_00447,"Gene Therapy Might Be the Best, and Perhaps Only, Chance at Curing Brain Diseases","Gene Therapy Might Be the Best, and Perhaps Only, Chance at Curing Brain Diseases",1,Real,3,HealthStory,0.87637544
story_reviews_00803,Study: Multivitamins may lower cancer risk in men,Study: Multivitamins may lower cancer risk in men,1,Real,5,HealthStory,0.87619364
story_reviews_00372,Focused brain ultrasound offers some hope for essential tremor,Focused brain ultrasound offers some hope for essential tremor,1,Real,4,HealthStory,0.8761717
story_reviews_00735,Newly Discovered Hormone Could Yield New Treatment For Diabetes,Newly Discovered Hormone Could Yield New Treatment For Diabetes,1,Real,3,HealthStory,0.87613666
story_reviews_01413,Irritable Bowel Syndrome Drug Succeeds in Trial,Irritable Bowel Syndrome Drug Succeeds in Trial,1,Real,4,HealthStory,0.8761365
story_reviews_00445,"Wine and coffee lovers, drink up! It’s great for your microbiome","Wine and coffee lovers, drink up! It’s great for your microbiome",1,Real,3,HealthStory,0.8761212
story_reviews_00378,"Lithium should be more widely used for bipolar disorder, researchers say","Lithium should be more widely used for bipolar disorder, researchers say",1,Real,4,HealthStory,0.87611043
story_reviews_00983,Yoga and Stretching Equally Effective for Back Pain,Yoga and Stretching Equally Effective for Back Pain,1,Real,3,HealthStory,0.87608296
story_reviews_00169,The big question: Will cancer immune therapy work for me?,The big question: Will cancer immune therapy work for me?,1,Real,4,HealthStory,0.87605494
story_reviews_01372,Study O.K.’s Light Drinking During Pregnancy. Too Good to Be True?,Study O.K.’s Light Drinking During Pregnancy. Too Good to Be True?,1,Real,4,HealthStory,0.8760135
story_reviews_01620,Alternative to Statins Shows Promise,Alternative to Statins Shows Promise,0,Fake,2,HealthStory,0.87600946
story_reviews_01403,Some appendicitis cases may not require 'emergency' surgery,Some appendicitis cases may not require 'emergency' surgery,1,Real,5,HealthStory,0.8760089
story_reviews_00604,The Evidence Points to a Better Way to Fight Insomnia,The Evidence Points to a Better Way to Fight Insomnia,1,Real,4,HealthStory,0.8760073
story_reviews_00034,"Fish Oil Pills During Pregnancy Might Mean Stronger, Healthier Kids","Fish Oil Pills During Pregnancy Might Mean Stronger, Healthier Kids",1,Real,4,HealthStory,0.8759412
story_reviews_00792,Centuries-Old Art of Cupping May Bring Some Pain Relief,Centuries-Old Art of Cupping May Bring Some Pain Relief,1,Real,3,HealthStory,0.87584424
story_reviews_01141,"Good news, bad news for former estrogen users","Good news, bad news for former estrogen users",1,Real,3,HealthStory,0.8758421
story_reviews_01659,Ultrasound may cut deaths in high-risk pregnancies,Ultrasound may cut deaths in high-risk pregnancies,1,Real,4,HealthStory,0.8758211
story_reviews_00746,"Therapy often as good as surgery for knees, study finds","Therapy often as good as surgery for knees, study finds",1,Real,4,HealthStory,0.87565464
story_reviews_00944,Red wine prevents breast cancer? I’ll drink to that!,Red wine prevents breast cancer? I’ll drink to that!,1,Real,3,HealthStory,0.87563556
story_reviews_00344,Brain Implant Restores Sense Of Touch To Paralyzed Man,Brain Implant Restores Sense Of Touch To Paralyzed Man,1,Real,3,HealthStory,0.8756325
story_reviews_01380,Study Finds Hormone Therapy Helpful For Cystic Fibrosis,Study Finds Hormone Therapy Helpful For Cystic Fibrosis,1,Real,3,HealthStory,0.87560976
story_reviews_00411,Lung Cancer Trial Stopped After Jimmy Carter Drug Shrinks Tumors,Lung Cancer Trial Stopped After Jimmy Carter Drug Shrinks Tumors,1,Real,4,HealthStory,0.87560886
story_reviews_01688,Study Finds Drinking Coffee and Tea Cuts Risk of Type 2 Diabetes,Study Finds Drinking Coffee and Tea Cuts Risk of Type 2 Diabetes,0,Fake,0,HealthStory,0.8755806
story_reviews_00420,Blood test could identify people who will respond to antidepressants,Blood test could identify people who will respond to antidepressants,0,Fake,2,HealthStory,0.87554806
story_reviews_00204,Two big studies bolster the claim that coffee – even decaf – is good for you,Two big studies bolster the claim that coffee – even decaf – is good for you,1,Real,4,HealthStory,0.87554735
story_reviews_00464,Acupuncture May Ease Hot Flashes for Breast Cancer Patients,Acupuncture May Ease Hot Flashes for Breast Cancer Patients,1,Real,3,HealthStory,0.87545747
story_reviews_00898,Topical Gel Treats Precancerous Skin Condition,Topical Gel Treats Precancerous Skin Condition,0,Fake,1,HealthStory,0.8753804
story_reviews_01183,Study: PSA rise not good prostate cancer predictor,Study: PSA rise not good prostate cancer predictor,1,Real,4,HealthStory,0.8753687
story_reviews_01282,Bone Drug Zometa Flops Overall as Breast Cancer Treatment,Bone Drug Zometa Flops Overall as Breast Cancer Treatment,1,Real,5,HealthStory,0.8753412
story_reviews_00629,The U.K.’s New At-Home HIV Test Is Better Than Anything We Have In The U.S.,The U.K.’s New At-Home HIV Test Is Better Than Anything We Have In The U.S.,1,Real,3,HealthStory,0.8753408
story_reviews_01296,"Extra Calcium and Vitamin D Aren’t Necessary, Report Says","Extra Calcium and Vitamin D Aren’t Necessary, Report Says",1,Real,5,HealthStory,0.8753378
story_reviews_01242,Study: Antibiotics Defeat Ear Infections In Kids,Study: Antibiotics Defeat Ear Infections In Kids,1,Real,4,HealthStory,0.87529415
story_reviews_00830,Pediatricians Decide Boys Are Better Off Circumcised Than Not,Pediatricians Decide Boys Are Better Off Circumcised Than Not,1,Real,4,HealthStory,0.87525743
story_reviews_00782,Breath Test May Detect Colon Cancer,Breath Test May Detect Colon Cancer,1,Real,3,HealthStory,0.87524635
story_reviews_00821,"New Anti-Clotting Drug Bests Warfarin, Study Says","New Anti-Clotting Drug Bests Warfarin, Study Says",0,Fake,1,HealthStory,0.87524354
story_reviews_01355,Statin Drugs May Cut Risk of Colorectal Cancer,Statin Drugs May Cut Risk of Colorectal Cancer,0,Fake,2,HealthStory,0.8752294
story_reviews_00999,Drug May Reduce Plaque in Brains of Alzheimer's Patients,Drug May Reduce Plaque in Brains of Alzheimer's Patients,1,Real,4,HealthStory,0.8750862
story_reviews_00539,Combination Drug May Ease the Agitation of Alzheimer’s,Combination Drug May Ease the Agitation of Alzheimer’s,1,Real,3,HealthStory,0.87503904
story_reviews_01676,To Circumcise or Not?,To Circumcise or Not?,0,Fake,2,HealthStory,0.87500674
story_reviews_00316,Pets Help People Manage The Pain Of Serious Mental Illness,Pets Help People Manage The Pain Of Serious Mental Illness,1,Real,3,HealthStory,0.874992
story_reviews_01187,Drugs To Prevent Weak Bones Linked To Unusual Fractures,Drugs To Prevent Weak Bones Linked To Unusual Fractures,1,Real,5,HealthStory,0.8749479
story_reviews_01216,FDA Approves First Drug To Prevent Preterm Births,FDA Approves First Drug To Prevent Preterm Births,1,Real,5,HealthStory,0.87492466
story_reviews_01352,Fish Oil Use in Pregnancy Didn’t Make Babies Smart,Fish Oil Use in Pregnancy Didn’t Make Babies Smart,1,Real,3,HealthStory,0.87489533
story_reviews_00366,The water workout trend health experts are gushing over,The water workout trend health experts are gushing over,0,Fake,2,HealthStory,0.8748769
story_reviews_01550,Laser Used to Blast Away Cells Causing Irregular Heartbeat,Laser Used to Blast Away Cells Causing Irregular Heartbeat,0,Fake,1,HealthStory,0.8748697
story_reviews_00005,"Before Starting A Statin, Talk It Over With Your Doctor","Before Starting A Statin, Talk It Over With Your Doctor",1,Real,4,HealthStory,0.8748295
story_reviews_01287,"Aspirin Helps Reduce Cancer Deaths, Study Finds","Aspirin Helps Reduce Cancer Deaths, Study Finds",1,Real,3,HealthStory,0.8747953
story_reviews_00124,Bariatric Surgery Helps Teens With Severe Obesity Reduce Heart Disease Risk,Bariatric Surgery Helps Teens With Severe Obesity Reduce Heart Disease Risk,1,Real,4,HealthStory,0.8747854
story_reviews_01350,Aspirin May Cut Prostate Cancer Deaths,Aspirin May Cut Prostate Cancer Deaths,1,Real,3,HealthStory,0.8747709
story_reviews_00976,New Device Uses Light to Screen for Melanoma,New Device Uses Light to Screen for Melanoma,1,Real,5,HealthStory,0.8747686
story_reviews_00346,The race to create a new class of ovarian cancer drugs heats up,The race to create a new class of ovarian cancer drugs heats up,1,Real,3,HealthStory,0.87476027
story_reviews_01675,Weekend stroke care more aggressive but not better,Weekend stroke care more aggressive but not better,1,Real,4,HealthStory,0.87474865
story_reviews_00061,16:8 Fasting Diet Linked to Weight Loss and Health Benefits in Study,16:8 Fasting Diet Linked to Weight Loss and Health Benefits in Study,1,Real,3,HealthStory,0.87473077
story_reviews_00029,Tiny Device Is a ‘Huge Advance’ for Treatment of Severe Heart Failure,Tiny Device Is a ‘Huge Advance’ for Treatment of Severe Heart Failure,1,Real,3,HealthStory,0.87470996
story_reviews_00023,Migraine patients can now try three new drugs for prevention,Migraine patients can now try three new drugs for prevention,1,Real,3,HealthStory,0.87470263
story_reviews_00576,What’s The Optimal Speed For Exercise?,What’s The Optimal Speed For Exercise?,1,Real,4,HealthStory,0.87468064
story_reviews_01159,Stitching Up Shoulders,Stitching Up Shoulders,1,Real,3,HealthStory,0.87460107
story_reviews_00688,Can elderberry help treat colds and flu?,Can elderberry help treat colds and flu?,1,Real,3,HealthStory,0.8745954
story_reviews_01133,Study: Weight-loss combo pill shows promise,Study: Weight-loss combo pill shows promise,1,Real,4,HealthStory,0.8745612
story_reviews_01571,Promise Seen in Drug for Fragile X Syndrome,Promise Seen in Drug for Fragile X Syndrome,1,Real,3,HealthStory,0.87452704
story_reviews_00342,Omega 3 Fats May Help Fertility,Omega 3 Fats May Help Fertility,0,Fake,2,HealthStory,0.8745239
story_reviews_01217,Restrictive Diet May Reduce ADHD Symptoms,Restrictive Diet May Reduce ADHD Symptoms,1,Real,3,HealthStory,0.8744725
story_reviews_00945,Drug Eases Gout Flare-ups in Some Patients: Study,Drug Eases Gout Flare-ups in Some Patients: Study,0,Fake,1,HealthStory,0.8744149
story_reviews_01042,A Rubber Twist On Treating Tennis Elbow Pain,A Rubber Twist On Treating Tennis Elbow Pain,1,Real,4,HealthStory,0.87440616
story_reviews_00925,Tiny electrical shocks to the brain enhance memory: study,Tiny electrical shocks to the brain enhance memory: study,1,Real,4,HealthStory,0.8744061
story_reviews_01307,Fruits and Veggies May Prolong Your Life,Fruits and Veggies May Prolong Your Life,0,Fake,1,HealthStory,0.8743906
story_reviews_01343,Phys Ed: Do Cortisone Shots Actually Make Things Worse?,Phys Ed: Do Cortisone Shots Actually Make Things Worse?,1,Real,5,HealthStory,0.87436396
story_reviews_01599,Prostate drug may work as a preventive,Prostate drug may work as a preventive,1,Real,3,HealthStory,0.87436086
story_reviews_00566,Better communication can help couples affected by Alzheimer’s,Better communication can help couples affected by Alzheimer’s,0,Fake,2,HealthStory,0.87431294
story_reviews_01150,New Therapy for Enlarged Prostate May Bypass Unpleasant Side Effects,New Therapy for Enlarged Prostate May Bypass Unpleasant Side Effects,0,Fake,2,HealthStory,0.87430507
story_reviews_00078,A Better Clot-Buster Drug for Strokes?,A Better Clot-Buster Drug for Strokes?,1,Real,4,HealthStory,0.874278
story_reviews_01597,Test May Reveal Early Signs of Emphysema,Test May Reveal Early Signs of Emphysema,0,Fake,0,HealthStory,0.874266
story_reviews_01051,Higher Folic Acid Levels in Teens Tied to Academic Success,Higher Folic Acid Levels in Teens Tied to Academic Success,1,Real,3,HealthStory,0.8742592
story_reviews_00089,Selfie Medicine: Phone Apps Push People to Take Their Pills,Selfie Medicine: Phone Apps Push People to Take Their Pills,1,Real,3,HealthStory,0.87425625
story_reviews_00285,"Common weed could help fight deadly superbug, study finds","Common weed could help fight deadly superbug, study finds",0,Fake,2,HealthStory,0.87422967
story_reviews_00784,Experimental Insomnia Drug Shows Promise,Experimental Insomnia Drug Shows Promise,1,Real,4,HealthStory,0.87414026
story_reviews_00187,New ALS drug Radicava comes with new questions as well,New ALS drug Radicava comes with new questions as well,1,Real,3,HealthStory,0.8741041
story_reviews_01319,Pacemaker-like device combined with defibrillator reduces deaths in mild heart failure by 29%,Pacemaker-like device combined with defibrillator reduces deaths in mild heart failure by 29%,1,Real,3,HealthStory,0.8740815
story_reviews_01442,Biosynthetic Corneas Show Promise in Transplants,Biosynthetic Corneas Show Promise in Transplants,1,Real,4,HealthStory,0.8740712
story_reviews_00650,Are e-cigarettes fueling a new addiction?,Are e-cigarettes fueling a new addiction?,1,Real,4,HealthStory,0.87406373
story_reviews_00538,Club Drug Ketamine Gains Traction As A Treatment For Depression,Club Drug Ketamine Gains Traction As A Treatment For Depression,1,Real,3,HealthStory,0.87404025
story_reviews_01680,"Latest News, Diets, Workouts, Healthy Recipes","Latest News, Diets, Workouts, Healthy Recipes",1,Real,3,HealthStory,0.87400013
story_reviews_00410,The Promise (and Limits) of Pediatric Proton Radiation,The Promise (and Limits) of Pediatric Proton Radiation,1,Real,4,HealthStory,0.87399906
story_reviews_00310,Short Course of Antibiotics Not Best for Kids' Ear Infections,Short Course of Antibiotics Not Best for Kids' Ear Infections,0,Fake,1,HealthStory,0.8739796
story_reviews_00889,Electroacupuncture may be effective for depression: study,Electroacupuncture may be effective for depression: study,0,Fake,1,HealthStory,0.87397414
story_reviews_01209,"Lymph Node Surgery for Breast Cancer Not Always Needed, Study Says","Lymph Node Surgery for Breast Cancer Not Always Needed, Study Says",1,Real,5,HealthStory,0.87392634
story_reviews_01615,New Way to Treat Inoperable Lung Cancer,New Way to Treat Inoperable Lung Cancer,1,Real,3,HealthStory,0.8739202
story_reviews_00793,Good Cholesterol Infusion May Help Unclog Arteries,Good Cholesterol Infusion May Help Unclog Arteries,0,Fake,2,HealthStory,0.87390155
story_reviews_00025,Doctors Use Bacteria as Weapon Against Cancer,Doctors Use Bacteria as Weapon Against Cancer,0,Fake,2,HealthStory,0.8738883
story_reviews_00807,Measuring Brain Plaques May Yield Clues to Alzheimer's Risk,Measuring Brain Plaques May Yield Clues to Alzheimer's Risk,0,Fake,0,HealthStory,0.873817
story_reviews_01066,Olive Oil Linked to Reduced Stroke Risk,Olive Oil Linked to Reduced Stroke Risk,1,Real,5,HealthStory,0.87378585
story_reviews_01572,Drug a New Treatment Option for Diabetic Eye Disease,Drug a New Treatment Option for Diabetic Eye Disease,0,Fake,1,HealthStory,0.8737671
story_reviews_00560,Too Much Fat? Try a Whole-Body Scan,Too Much Fat? Try a Whole-Body Scan,1,Real,3,HealthStory,0.87373215
story_reviews_01233,Coconuts are busting out all over,Coconuts are busting out all over,0,Fake,1,HealthStory,0.8737191
story_reviews_01189,Brain's Electrical Activity May Help Spot Infants at High Risk for Autism,Brain's Electrical Activity May Help Spot Infants at High Risk for Autism,0,Fake,2,HealthStory,0.873719
story_reviews_00851,"Not All Calories Equal, Study Shows","Not All Calories Equal, Study Shows",1,Real,4,HealthStory,0.87371266
story_reviews_01394,A No-Cringe Fix? Filling Cavities Without The Drill,A No-Cringe Fix? Filling Cavities Without The Drill,0,Fake,2,HealthStory,0.8737067
story_reviews_00345,Powerful MS Drug Used Early May Reverse Some Disability,Powerful MS Drug Used Early May Reverse Some Disability,1,Real,3,HealthStory,0.8736879
story_reviews_00315,Cuddling Preemies Kangaroo Style Helps Into Adulthood,Cuddling Preemies Kangaroo Style Helps Into Adulthood,1,Real,3,HealthStory,0.8736543
story_reviews_00584,F.D.A. Approves Heart Drug Entresto Said to Cut Death Risk by 20%,F.D.A. Approves Heart Drug Entresto Said to Cut Death Risk by 20%,1,Real,5,HealthStory,0.87364054
story_reviews_00438,What Teen Girls Should Eat to Reduce Breast Cancer Risk,What Teen Girls Should Eat to Reduce Breast Cancer Risk,1,Real,3,HealthStory,0.8736307
story_reviews_01311,Experimental Drug Raises Good Cholesterol Levels in Early Trial,Experimental Drug Raises Good Cholesterol Levels in Early Trial,1,Real,4,HealthStory,0.8735747
story_reviews_01182,Fish Oil Seems to Help Cancer Patients Preserve Muscle,Fish Oil Seems to Help Cancer Patients Preserve Muscle,0,Fake,2,HealthStory,0.87357193
story_reviews_00601,Surgery-free option for appendicitis could become norm,Surgery-free option for appendicitis could become norm,1,Real,4,HealthStory,0.87355334
story_reviews_00448,Could marijuana help treat painkiller and heroin addiction?,Could marijuana help treat painkiller and heroin addiction?,1,Real,3,HealthStory,0.87354773
story_reviews_01612,Gene-Targeted Cancer Fix Could Be a Breakthrough,Gene-Targeted Cancer Fix Could Be a Breakthrough,1,Real,3,HealthStory,0.8735373
story_reviews_01249,Shingles Vaccine Looks Like a Safe Bet for Seniors: Study,Shingles Vaccine Looks Like a Safe Bet for Seniors: Study,1,Real,5,HealthStory,0.8735228
story_reviews_00257,"Low-dose aspirin can reduce risk of death from cancer, study says","Low-dose aspirin can reduce risk of death from cancer, study says",0,Fake,2,HealthStory,0.87352276
story_reviews_01561,Less Invasive Heart Defibrillators Seen Closer to Reality,Less Invasive Heart Defibrillators Seen Closer to Reality,1,Real,5,HealthStory,0.87348753
story_reviews_01168,Say Aaa! Then Zzz: Tonsillectomy Helps Kids Sleep,Say Aaa! Then Zzz: Tonsillectomy Helps Kids Sleep,1,Real,3,HealthStory,0.8734782
story_reviews_00209,Can an Aspirin a Day Keep a Pregnancy Complication Away?,Can an Aspirin a Day Keep a Pregnancy Complication Away?,1,Real,5,HealthStory,0.87345743
story_reviews_00551,Psychedelics Promise a ‘Paradigm Shift’ in Treating Mental Illness,Psychedelics Promise a ‘Paradigm Shift’ in Treating Mental Illness,1,Real,3,HealthStory,0.873453
story_reviews_01048,Taking meds before exposure cuts HIV risk for heterosexuals,Taking meds before exposure cuts HIV risk for heterosexuals,1,Real,3,HealthStory,0.87345207
story_reviews_00010,"Potential life-saving peanut allergy drug on horizon, scientists say","Potential life-saving peanut allergy drug on horizon, scientists say",0,Fake,2,HealthStory,0.873397
story_reviews_00409,Can memory loss in Alzheimer's patients be reversed?,Can memory loss in Alzheimer's patients be reversed?,0,Fake,2,HealthStory,0.8733829
story_reviews_00963,Experimental Treatment May Help Relieve Back Pain,Experimental Treatment May Help Relieve Back Pain,1,Real,3,HealthStory,0.8733761
story_reviews_00769,"Energy Drinks Promise Edge, but Experts Say Proof Is Scant","Energy Drinks Promise Edge, but Experts Say Proof Is Scant",1,Real,5,HealthStory,0.8733727
story_reviews_00088,Prostate-Cancer Gene Test Helps Patients Decide on Treatment,Prostate-Cancer Gene Test Helps Patients Decide on Treatment,1,Real,3,HealthStory,0.87336224
story_reviews_00962,Treatment Shows Promise for Premature Ejaculation,Treatment Shows Promise for Premature Ejaculation,1,Real,3,HealthStory,0.87335956
story_reviews_00047,Women with endometriosis experience terrible pain. There’s finally a new treatment.,Women with endometriosis experience terrible pain. There’s finally a new treatment.,1,Real,4,HealthStory,0.8733433
story_reviews_00667,Young Girl's Story May Lead Idaho to Approve Marijuana Oil,Young Girl's Story May Lead Idaho to Approve Marijuana Oil,0,Fake,2,HealthStory,0.8733265
story_reviews_00532,OrCam helps the blind math teacher 'see' again,OrCam helps the blind math teacher 'see' again,1,Real,3,HealthStory,0.8731205
story_reviews_00862,Common Painkillers May Help Prevent Skin Cancer: Study,Common Painkillers May Help Prevent Skin Cancer: Study,1,Real,4,HealthStory,0.87303627
story_reviews_01306,Musical Exercise Program Cuts Falls in Elderly,Musical Exercise Program Cuts Falls in Elderly,0,Fake,1,HealthStory,0.8730162
story_reviews_00300,Good news for people who love spicy food,Good news for people who love spicy food,1,Real,3,HealthStory,0.87292206
story_reviews_00428,A Cure for Digital Addicts’ ‘Text Neck’?,A Cure for Digital Addicts’ ‘Text Neck’?,1,Real,4,HealthStory,0.8729199
story_reviews_01584,New Test May Predict Prostate Cancer's Aggressiveness,New Test May Predict Prostate Cancer's Aggressiveness,0,Fake,2,HealthStory,0.8728896
story_reviews_00675,"Medical mystery: Men who take frequent saunas live longer, study shows","Medical mystery: Men who take frequent saunas live longer, study shows",1,Real,3,HealthStory,0.8728794
story_reviews_00572,Could one-two punch of generics for breast cancer be more powerful than wonder drug tamoxifen?,Could one-two punch of generics for breast cancer be more powerful than wonder drug tamoxifen?,1,Real,3,HealthStory,0.8728517
story_reviews_01031,Urine test for prostate cancer may be better than blood test,Urine test for prostate cancer may be better than blood test,0,Fake,2,HealthStory,0.87283623
story_reviews_01093,"Melatonin Makes a Comeback, Leaving Experts Unrelaxed","Melatonin Makes a Comeback, Leaving Experts Unrelaxed",1,Real,5,HealthStory,0.87277573
story_reviews_01499,"Diet Drug Lorcaserin Safe, Effective, Study Finds","Diet Drug Lorcaserin Safe, Effective, Study Finds",1,Real,3,HealthStory,0.87272525
story_reviews_01346,Bitter Taste Receptors Found in Lungs May Aid Asthma Patients,Bitter Taste Receptors Found in Lungs May Aid Asthma Patients,0,Fake,0,HealthStory,0.8727128
story_reviews_00506,Marijuana Chemical Shows Promise for Hard-to-Treat Epilepsy in Kids,Marijuana Chemical Shows Promise for Hard-to-Treat Epilepsy in Kids,1,Real,4,HealthStory,0.8726938
story_reviews_00726,Cempra’s lead oral antibiotic meets main goal in late-stage trial,Cempra’s lead oral antibiotic meets main goal in late-stage trial,0,Fake,2,HealthStory,0.87267256
story_reviews_01694,Radiation from CT scans may raise cancer risks,Radiation from CT scans may raise cancer risks,1,Real,3,HealthStory,0.87264764
story_reviews_01321,Probiotics May Help Soothe The Stomach,Probiotics May Help Soothe The Stomach,1,Real,3,HealthStory,0.87255305
story_reviews_01199,Zinc May Prevent and Shorten Colds,Zinc May Prevent and Shorten Colds,0,Fake,2,HealthStory,0.8725168
story_reviews_00500,Why Tortillas May Hold The Key To Healthier Babies,Why Tortillas May Hold The Key To Healthier Babies,1,Real,4,HealthStory,0.8724632
story_reviews_00228,Obesity Cure? Scientists Discover Antibody That Reduces Body Fat in Mice,Obesity Cure? Scientists Discover Antibody That Reduces Body Fat in Mice,0,Fake,2,HealthStory,0.8724425
story_reviews_00239,Spit Test May Reveal The Severity Of A Child's Concussion,Spit Test May Reveal The Severity Of A Child's Concussion,1,Real,3,HealthStory,0.8724338
story_reviews_01383,IUD Proposed to Treat Uterine Cancer,IUD Proposed to Treat Uterine Cancer,1,Real,5,HealthStory,0.87242556
story_reviews_00177,"PSA screening for prostate cancer saves lives after all, study says","PSA screening for prostate cancer saves lives after all, study says",1,Real,3,HealthStory,0.8723988
story_reviews_00703,Breathing for Your Better Health,Breathing for Your Better Health,0,Fake,2,HealthStory,0.8723471
story_reviews_00437,Does Putting On A Few Pounds Help You Cheat Death?,Does Putting On A Few Pounds Help You Cheat Death?,1,Real,3,HealthStory,0.8723436
story_reviews_00682,"In Image-Guided Operating Suites, Surgeons See Real-Time MRI, CT Scans","In Image-Guided Operating Suites, Surgeons See Real-Time MRI, CT Scans",0,Fake,2,HealthStory,0.87233573
story_reviews_01435,Low-Dose Omega-3 Fatty Acids Don't Protect Heart Patients,Low-Dose Omega-3 Fatty Acids Don't Protect Heart Patients,1,Real,4,HealthStory,0.87232363
story_reviews_01121,"Aspirin cuts heart attacks, not deaths or strokes","Aspirin cuts heart attacks, not deaths or strokes",1,Real,5,HealthStory,0.8722361
story_reviews_01610,Plavix Can Help Cut Death Risk in Certain Heart Patients,Plavix Can Help Cut Death Risk in Certain Heart Patients,0,Fake,2,HealthStory,0.87222326
story_reviews_00896,Less Invasive Hernia Procedure Easier on Patients: Study,Less Invasive Hernia Procedure Easier on Patients: Study,1,Real,4,HealthStory,0.8721597
story_reviews_01657,Blood Test May Predict Rheumatoid Arthritis,Blood Test May Predict Rheumatoid Arthritis,0,Fake,0,HealthStory,0.87215674
story_reviews_00860,Will Dark Chocolate a Day Keep the Doctor Away?,Will Dark Chocolate a Day Keep the Doctor Away?,1,Real,5,HealthStory,0.8721518
story_reviews_00569,A Green Light for Red Palm Oil as Health Aid?,A Green Light for Red Palm Oil as Health Aid?,1,Real,5,HealthStory,0.87214106
story_reviews_00303,‘Weekend Warrior’ Workouts are Beneficial as Just 20 Minutes of Exercise a Day,‘Weekend Warrior’ Workouts are Beneficial as Just 20 Minutes of Exercise a Day,1,Real,4,HealthStory,0.87208515
story_reviews_00641,Pregnant Women: Get More Omega-3s,Pregnant Women: Get More Omega-3s,1,Real,3,HealthStory,0.87204814
story_reviews_00426,Chest Protectors Guard Against Deadly Blows to Chest,Chest Protectors Guard Against Deadly Blows to Chest,1,Real,3,HealthStory,0.87182826
story_reviews_01466,"Burger and a statin to go? Or hold that, please?","Burger and a statin to go? Or hold that, please?",1,Real,5,HealthStory,0.87182486
story_reviews_01208,Clot-Busting Drug May Prevent Disability From Mild Stroke,Clot-Busting Drug May Prevent Disability From Mild Stroke,1,Real,3,HealthStory,0.8718211
story_reviews_00326,Older Patients Can Benefit From Lung Cancer Surgery,Older Patients Can Benefit From Lung Cancer Surgery,0,Fake,2,HealthStory,0.8715984
story_reviews_01436,"Marijuana Relieves Chronic Pain, Research Shows","Marijuana Relieves Chronic Pain, Research Shows",0,Fake,2,HealthStory,0.8715897
story_reviews_00367,Weight-Loss Surgery Sheds Pounds Long Term,Weight-Loss Surgery Sheds Pounds Long Term,1,Real,4,HealthStory,0.8715579
story_reviews_00771,Treating Kidneys With Radio Waves May Ease Tough-to-Control Hypertension,Treating Kidneys With Radio Waves May Ease Tough-to-Control Hypertension,1,Real,3,HealthStory,0.87152267
story_reviews_00279,Vitamin IVs make bold health promises. But where's the evidence?,Vitamin IVs make bold health promises. But where's the evidence?,1,Real,5,HealthStory,0.8714267
story_reviews_00504,"C-Sections Are Best With a Little Labor, a Study Says","C-Sections Are Best With a Little Labor, a Study Says",1,Real,4,HealthStory,0.8714054
story_reviews_00361,No More Readers? New Implant May Help Aging Eyes,No More Readers? New Implant May Help Aging Eyes,1,Real,3,HealthStory,0.8713778
story_reviews_01361,Study Suggests Osteoporosis Drug Might Treat Loss of Bone in Jaw,Study Suggests Osteoporosis Drug Might Treat Loss of Bone in Jaw,0,Fake,2,HealthStory,0.8713749
story_reviews_00151,Can Vitamin A Help With My COPD?,Can Vitamin A Help With My COPD?,1,Real,4,HealthStory,0.8713651
story_reviews_00839,Abandoning PSA Screening Could Cost Lives: Study,Abandoning PSA Screening Could Cost Lives: Study,1,Real,4,HealthStory,0.87131846
story_reviews_01362,MRI Might Screen for Autism,MRI Might Screen for Autism,0,Fake,1,HealthStory,0.8712548
story_reviews_00384,Fish Oil Benefits after Heart Attack,Fish Oil Benefits after Heart Attack,1,Real,3,HealthStory,0.8712346
story_reviews_00707,Is proton therapy the 'magic bullet' for cancer?,Is proton therapy the 'magic bullet' for cancer?,0,Fake,1,HealthStory,0.8711968
story_reviews_00474,Occasional fasting could help you live longer,Occasional fasting could help you live longer,1,Real,3,HealthStory,0.8711911
story_reviews_01197,Can Pomegranate Pills Fight Prostate Cancer?,Can Pomegranate Pills Fight Prostate Cancer?,1,Real,3,HealthStory,0.87117875
story_reviews_00752,A Pill So People With Celiac Disease Can Eat Freely?,A Pill So People With Celiac Disease Can Eat Freely?,1,Real,3,HealthStory,0.87114173
story_reviews_00179,"Ecstasy could be ‘breakthrough’ therapy for soldiers, others suffering from PTSD","Ecstasy could be ‘breakthrough’ therapy for soldiers, others suffering from PTSD",1,Real,4,HealthStory,0.87113416
story_reviews_00698,"‘Expensive’ placebos work better than ‘cheap’ ones, study finds","‘Expensive’ placebos work better than ‘cheap’ ones, study finds",1,Real,4,HealthStory,0.87112856
story_reviews_01603,Beta Blockers May Slow Spread of Breast Cancer,Beta Blockers May Slow Spread of Breast Cancer,1,Real,3,HealthStory,0.87106735
story_reviews_01492,Avastin Largely Safe for Patients With Type of Advanced Lung Cancer,Avastin Largely Safe for Patients With Type of Advanced Lung Cancer,1,Real,3,HealthStory,0.87102425
story_reviews_00106,"New test can detect autism in children, scientists say","New test can detect autism in children, scientists say",0,Fake,1,HealthStory,0.8710219
story_reviews_01689,Natural Treatment for RSV Infection?,Natural Treatment for RSV Infection?,0,Fake,2,HealthStory,0.8709861
story_reviews_00196,There's a promising new HIV vaccine candidate in the pipeline,There's a promising new HIV vaccine candidate in the pipeline,1,Real,4,HealthStory,0.87094426
story_reviews_01369,Drug Extends Prostate Cancer Survival,Drug Extends Prostate Cancer Survival,0,Fake,1,HealthStory,0.8709394
story_reviews_00085,Why You Should Get the New Shingles Vaccine,Why You Should Get the New Shingles Vaccine,1,Real,3,HealthStory,0.8709377
story_reviews_00738,Freezing Treatment May Help Destroy Lung Tumors: Study,Freezing Treatment May Help Destroy Lung Tumors: Study,1,Real,3,HealthStory,0.87089336
story_reviews_00587,Organ-On-Chip Could Revolutionize Drug Testing,Organ-On-Chip Could Revolutionize Drug Testing,1,Real,3,HealthStory,0.87077916
story_reviews_00619,Vitamin B3 could help reduce skin cancer risk,Vitamin B3 could help reduce skin cancer risk,1,Real,3,HealthStory,0.87076896
story_reviews_01139,Aspirin Linked to Lower Pancreatic Cancer Risk,Aspirin Linked to Lower Pancreatic Cancer Risk,0,Fake,0,HealthStory,0.8707493
story_reviews_00364,You Asked: Are Infrared Saunas Healthy?,You Asked: Are Infrared Saunas Healthy?,0,Fake,2,HealthStory,0.87070394
story_reviews_00393,Treating PTSD With Virtual Reality Therapy: A Way to Heal Trauma,Treating PTSD With Virtual Reality Therapy: A Way to Heal Trauma,0,Fake,1,HealthStory,0.8706958
story_reviews_01564,U.S. Approves Drug to Treat Varicose Veins,U.S. Approves Drug to Treat Varicose Veins,0,Fake,2,HealthStory,0.87064016
story_reviews_00197,Beyond The Nasty Needle: Trying To Make Vaccines More Comfy And Convenient,Beyond The Nasty Needle: Trying To Make Vaccines More Comfy And Convenient,1,Real,3,HealthStory,0.8706312
story_reviews_00031,Here’s how one woman used an implant to get some relief from chronic back pain,Here’s how one woman used an implant to get some relief from chronic back pain,0,Fake,2,HealthStory,0.87062854
story_reviews_01667,Immune Response Better With Skin Scratch Vaccination,Immune Response Better With Skin Scratch Vaccination,0,Fake,1,HealthStory,0.8706126
story_reviews_01033,Blood Test May Spot Alzheimer's Before Symptoms Appear,Blood Test May Spot Alzheimer's Before Symptoms Appear,1,Real,4,HealthStory,0.8706033
story_reviews_00087,"Boomers are going bionic, and they want joint replacements to let them do it all","Boomers are going bionic, and they want joint replacements to let them do it all",1,Real,3,HealthStory,0.870592
story_reviews_00760,FDA Approves 1st Skin Patch to Combat Migraines,FDA Approves 1st Skin Patch to Combat Migraines,1,Real,4,HealthStory,0.87052935
story_reviews_01533,Endometriosis? Robot surgery may not be the answer,Endometriosis? Robot surgery may not be the answer,1,Real,3,HealthStory,0.870502
story_reviews_00998,New Alzheimer's Drug Shows Early Promise,New Alzheimer's Drug Shows Early Promise,1,Real,5,HealthStory,0.87049973
story_reviews_00467,The Benefits of Intensive Cardiac Rehabilitation Over Ordinary Cardiac Rehabilitation,The Benefits of Intensive Cardiac Rehabilitation Over Ordinary Cardiac Rehabilitation,1,Real,3,HealthStory,0.8704906
story_reviews_01273,"For Varicose Veins, New Treatments Are Less Invasive","For Varicose Veins, New Treatments Are Less Invasive",1,Real,3,HealthStory,0.8704876
story_reviews_00429,Experimental procedure aimed at repairing spinal cord shows promise,Experimental procedure aimed at repairing spinal cord shows promise,0,Fake,2,HealthStory,0.8703753
story_reviews_00308,Taking Fish Oil During Pregnancy Is Found to Lower Child’s Asthma Risk,Taking Fish Oil During Pregnancy Is Found to Lower Child’s Asthma Risk,1,Real,4,HealthStory,0.8703465
story_reviews_00953,New Blood Test May Rule Out Heart Attacks More Quickly,New Blood Test May Rule Out Heart Attacks More Quickly,0,Fake,2,HealthStory,0.8703068
story_reviews_00917,Fish Help Reduce Risk of One Kind of Colon Polyp in Women,Fish Help Reduce Risk of One Kind of Colon Polyp in Women,0,Fake,2,HealthStory,0.87029177
story_reviews_01449,"Studying Acupuncture, One Needle Prick at a Time","Studying Acupuncture, One Needle Prick at a Time",1,Real,3,HealthStory,0.87028843
story_reviews_00621,"Mediterranean Diet Boosts Brain Power, Clinical Study Finds","Mediterranean Diet Boosts Brain Power, Clinical Study Finds",1,Real,4,HealthStory,0.87028193
story_reviews_01528,New Devices to Help Heart Patients,New Devices to Help Heart Patients,0,Fake,2,HealthStory,0.87023544
story_reviews_00894,Could Unroasted Coffee Beans Help You Shed Pounds?,Could Unroasted Coffee Beans Help You Shed Pounds?,1,Real,3,HealthStory,0.8702266
story_reviews_00732,Wireless Pacemaker Shows Promise in Early Study,Wireless Pacemaker Shows Promise in Early Study,1,Real,4,HealthStory,0.87021625
story_reviews_00570,Brain training app could help people with schizophrenia,Brain training app could help people with schizophrenia,0,Fake,1,HealthStory,0.87019944
story_reviews_01467,Should belly fat prompt early colon cancer screens?,Should belly fat prompt early colon cancer screens?,1,Real,4,HealthStory,0.8701777
story_reviews_00881,Are breast lumps cancerous? A new device may help,Are breast lumps cancerous? A new device may help,1,Real,3,HealthStory,0.8701483
story_reviews_00991,Less Frequent Mammograms May Lower False-Positive Results,Less Frequent Mammograms May Lower False-Positive Results,1,Real,3,HealthStory,0.8700548
story_reviews_01247,Progress Toward Blood Test for Down Syndrome,Progress Toward Blood Test for Down Syndrome,1,Real,5,HealthStory,0.8700428
story_reviews_00600,Building a Better Valve,Building a Better Valve,1,Real,4,HealthStory,0.86997527
story_reviews_00277,A Medicine That Blunts The Buzz Of Alcohol Can Help Drinkers Cut Back,A Medicine That Blunts The Buzz Of Alcohol Can Help Drinkers Cut Back,1,Real,3,HealthStory,0.86994016
story_reviews_00755,Re-Analysis Refutes Diet Guidelines Favoring Vegetable Fats,Re-Analysis Refutes Diet Guidelines Favoring Vegetable Fats,1,Real,3,HealthStory,0.86991453
story_reviews_01137,"More Options Before Bypass Surgery, Study Finds","More Options Before Bypass Surgery, Study Finds",1,Real,5,HealthStory,0.869781
story_reviews_01358,Study: Vitamin B12 may help ward off Alzheimer's,Study: Vitamin B12 may help ward off Alzheimer's,1,Real,4,HealthStory,0.8697408
story_reviews_00157,Ebola Vaccines Show Promise in New Study,Ebola Vaccines Show Promise in New Study,1,Real,4,HealthStory,0.869712
story_reviews_00387,Allergy sufferers find relief in immunotherapy toothpaste,Allergy sufferers find relief in immunotherapy toothpaste,0,Fake,2,HealthStory,0.8696424
story_reviews_01420,Magic mushrooms may ease anxiety of cancer: study,Magic mushrooms may ease anxiety of cancer: study,0,Fake,2,HealthStory,0.8696418
story_reviews_00734,"Implanted Device May Predict Epilepsy Seizures, Study Suggests","Implanted Device May Predict Epilepsy Seizures, Study Suggests",1,Real,5,HealthStory,0.86963886
story_reviews_01034,Larger Dose of Zinc Lozenges May Shorten Colds,Larger Dose of Zinc Lozenges May Shorten Colds,1,Real,3,HealthStory,0.8696273
story_reviews_01697,Diagnosing Breast Cancer: Needle Biopsy Best?,Diagnosing Breast Cancer: Needle Biopsy Best?,0,Fake,2,HealthStory,0.86960584
story_reviews_00742,Can Enzymes Make the Meal?,Can Enzymes Make the Meal?,0,Fake,2,HealthStory,0.86956453
story_reviews_01252,Prozac shows promise in recovery from stroke,Prozac shows promise in recovery from stroke,1,Real,3,HealthStory,0.8695513
story_reviews_01589,Magnets Might Boost Stem Cell Therapy,Magnets Might Boost Stem Cell Therapy,0,Fake,1,HealthStory,0.869541
story_reviews_00424,New Eczema Treatments Could Be Available Soon,New Eczema Treatments Could Be Available Soon,1,Real,3,HealthStory,0.8695276
story_reviews_00037,The Scan That Saved My Life,The Scan That Saved My Life,0,Fake,2,HealthStory,0.8695155
story_reviews_00435,Reviving Memory With An Electrical Current,Reviving Memory With An Electrical Current,0,Fake,2,HealthStory,0.869514
story_reviews_00939,Nicotine Patch May Improve Memory,Nicotine Patch May Improve Memory,1,Real,4,HealthStory,0.86944896
story_reviews_00094,A Surgery-Free Fix for Bad Knees?,A Surgery-Free Fix for Bad Knees?,1,Real,3,HealthStory,0.8694304
story_reviews_00335,Balloon-in-a-Pill Helped Obese Patients Lose Weight,Balloon-in-a-Pill Helped Obese Patients Lose Weight,1,Real,4,HealthStory,0.8693675
story_reviews_00357,"More Breast Cancer Patients Should Consider Radiation, New Guidelines Say","More Breast Cancer Patients Should Consider Radiation, New Guidelines Say",1,Real,4,HealthStory,0.86934054
story_reviews_00997,Chocolate May Cut Women's Stroke Risk,Chocolate May Cut Women's Stroke Risk,1,Real,3,HealthStory,0.8693177
story_reviews_00853,Brain EEG Test Might Help Spot Autism: Study,Brain EEG Test Might Help Spot Autism: Study,1,Real,3,HealthStory,0.8693068
story_reviews_01354,Vitamin B12 Linked to Lower Alzheimer’s Risk,Vitamin B12 Linked to Lower Alzheimer’s Risk,0,Fake,2,HealthStory,0.8692923
story_reviews_00381,Novartis asthma pill shows promise in small trial,Novartis asthma pill shows promise in small trial,1,Real,4,HealthStory,0.8692872
story_reviews_00729,"New Drug May Help Some Asthmatics, Study Finds","New Drug May Help Some Asthmatics, Study Finds",1,Real,4,HealthStory,0.8692844
story_reviews_00818,Benefits Seen In Hormone Use Early In Menopause,Benefits Seen In Hormone Use Early In Menopause,1,Real,4,HealthStory,0.86927724
story_reviews_00526,"Could an Inexpensive, Underused Drug Reduce Blood Loss During Surgery?","Could an Inexpensive, Underused Drug Reduce Blood Loss During Surgery?",1,Real,4,HealthStory,0.8692638
story_reviews_00586,"Weight-Loss Surgery Better Than Diet and Exercise in Treating Type 2 Diabetes, Study Finds","Weight-Loss Surgery Better Than Diet and Exercise in Treating Type 2 Diabetes, Study Finds",1,Real,3,HealthStory,0.86924314
story_reviews_01109,Study: Lower salt intake could be riskier than thought,Study: Lower salt intake could be riskier than thought,1,Real,3,HealthStory,0.86909354
story_reviews_00405,How to Prevent a Heart Attack: Text Patients on Healthy Habits,How to Prevent a Heart Attack: Text Patients on Healthy Habits,1,Real,4,HealthStory,0.86908513
story_reviews_00616,Studies Confirm Brain Plaque Can Help Predict Alzheimer’s,Studies Confirm Brain Plaque Can Help Predict Alzheimer’s,1,Real,3,HealthStory,0.86904895
story_reviews_00904,Can Herbs Fight Asthma?,Can Herbs Fight Asthma?,1,Real,4,HealthStory,0.8688962
story_reviews_01256,Experimental Drug Helps Fight Aggressive Breast Cancer: Report,Experimental Drug Helps Fight Aggressive Breast Cancer: Report,1,Real,4,HealthStory,0.868882
story_reviews_01083,Egg Freezing Puts The Biological Clock On Hold,Egg Freezing Puts The Biological Clock On Hold,1,Real,3,HealthStory,0.8688569
story_reviews_01018,Ultrasound of Neck Arteries May Help Gauge Stroke Risk,Ultrasound of Neck Arteries May Help Gauge Stroke Risk,1,Real,3,HealthStory,0.86879945
story_reviews_00982,Experimental Drug May Help Treat Psoriasis,Experimental Drug May Help Treat Psoriasis,1,Real,3,HealthStory,0.868794
story_reviews_00778,Extended Use of Breast Cancer Drug Suggested,Extended Use of Breast Cancer Drug Suggested,1,Real,5,HealthStory,0.8686955
story_reviews_01493,Hate needles? Flu patch may take sting out of your fears,Hate needles? Flu patch may take sting out of your fears,0,Fake,2,HealthStory,0.86867505
story_reviews_00920,Stop-Smoking Drug May Also Curb Problem Drinking,Stop-Smoking Drug May Also Curb Problem Drinking,1,Real,3,HealthStory,0.86858565
story_reviews_00159,Hate UTIs? One Simple Step Can Cut the Risk,Hate UTIs? One Simple Step Can Cut the Risk,1,Real,3,HealthStory,0.868568
story_reviews_00856,Type 1 Diabetes: Experimental Stem Cell Treatment Tested,Type 1 Diabetes: Experimental Stem Cell Treatment Tested,1,Real,4,HealthStory,0.8685574
story_reviews_00096,Three-in-One Pill Shows Promise in Beating High Blood Pressure,Three-in-One Pill Shows Promise in Beating High Blood Pressure,0,Fake,1,HealthStory,0.86853707
story_reviews_01542,Study: One dose of radiation during breast cancer surgery is effective,Study: One dose of radiation during breast cancer surgery is effective,1,Real,3,HealthStory,0.86846685
story_reviews_00724,How Exercise Keeps Us Young,How Exercise Keeps Us Young,1,Real,3,HealthStory,0.8684604
story_reviews_00271,The Sound of ‘Pink Noise’ Improves Sleep and Memory,The Sound of ‘Pink Noise’ Improves Sleep and Memory,1,Real,3,HealthStory,0.8683781
story_reviews_00994,"HPV test more sensitive than Pap, questions remain","HPV test more sensitive than Pap, questions remain",1,Real,4,HealthStory,0.8683508
story_reviews_00974,New Drug Shows Promise Against Huntington's Disease,New Drug Shows Promise Against Huntington's Disease,1,Real,3,HealthStory,0.86832774
story_reviews_00480,Blood-Boosters May Give Tiny Preemies a Developmental Edge,Blood-Boosters May Give Tiny Preemies a Developmental Edge,1,Real,3,HealthStory,0.8682671
story_reviews_00790,Strongest Study Yet Shows Meditation Can Lower Risk of Heart Attack and Stroke,Strongest Study Yet Shows Meditation Can Lower Risk of Heart Attack and Stroke,0,Fake,2,HealthStory,0.8682487
story_reviews_00147,Blood From Young People Safe and Just Might Help Alzheimer's Patients,Blood From Young People Safe and Just Might Help Alzheimer's Patients,1,Real,3,HealthStory,0.86821353
story_reviews_00318,How optimism may help you live longer,How optimism may help you live longer,1,Real,3,HealthStory,0.8680872
story_reviews_01012,Trial Shows Blockbuster Potential for Blood Clot Pill Eliquis,Trial Shows Blockbuster Potential for Blood Clot Pill Eliquis,1,Real,4,HealthStory,0.86808455
story_reviews_00302,"Weekend workouts can benefit health as much as regular exercise, say researchers","Weekend workouts can benefit health as much as regular exercise, say researchers",1,Real,4,HealthStory,0.868067
story_reviews_01178,Virtual Colonoscopy Gains in Popularity. Is It Right for You?,Virtual Colonoscopy Gains in Popularity. Is It Right for You?,0,Fake,2,HealthStory,0.8680575
story_reviews_01171,Why to Eat Like a Greek,Why to Eat Like a Greek,1,Real,4,HealthStory,0.8680239
story_reviews_01621,Cholesterol Drugs May Treat Psoriasis,Cholesterol Drugs May Treat Psoriasis,0,Fake,2,HealthStory,0.86795914
story_reviews_00465,Concussion Blood Test Shows Promise,Concussion Blood Test Shows Promise,1,Real,3,HealthStory,0.8679329
story_reviews_01315,Gene Therapy Shows Potential Against Heart Failure,Gene Therapy Shows Potential Against Heart Failure,0,Fake,2,HealthStory,0.8679087
story_reviews_01284,Study: Aspirin Cuts Deaths From Cancers,Study: Aspirin Cuts Deaths From Cancers,1,Real,4,HealthStory,0.86776775
story_reviews_00248,"‘Pacemaker’ for the Brain Can Help Memory, Study Finds","‘Pacemaker’ for the Brain Can Help Memory, Study Finds",1,Real,3,HealthStory,0.86774176
story_reviews_00377,Could Worms In Your Gut Cure Your Allergies?,Could Worms In Your Gut Cure Your Allergies?,1,Real,3,HealthStory,0.86769825
story_reviews_00861,Can Aspirin Help Ward Off Skin Cancer?,Can Aspirin Help Ward Off Skin Cancer?,1,Real,3,HealthStory,0.86768806
story_reviews_00305,Can Lumbar Support Devices Relieve Lower Back Pain?,Can Lumbar Support Devices Relieve Lower Back Pain?,1,Real,3,HealthStory,0.86761886
story_reviews_00669,Should Pregnant Women Eat More Tuna?,Should Pregnant Women Eat More Tuna?,1,Real,4,HealthStory,0.8675565
story_reviews_01170,Could gene tests tell if kids can be sports stars?,Could gene tests tell if kids can be sports stars?,1,Real,4,HealthStory,0.8675268
story_reviews_00645,Why Doctors Are Trying A Skin Cancer Drug To Treat A Brain Tumor,Why Doctors Are Trying A Skin Cancer Drug To Treat A Brain Tumor,1,Real,3,HealthStory,0.8675085
story_reviews_00299,Should More Kids Have Their Tonsils Out?,Should More Kids Have Their Tonsils Out?,1,Real,3,HealthStory,0.86740947
story_reviews_01586,Drug for Immune Disorders Helps Alzheimer's,Drug for Immune Disorders Helps Alzheimer's,1,Real,4,HealthStory,0.86738414
story_reviews_00229,High blood platelet count 'as good a cancer predictor as a lump in the breast',High blood platelet count 'as good a cancer predictor as a lump in the breast',1,Real,4,HealthStory,0.8673754
story_reviews_00926,"Electrical Brain Stimulation May Strengthen Memory, Study Says","Electrical Brain Stimulation May Strengthen Memory, Study Says",1,Real,4,HealthStory,0.8672596
story_reviews_00556,Acupuncture Best for Hot Flashes in Breast Cancer Survivors: Study,Acupuncture Best for Hot Flashes in Breast Cancer Survivors: Study,1,Real,3,HealthStory,0.8672563
story_reviews_01155,Algenist’s Algae-Based Skin Products Rise From the Sea,Algenist’s Algae-Based Skin Products Rise From the Sea,0,Fake,2,HealthStory,0.8671787
story_reviews_00655,Can Personal Air Purifiers Keep Cold and Flu Bugs Away?,Can Personal Air Purifiers Keep Cold and Flu Bugs Away?,1,Real,4,HealthStory,0.867098
story_reviews_01476,Resveratrol May Suppress Inflammation in Humans,Resveratrol May Suppress Inflammation in Humans,0,Fake,1,HealthStory,0.8670691
story_reviews_00205,Cancer Breakthrough: Personalized Melanoma Vaccines ‘Safe and Effective’ in First Human Clinical Trials,Cancer Breakthrough: Personalized Melanoma Vaccines ‘Safe and Effective’ in First Human Clinical Trials,1,Real,4,HealthStory,0.8670202
story_reviews_01595,Simple Test May Spot Early Lung Cancer,Simple Test May Spot Early Lung Cancer,0,Fake,2,HealthStory,0.86695236
story_reviews_00631,Injection Offers Option to Slim Down Double Chin Without Surgery,Injection Offers Option to Slim Down Double Chin Without Surgery,1,Real,5,HealthStory,0.8669472
story_reviews_00615,Too Many Women Who Need Bone Screening Aren't Getting It,Too Many Women Who Need Bone Screening Aren't Getting It,0,Fake,2,HealthStory,0.86684996
story_reviews_01269,Does 'Club Drug' Ecstasy Have Therapeutic Value?,Does 'Club Drug' Ecstasy Have Therapeutic Value?,0,Fake,1,HealthStory,0.86679685
story_reviews_00995,Ginger Supplements Might Ease Inflammation Linked to Colon Cancer,Ginger Supplements Might Ease Inflammation Linked to Colon Cancer,1,Real,3,HealthStory,0.8666973
story_reviews_00425,Statins 'could be valuable addition to breast cancer treatment',Statins 'could be valuable addition to breast cancer treatment',0,Fake,2,HealthStory,0.8665743
story_reviews_01359,Older women with healthy bones may not need frequent bone scans,Older women with healthy bones may not need frequent bone scans,0,Fake,2,HealthStory,0.8665056
story_reviews_01386,"Mammograms Save Lives for Women in Their 40s, Study Says","Mammograms Save Lives for Women in Their 40s, Study Says",0,Fake,2,HealthStory,0.8664962
story_reviews_01068,"'Honey, It's Your Turn...'","'Honey, It's Your Turn...'",1,Real,5,HealthStory,0.8664791
story_reviews_00269,Forget cribs. A cardboard box may be the safest place for your baby to sleep,Forget cribs. A cardboard box may be the safest place for your baby to sleep,1,Real,3,HealthStory,0.8663156
story_reviews_00916,New Mammogram Benefits for Women in Their 40s,New Mammogram Benefits for Women in Their 40s,0,Fake,2,HealthStory,0.86622924
story_reviews_00127,Research: Mild Cognitive Impairment Patients Should Exercise Twice a Week,Research: Mild Cognitive Impairment Patients Should Exercise Twice a Week,1,Real,3,HealthStory,0.86621404
story_reviews_00312,Starting school later might really help sleep-deprived teens,Starting school later might really help sleep-deprived teens,1,Real,4,HealthStory,0.8661508
story_reviews_00039,"Experimental Drug Vistusertib Could Shrinks Tumors in 50% of Ovarian Cancer Patients, Study Suggests","Experimental Drug Vistusertib Could Shrinks Tumors in 50% of Ovarian Cancer Patients, Study Suggests",0,Fake,2,HealthStory,0.8660832
story_reviews_01468,Spinal fluid proteins can help diagnose Alzheimer's,Spinal fluid proteins can help diagnose Alzheimer's,0,Fake,1,HealthStory,0.8660184
story_reviews_00705,DNA Blood Test Gives Women A New Option For Prenatal Screening,DNA Blood Test Gives Women A New Option For Prenatal Screening,1,Real,4,HealthStory,0.86598325
story_reviews_00840,Prostate Cancer Screening: Why Can’t Doctors Agree?,Prostate Cancer Screening: Why Can’t Doctors Agree?,1,Real,3,HealthStory,0.86597085
story_reviews_00320,Exercise May Be the Key to Better Sperm,Exercise May Be the Key to Better Sperm,1,Real,4,HealthStory,0.8659619
story_reviews_00336,Bloodsucking parasitic hookworms could help make millions of people healthier,Bloodsucking parasitic hookworms could help make millions of people healthier,0,Fake,2,HealthStory,0.8659499
story_reviews_00002,How a breakthrough new fertility test is offering hope for families who have suffered miscarriages,How a breakthrough new fertility test is offering hope for families who have suffered miscarriages,0,Fake,2,HealthStory,0.865898
story_reviews_01365,Testosterone Hormone Replacement for Men? Perhaps,Testosterone Hormone Replacement for Men? Perhaps,1,Real,4,HealthStory,0.86589295
story_reviews_00230,Could Cancer Drug Gleevec Help With Severe Asthma?,Could Cancer Drug Gleevec Help With Severe Asthma?,1,Real,4,HealthStory,0.86587745
story_reviews_00251,"Trans fats ban linked with fewer heart attacks, strokes","Trans fats ban linked with fewer heart attacks, strokes",1,Real,5,HealthStory,0.8658598
story_reviews_00833,Daily Aspirin May Reduce Risk of Cancer Death,Daily Aspirin May Reduce Risk of Cancer Death,1,Real,4,HealthStory,0.8658532
story_reviews_00030,Glioblastoma: Zika Virus Could Destroy Brain Cancer That Killed John McCain,Glioblastoma: Zika Virus Could Destroy Brain Cancer That Killed John McCain,1,Real,4,HealthStory,0.86580414
story_reviews_01485,Is a Colonoscopy More Effective in High-Def?,Is a Colonoscopy More Effective in High-Def?,1,Real,4,HealthStory,0.8657626
story_reviews_00661,"Vegetarians who ate fish had lowest colorectal cancer risk, study says","Vegetarians who ate fish had lowest colorectal cancer risk, study says",0,Fake,2,HealthStory,0.86573744
story_reviews_01665,MS Patients May Soon Bypass Painful Injections,MS Patients May Soon Bypass Painful Injections,1,Real,4,HealthStory,0.8657262
story_reviews_00455,"Many women could benefit from earlier mammograms, analysis finds","Many women could benefit from earlier mammograms, analysis finds",0,Fake,2,HealthStory,0.8656806
story_reviews_00740,Is a Better Sleeping Pill on the Way?,Is a Better Sleeping Pill on the Way?,1,Real,3,HealthStory,0.8656804
story_reviews_00468,Broccoli May Slow or Reverse Some Atherosclerosis,Broccoli May Slow or Reverse Some Atherosclerosis,0,Fake,2,HealthStory,0.86564994
story_reviews_00858,Blood Tests Might Help Guide Breast Cancer Care,Blood Tests Might Help Guide Breast Cancer Care,1,Real,3,HealthStory,0.8656222
story_reviews_01071,Jury Still Out on Radiation for Early Prostate Cancer,Jury Still Out on Radiation for Early Prostate Cancer,1,Real,5,HealthStory,0.8654341
story_reviews_00060,One Blood Test Might Be Enough to Diagnose Diabetes,One Blood Test Might Be Enough to Diagnose Diabetes,1,Real,3,HealthStory,0.86542165
story_reviews_00968,Light Boxes May Help Melt Those Winter Blues,Light Boxes May Help Melt Those Winter Blues,1,Real,3,HealthStory,0.8653985
story_reviews_00044,Hepatitis-Infected Kidneys a Safe Option for Transplant: Study,Hepatitis-Infected Kidneys a Safe Option for Transplant: Study,1,Real,3,HealthStory,0.86539245
story_reviews_00670,Nerve Treatment Via Nose Shows Promise Against Migraines,Nerve Treatment Via Nose Shows Promise Against Migraines,0,Fake,2,HealthStory,0.8653786
story_reviews_01119,"When Size Matters, Men Can Turn to Penile Extenders: Study","When Size Matters, Men Can Turn to Penile Extenders: Study",1,Real,3,HealthStory,0.8653406
story_reviews_01371,How To Help People Lose Weight? Give ‘Em Free Meals and Money!,How To Help People Lose Weight? Give ‘Em Free Meals and Money!,1,Real,3,HealthStory,0.8652809
story_reviews_01640,'Bonding' Hormone Might Help Some With Autism,'Bonding' Hormone Might Help Some With Autism,1,Real,5,HealthStory,0.86526513
story_reviews_00136,"Weight Loss Really Can Reverse Diabetes, New Study Finds","Weight Loss Really Can Reverse Diabetes, New Study Finds",1,Real,3,HealthStory,0.8650185
story_reviews_00718,Head Start Program Might Help Fight Childhood Obesity: Study,Head Start Program Might Help Fight Childhood Obesity: Study,1,Real,3,HealthStory,0.86486155
story_reviews_01616,Newer Genetic Test for Autism More Effective,Newer Genetic Test for Autism More Effective,1,Real,4,HealthStory,0.8647269
story_reviews_00795,New Drug May Help Those Who Can't Take Statins,New Drug May Help Those Who Can't Take Statins,1,Real,3,HealthStory,0.8647004
story_reviews_00535,Health Buzz: Dried Plums May Reduce Colon Cancer Risk,Health Buzz: Dried Plums May Reduce Colon Cancer Risk,0,Fake,1,HealthStory,0.8646998
story_reviews_01202,"Zinc will help your cold, at least a little","Zinc will help your cold, at least a little",1,Real,3,HealthStory,0.86468303
story_reviews_00035,Weight-loss pills can help. So why don't more people use them?,Weight-loss pills can help. So why don't more people use them?,0,Fake,2,HealthStory,0.8646774
story_reviews_01452,"Tai Chi Eases Symptoms of Fibromyalgia, Study Finds","Tai Chi Eases Symptoms of Fibromyalgia, Study Finds",1,Real,4,HealthStory,0.8645834
story_reviews_00108,"Alzheimer's disease reversed in mice, offering hope for humans, new research shows","Alzheimer's disease reversed in mice, offering hope for humans, new research shows",0,Fake,1,HealthStory,0.864558
story_reviews_00748,Drugs May Help Relieve Restless Legs Syndrome,Drugs May Help Relieve Restless Legs Syndrome,1,Real,3,HealthStory,0.86452866
story_reviews_00221,"New Vaccine Could Stop Heroin Abuse by Blocking High, Study Suggests","New Vaccine Could Stop Heroin Abuse by Blocking High, Study Suggests",1,Real,3,HealthStory,0.8644793
story_reviews_01417,Cholesterol-Lowering Drugs May Cut RA Risk,Cholesterol-Lowering Drugs May Cut RA Risk,1,Real,3,HealthStory,0.8644788
story_reviews_00379,"Period Pain Drug Can Cure Alzheimer’s Disease, New Study Suggests","Period Pain Drug Can Cure Alzheimer’s Disease, New Study Suggests",0,Fake,2,HealthStory,0.86441094
story_reviews_00588,Here's new evidence that widespread breast cancer screening isn't effective,Here's new evidence that widespread breast cancer screening isn't effective,1,Real,4,HealthStory,0.8643967
story_reviews_00235,Blood Thinners May Prevent Dementia in Atrial Fibrillation Patients,Blood Thinners May Prevent Dementia in Atrial Fibrillation Patients,1,Real,3,HealthStory,0.8643954
story_reviews_00763,Eating Berries Linked to Lower Heart-Disease Risk Among Women,Eating Berries Linked to Lower Heart-Disease Risk Among Women,1,Real,3,HealthStory,0.8642495
story_reviews_00441,Could Nasal Spray Curtail Nighttime Bathroom Trips?,Could Nasal Spray Curtail Nighttime Bathroom Trips?,1,Real,4,HealthStory,0.8642446
story_reviews_01257,New Breast Cancer Drug Found Deep in the Sea,New Breast Cancer Drug Found Deep in the Sea,1,Real,4,HealthStory,0.86419785
story_reviews_00987,Can NSAIDs Cut Colorectal Cancer Deaths in Older Women?,Can NSAIDs Cut Colorectal Cancer Deaths in Older Women?,0,Fake,2,HealthStory,0.86408794
story_reviews_01065,"Sleeptime Head-Cooling Cap Eases Insomnia, Study Finds","Sleeptime Head-Cooling Cap Eases Insomnia, Study Finds",1,Real,4,HealthStory,0.864028
story_reviews_00354,"Blood Clot Removal Could Help More Stroke Victims, Study Finds","Blood Clot Removal Could Help More Stroke Victims, Study Finds",1,Real,3,HealthStory,0.8638049
story_reviews_01591,Sleep's role in weight loss remains a mystery,Sleep's role in weight loss remains a mystery,1,Real,3,HealthStory,0.8637763
story_reviews_00486,Using a Mother’s Microbes to Protect Cesarean Babies,Using a Mother’s Microbes to Protect Cesarean Babies,1,Real,5,HealthStory,0.86376643
story_reviews_01526,Lots of Coffee Lowers Oral Cancer Risk,Lots of Coffee Lowers Oral Cancer Risk,0,Fake,1,HealthStory,0.8637135
story_reviews_00443,"This new device claims to be the ""off switch for menstrual pain."" And it might actually work.","This new device claims to be the ""off switch for menstrual pain."" And it might actually work.",1,Real,5,HealthStory,0.86370784
story_reviews_00130,Could A Zap To The Brain Derail Destructive Impulses?,Could A Zap To The Brain Derail Destructive Impulses?,1,Real,3,HealthStory,0.8636951
story_reviews_01521,Artificial Pancreas Continues to Show Promise,Artificial Pancreas Continues to Show Promise,0,Fake,1,HealthStory,0.86367923
story_reviews_01678,New Brain Scan May Predict Alzheimer's,New Brain Scan May Predict Alzheimer's,0,Fake,2,HealthStory,0.86367077
story_reviews_00139,Eating a Poop Pill Works to Cure This Deadly and Common Hospital Infection,Eating a Poop Pill Works to Cure This Deadly and Common Hospital Infection,1,Real,4,HealthStory,0.86361986
story_reviews_01032,Urine Test May Help Predict Prostate Cancer,Urine Test May Help Predict Prostate Cancer,1,Real,4,HealthStory,0.86361057
story_reviews_01604,Are We Overselling The Sunshine Vitamin?,Are We Overselling The Sunshine Vitamin?,1,Real,5,HealthStory,0.86350656
story_reviews_01340,Noninvasive Test for Colon Cancer Shows Promise in Early Trial,Noninvasive Test for Colon Cancer Shows Promise in Early Trial,1,Real,3,HealthStory,0.8634941
story_reviews_01107,Aggressive Treatment May Be Beneficial for Early Prostate Cancer,Aggressive Treatment May Be Beneficial for Early Prostate Cancer,1,Real,5,HealthStory,0.8634934
story_reviews_00293,Can Breath Test Detect Stomach Cancers Earlier?,Can Breath Test Detect Stomach Cancers Earlier?,0,Fake,2,HealthStory,0.8634816
story_reviews_01450,Virtual Colonoscopy Can Spot Cancers Outside Colon,Virtual Colonoscopy Can Spot Cancers Outside Colon,0,Fake,0,HealthStory,0.86343706
story_reviews_01514,"PSA Test Does Cut Prostate Cancer Deaths, Study Finds","PSA Test Does Cut Prostate Cancer Deaths, Study Finds",1,Real,3,HealthStory,0.8633595
story_reviews_00482,Could This Opioid Implant Really End The Opioid Epidemic?,Could This Opioid Implant Really End The Opioid Epidemic?,1,Real,4,HealthStory,0.86335206
story_reviews_00561,A Grief So Deep It Won’t Die,A Grief So Deep It Won’t Die,1,Real,3,HealthStory,0.86326003
story_reviews_00385,She found relief for PTSD with a different kind of therapy. But does it work?,She found relief for PTSD with a different kind of therapy. But does it work?,1,Real,3,HealthStory,0.8632574
story_reviews_00577,Could a Saliva Test Help Spot Alzheimer's?,Could a Saliva Test Help Spot Alzheimer's?,1,Real,3,HealthStory,0.8632563
story_reviews_00743,Simple Breath Test Might Diagnose Heart Failure,Simple Breath Test Might Diagnose Heart Failure,1,Real,3,HealthStory,0.8632257
story_reviews_00175,Immune-Focused Drug May Be New Weapon Against Advanced Melanoma,Immune-Focused Drug May Be New Weapon Against Advanced Melanoma,1,Real,4,HealthStory,0.86321676
story_reviews_00238,Can Marijuana Restore Memory? New Study Shows Cannabis Can Reverse Cognitive Decline in Mice,Can Marijuana Restore Memory? New Study Shows Cannabis Can Reverse Cognitive Decline in Mice,1,Real,4,HealthStory,0.86316454
story_reviews_00021,Depression often goes undiagnosed. Researchers are turning to Facebook to change that.,Depression often goes undiagnosed. Researchers are turning to Facebook to change that.,1,Real,4,HealthStory,0.86315036
story_reviews_01050,"Silicone Breast Implants: Safe, With Caveats","Silicone Breast Implants: Safe, With Caveats",1,Real,3,HealthStory,0.8631312
story_reviews_00849,Gel Shows Promise as Future Male Contraceptive,Gel Shows Promise as Future Male Contraceptive,1,Real,3,HealthStory,0.86304253
story_reviews_01097,Can Crotch Length Predict Infertility in Men?,Can Crotch Length Predict Infertility in Men?,1,Real,3,HealthStory,0.86288536
story_reviews_01429,Preventive Surgeries May Be Lifesaver for Women at High Cancer Risk,Preventive Surgeries May Be Lifesaver for Women at High Cancer Risk,1,Real,3,HealthStory,0.8628715
story_reviews_01328,"Lung Cancer Deaths Reduced by CT Scans, Study Finds","Lung Cancer Deaths Reduced by CT Scans, Study Finds",1,Real,4,HealthStory,0.8628543
story_reviews_00562,'Play This Video Game And Call Me In The Morning','Play This Video Game And Call Me In The Morning',0,Fake,2,HealthStory,0.862836
story_reviews_00745,"Women who ate more soy survive lung cancer better, study finds","Women who ate more soy survive lung cancer better, study finds",1,Real,3,HealthStory,0.86282825
story_reviews_01323,Special Infant Formula Might Help Shield Babies from Type 1 Diabetes,Special Infant Formula Might Help Shield Babies from Type 1 Diabetes,1,Real,4,HealthStory,0.8628007
story_reviews_00063,This Blood Test Could Help Predict If A Pregnancy Is At Risk For Premature Labor,This Blood Test Could Help Predict If A Pregnancy Is At Risk For Premature Labor,1,Real,4,HealthStory,0.8627421
story_reviews_00951,Music May Help Ease Pain for Anxious People,Music May Help Ease Pain for Anxious People,0,Fake,0,HealthStory,0.8626867
story_reviews_00233,New Technology May Help Ease Sleep Apnea,New Technology May Help Ease Sleep Apnea,1,Real,3,HealthStory,0.86266
story_reviews_00454,"More than shots, there's new help for allergy sufferers","More than shots, there's new help for allergy sufferers",1,Real,4,HealthStory,0.8626548
story_reviews_00341,App Helps Save Seattle Cardiac Patient,App Helps Save Seattle Cardiac Patient,1,Real,4,HealthStory,0.86262184
story_reviews_00767,New Eye Test May Help Predict Risk of Glaucoma,New Eye Test May Help Predict Risk of Glaucoma,1,Real,3,HealthStory,0.86243474
story_reviews_00886,"Berries, Tea May Cut Men's Odds for Parkinson's: Study","Berries, Tea May Cut Men's Odds for Parkinson's: Study",1,Real,3,HealthStory,0.8624316
story_reviews_01411,"Freeze! Zap! Bye-Bye, Fat","Freeze! Zap! Bye-Bye, Fat",1,Real,3,HealthStory,0.86241865
story_reviews_00571,How Well Does the Newly Approved Weight-Loss 'Balloon' Work?,How Well Does the Newly Approved Weight-Loss 'Balloon' Work?,1,Real,4,HealthStory,0.8623512
story_reviews_00984,Yoga May Help Low Back Pain. Mental Effects? Not So Much,Yoga May Help Low Back Pain. Mental Effects? Not So Much,1,Real,3,HealthStory,0.8623503
story_reviews_00934,Drug Duo May Help Fight Aggressive Form of Breast Cancer,Drug Duo May Help Fight Aggressive Form of Breast Cancer,1,Real,3,HealthStory,0.8623185
story_reviews_00531,Ovarian Tissue Transplant Can Help Some Women Have Kids After Cancer Treatment,Ovarian Tissue Transplant Can Help Some Women Have Kids After Cancer Treatment,1,Real,4,HealthStory,0.8622795
story_reviews_01581,Lung Cancer Screening Often Raises False Alarm,Lung Cancer Screening Often Raises False Alarm,1,Real,5,HealthStory,0.8622365
story_reviews_00579,Prenatal Blood Tests Could Detect Cancer in Mothers,Prenatal Blood Tests Could Detect Cancer in Mothers,1,Real,5,HealthStory,0.86213124
story_reviews_01123,"Women Taking Calcium Supplements May Risk Heart Health, Researchers Say","Women Taking Calcium Supplements May Risk Heart Health, Researchers Say",1,Real,4,HealthStory,0.8620781
story_reviews_01484,Could Drinking Help Thwart Rheumatoid Arthritis?,Could Drinking Help Thwart Rheumatoid Arthritis?,0,Fake,2,HealthStory,0.86195064
story_reviews_01446,"In Early Trial, Targeted Therapy Fights Advanced Melanoma","In Early Trial, Targeted Therapy Fights Advanced Melanoma",1,Real,4,HealthStory,0.8618758
story_reviews_01172,Acupuncture May Take Edge Off Menopause Symptoms,Acupuncture May Take Edge Off Menopause Symptoms,0,Fake,1,HealthStory,0.86184376
story_reviews_00479,"Acupuncture May Help Ease Fibromyalgia Pain, Study Finds","Acupuncture May Help Ease Fibromyalgia Pain, Study Finds",1,Real,4,HealthStory,0.86184347
story_reviews_00313,Melanoma survivors' friends can help spot new moles,Melanoma survivors' friends can help spot new moles,1,Real,4,HealthStory,0.8618142
story_reviews_00864,Long-Lasting Birth Control Cuts Pregnancy Rate,Long-Lasting Birth Control Cuts Pregnancy Rate,1,Real,4,HealthStory,0.8617517
story_reviews_00456,A Mind-Reading Computer Means This Paralysed Man Can Move His Hands Again,A Mind-Reading Computer Means This Paralysed Man Can Move His Hands Again,1,Real,4,HealthStory,0.86172616
story_reviews_00048,Could Pot-Linked Drug Help Ease Agitation in Alzheimer's?,Could Pot-Linked Drug Help Ease Agitation in Alzheimer's?,1,Real,4,HealthStory,0.86171365
story_reviews_00168,How to Lose Weight: Two-Week Diet Better for Dropping Pounds,How to Lose Weight: Two-Week Diet Better for Dropping Pounds,1,Real,3,HealthStory,0.86167806
story_reviews_00757,"For Early Cancer, Lumpectomy Beats Mastectomy for Survival: Study","For Early Cancer, Lumpectomy Beats Mastectomy for Survival: Study",1,Real,3,HealthStory,0.86166686
story_reviews_01459,Tai Chi May Help Ease Fibromyalgia,Tai Chi May Help Ease Fibromyalgia,0,Fake,2,HealthStory,0.86165583
story_reviews_00647,"Vitamin D Supplements Might Slow Prostate Cancer, Study Suggests","Vitamin D Supplements Might Slow Prostate Cancer, Study Suggests",1,Real,3,HealthStory,0.8616352
story_reviews_00798,Early Autism Treatment Benefits Kids' Brains,Early Autism Treatment Benefits Kids' Brains,0,Fake,2,HealthStory,0.86162215
story_reviews_00180,A New Drug Lowers Risk of Heart Attack and Cancer,A New Drug Lowers Risk of Heart Attack and Cancer,1,Real,3,HealthStory,0.86159587
story_reviews_00625,On Medicare and Assessing the Value of Lung Cancer Screening,On Medicare and Assessing the Value of Lung Cancer Screening,1,Real,5,HealthStory,0.8615534
story_reviews_01681,Sinus Surgery Brings Relief to Many,Sinus Surgery Brings Relief to Many,1,Real,3,HealthStory,0.8615263
story_reviews_01180,Chew On This: Sticking With Nicotine Gum for the Long Haul,Chew On This: Sticking With Nicotine Gum for the Long Haul,1,Real,3,HealthStory,0.8614374
story_reviews_00996,"Chocolate lovers have fewer strokes, study finds","Chocolate lovers have fewer strokes, study finds",1,Real,5,HealthStory,0.861433
story_reviews_00708,Study Hints That 'Video Feedback' Therapy May Help Curb Autism,Study Hints That 'Video Feedback' Therapy May Help Curb Autism,0,Fake,2,HealthStory,0.86142623
story_reviews_00652,A Simple 3-Part Test May Predict Alzheimer’s,A Simple 3-Part Test May Predict Alzheimer’s,1,Real,3,HealthStory,0.8613377
story_reviews_00936,Magnesium-rich diet may lower stroke risk: study,Magnesium-rich diet may lower stroke risk: study,1,Real,5,HealthStory,0.8613099
story_reviews_01498,New Pill Found to Cut Weight With Few Side Effects: Study,New Pill Found to Cut Weight With Few Side Effects: Study,1,Real,4,HealthStory,0.8612582
story_reviews_00162,Just One Hour of Exercise a Week May Help Prevent Depression,Just One Hour of Exercise a Week May Help Prevent Depression,1,Real,3,HealthStory,0.8612474
story_reviews_00199,Laser Therapy Shows Promise Against Eye 'Floaters',Laser Therapy Shows Promise Against Eye 'Floaters',1,Real,3,HealthStory,0.86108327
story_reviews_00288,"This App Says It's As Good As The Pill At Preventing Pregnancy, But Experts Want More Evidence","This App Says It's As Good As The Pill At Preventing Pregnancy, But Experts Want More Evidence",1,Real,5,HealthStory,0.86096394
story_reviews_01473,Spinal Fluid Test May Diagnose Alzheimer's,Spinal Fluid Test May Diagnose Alzheimer's,1,Real,3,HealthStory,0.86091805
story_reviews_00658,Stress Test or 3-D Scan? And the Best Heart Exam Is ...,Stress Test or 3-D Scan? And the Best Heart Exam Is ...,1,Real,4,HealthStory,0.86086553
story_reviews_01087,Do Probiotics Relieve Constipation in Children?,Do Probiotics Relieve Constipation in Children?,1,Real,3,HealthStory,0.8608645
story_reviews_00188,Finding the Right Medication: Gene Test May Help Treat Depression,Finding the Right Medication: Gene Test May Help Treat Depression,0,Fake,2,HealthStory,0.86085904
story_reviews_00026,Vitamin D: Supplement Linked to Weight Loss in Overweight and Obese Children,Vitamin D: Supplement Linked to Weight Loss in Overweight and Obese Children,0,Fake,2,HealthStory,0.86084807
story_reviews_01040,"New Device Reduces Seizures, No Surgery Required","New Device Reduces Seizures, No Surgery Required",0,Fake,2,HealthStory,0.8608168
story_reviews_00811,"Tomato Helps Cut the Risk of a Stroke, Study Shows","Tomato Helps Cut the Risk of a Stroke, Study Shows",1,Real,4,HealthStory,0.86079186
story_reviews_00765,"IUD Might Ease Heavy Menstrual Bleeding, Study Suggests","IUD Might Ease Heavy Menstrual Bleeding, Study Suggests",1,Real,3,HealthStory,0.86069536
story_reviews_01692,Radiation From CT Scans May Raise Cancer Risk,Radiation From CT Scans May Raise Cancer Risk,1,Real,4,HealthStory,0.860634
story_reviews_00979,Could Listening to Mozart Help Doctors Spot Colon Polyps?,Could Listening to Mozart Help Doctors Spot Colon Polyps?,0,Fake,2,HealthStory,0.8605863
story_reviews_00529,"Cheers! For those managing diabetes, wine can help, study says","Cheers! For those managing diabetes, wine can help, study says",1,Real,3,HealthStory,0.8604308
story_reviews_01348,Aspirin May Help Patients Beat Prostate Cancer,Aspirin May Help Patients Beat Prostate Cancer,1,Real,3,HealthStory,0.8603822
story_reviews_01378,"Surgery For Sinus Misery: Better, But Still No Cure","Surgery For Sinus Misery: Better, But Still No Cure",1,Real,4,HealthStory,0.86029744
story_reviews_00129,ADHD Stimulants Might Help a Smoker With the Disorder Cut Back on Cigarettes,ADHD Stimulants Might Help a Smoker With the Disorder Cut Back on Cigarettes,1,Real,3,HealthStory,0.86020535
story_reviews_00781,Is a Breath Test for Colon Cancer Possible?,Is a Breath Test for Colon Cancer Possible?,1,Real,5,HealthStory,0.86018175
story_reviews_00402,"I’ll never go through shoulder surgery again, so here’s what I did","I’ll never go through shoulder surgery again, so here’s what I did",1,Real,3,HealthStory,0.8601392
story_reviews_00356,New Nuclear-Imaging Tests Show Promise in Locating Cancer,New Nuclear-Imaging Tests Show Promise in Locating Cancer,1,Real,3,HealthStory,0.86004925
story_reviews_00301,Is Coffee Bad? How Caffeine Might Slow Down Aging,Is Coffee Bad? How Caffeine Might Slow Down Aging,0,Fake,1,HealthStory,0.86003137
story_reviews_01489,Tiny Eye Telescope Brings Back A World Of Sight,Tiny Eye Telescope Brings Back A World Of Sight,1,Real,5,HealthStory,0.8600014
story_reviews_01082,Study Suggests Special MRI Might Help Diagnose Autism,Study Suggests Special MRI Might Help Diagnose Autism,1,Real,4,HealthStory,0.8599929
story_reviews_01279,Acupuncture Might Treat Certain Kind of Lazy Eye,Acupuncture Might Treat Certain Kind of Lazy Eye,1,Real,3,HealthStory,0.859978
story_reviews_01316,Pacemaker-Defibrillator Device Improves Heart-Failure Survival Rates,Pacemaker-Defibrillator Device Improves Heart-Failure Survival Rates,1,Real,5,HealthStory,0.85991096
story_reviews_00051,A Simple Emergency Room Intervention Can Help Cut Suicide Risk,A Simple Emergency Room Intervention Can Help Cut Suicide Risk,1,Real,3,HealthStory,0.85988736
story_reviews_00350,Marisa Tomei opens up about her struggle with chronic dry eye,Marisa Tomei opens up about her struggle with chronic dry eye,0,Fake,1,HealthStory,0.85981876
story_reviews_00206,You’ve Got Mail About Quitting Smoking,You’ve Got Mail About Quitting Smoking,1,Real,5,HealthStory,0.8597906
story_reviews_00111,Shining a Deadly New Light on Airborne Flu Virus,Shining a Deadly New Light on Airborne Flu Virus,0,Fake,2,HealthStory,0.85978025
story_reviews_00959,"Mammograms Cut Risk of Breast Cancer Death by Half, Study Finds","Mammograms Cut Risk of Breast Cancer Death by Half, Study Finds",0,Fake,2,HealthStory,0.8597049
story_reviews_01130,An Apple a Day May Help Keep Heart Disease Away,An Apple a Day May Help Keep Heart Disease Away,0,Fake,2,HealthStory,0.8596937
story_reviews_00117,New Findings Could Save Lives of More Stroke Patients,New Findings Could Save Lives of More Stroke Patients,1,Real,3,HealthStory,0.85965425
story_reviews_00309,Heart Failure Drug Shows Promise in First Human Trial,Heart Failure Drug Shows Promise in First Human Trial,1,Real,4,HealthStory,0.8595067
story_reviews_01027,Gene Therapy Cures Adult Leukemia,Gene Therapy Cures Adult Leukemia,1,Real,4,HealthStory,0.8594414
story_reviews_01635,Acupuncture Eases Depression in Pregnancy,Acupuncture Eases Depression in Pregnancy,0,Fake,1,HealthStory,0.85933334
story_reviews_00716,"Vitamin D May Boost Colon Cancer Survival, Study Finds","Vitamin D May Boost Colon Cancer Survival, Study Finds",1,Real,5,HealthStory,0.85914266
story_reviews_01376,Some Doctors Question New Cancer Treatment,Some Doctors Question New Cancer Treatment,1,Real,5,HealthStory,0.85911286
story_reviews_01058,Got Low Back Pain? Massage Therapy May Rub It Out,Got Low Back Pain? Massage Therapy May Rub It Out,1,Real,3,HealthStory,0.85895777
story_reviews_01002,Squirts of Insulin May Help Those With Early Alzheimer’s,Squirts of Insulin May Help Those With Early Alzheimer’s,1,Real,3,HealthStory,0.85891217
story_reviews_01092,Tonsil Removal Might Cure Bedwetting in Some Kids With Sleep Apnea,Tonsil Removal Might Cure Bedwetting in Some Kids With Sleep Apnea,1,Real,3,HealthStory,0.8588062
story_reviews_01662,Low-Carb Diet Lowers Blood Pressure,Low-Carb Diet Lowers Blood Pressure,0,Fake,2,HealthStory,0.8587214
story_reviews_01373,Colonoscopy may miss more than 7 percent of cancers,Colonoscopy may miss more than 7 percent of cancers,1,Real,4,HealthStory,0.8586725
story_reviews_00785,Certain Arthritis Patients Fare Worse After Joint Replacement: Study,Certain Arthritis Patients Fare Worse After Joint Replacement: Study,0,Fake,1,HealthStory,0.85853744
story_reviews_00132,"Migraines plague millions, especially women. Now there's new hope","Migraines plague millions, especially women. Now there's new hope",1,Real,3,HealthStory,0.8585277
story_reviews_01149,"Less Stress, Better Sleep May Help You Lose Weight","Less Stress, Better Sleep May Help You Lose Weight",1,Real,4,HealthStory,0.85846764
story_reviews_01214,Is Chocolate the Next Super Food?,Is Chocolate the Next Super Food?,0,Fake,2,HealthStory,0.858359
story_reviews_00070,FDA approves new drug that prevents migraines without side effects,FDA approves new drug that prevents migraines without side effects,1,Real,3,HealthStory,0.8583077
story_reviews_00083,Immune Treatments Show Promise for Lung Cancer,Immune Treatments Show Promise for Lung Cancer,0,Fake,2,HealthStory,0.8581519
story_reviews_00194,Is it Alzheimer’s or another dementia form? Why doctors need to distinguish and how they might do so,Is it Alzheimer’s or another dementia form? Why doctors need to distinguish and how they might do so,1,Real,3,HealthStory,0.8580991
story_reviews_01631,Acupuncture May Ease Depression During Pregnancy,Acupuncture May Ease Depression During Pregnancy,1,Real,4,HealthStory,0.8580414
story_reviews_00074,Which Anti-Depressant Is Right for You? Your DNA Can Shed Some Light,Which Anti-Depressant Is Right for You? Your DNA Can Shed Some Light,1,Real,4,HealthStory,0.8578327
story_reviews_00838,Study: PSA Testing Cuts Worst Prostate Cancers,Study: PSA Testing Cuts Worst Prostate Cancers,1,Real,4,HealthStory,0.85783255
story_reviews_00985,Cataract Surgery May Be Safer With Laser,Cataract Surgery May Be Safer With Laser,1,Real,3,HealthStory,0.8576977
story_reviews_01196,Drug Shows Promise For Newborn Blindness,Drug Shows Promise For Newborn Blindness,1,Real,4,HealthStory,0.857661
story_reviews_00128,Do you take calcium and vitamin D to protect your bones? A new study says it doesn't help,Do you take calcium and vitamin D to protect your bones? A new study says it doesn't help,1,Real,4,HealthStory,0.857622
story_reviews_01666,Should HPV Test Replace the Pap Smear?,Should HPV Test Replace the Pap Smear?,1,Real,4,HealthStory,0.85747695
story_reviews_01062,New Blood Thinner Beats Plavix When Paired With Low-Dose Aspirin,New Blood Thinner Beats Plavix When Paired With Low-Dose Aspirin,1,Real,3,HealthStory,0.85742
story_reviews_00052,Which antidepressant is right for you? This genetic test could help,Which antidepressant is right for you? This genetic test could help,1,Real,3,HealthStory,0.8573892
story_reviews_00890,Bypass Less Risky Than Stent Use Over Long Term,Bypass Less Risky Than Stent Use Over Long Term,1,Real,5,HealthStory,0.8573504
story_reviews_00487,A Diet High In Fiber May Help Protect Against Breast Cancer,A Diet High In Fiber May Help Protect Against Breast Cancer,1,Real,3,HealthStory,0.8572512
story_reviews_00841,Immune-Disorder Drug Shows Promise for Alzheimer's,Immune-Disorder Drug Shows Promise for Alzheimer's,1,Real,4,HealthStory,0.8572032
story_reviews_00884,Soy Supplements May Cool Hot Flashes: Study,Soy Supplements May Cool Hot Flashes: Study,0,Fake,2,HealthStory,0.8571947
story_reviews_00422,Program Cut Catheter-Associated Urinary Tract Infections,Program Cut Catheter-Associated Urinary Tract Infections,1,Real,4,HealthStory,0.85717034
story_reviews_00390,Your Fitbit Could Help You Get Pregnant — Here's How,Your Fitbit Could Help You Get Pregnant — Here's How,0,Fake,2,HealthStory,0.8569568
story_reviews_00915,Mammograms Can Save Lives of Women in Their 40s: Study,Mammograms Can Save Lives of Women in Their 40s: Study,1,Real,4,HealthStory,0.85678995
story_reviews_00523,IUDs and Hormonal Implants Remain Underused Contraceptives,IUDs and Hormonal Implants Remain Underused Contraceptives,1,Real,5,HealthStory,0.856778
story_reviews_00045,Ketamine Shows Promise As Treatment for Adolescents With Depression,Ketamine Shows Promise As Treatment for Adolescents With Depression,1,Real,3,HealthStory,0.85671425
story_reviews_01019,Dogs Sniff Out Lung Cancer in Humans,Dogs Sniff Out Lung Cancer in Humans,1,Real,4,HealthStory,0.8567126
story_reviews_00375,Medicating Children With ADHD Keeps Them Safer,Medicating Children With ADHD Keeps Them Safer,1,Real,3,HealthStory,0.85661846
story_reviews_01668,Ankles Gain as Candidates for Joint Replacement,Ankles Gain as Candidates for Joint Replacement,0,Fake,2,HealthStory,0.85653526
story_reviews_00595,A blood test for pancreatic cancer may re-stack the odds in patients’ favor,A blood test for pancreatic cancer may re-stack the odds in patients’ favor,1,Real,3,HealthStory,0.85652184
story_reviews_00262,This Tiny Device Is a 'Game Changer' for People Facing Blindness,This Tiny Device Is a 'Game Changer' for People Facing Blindness,1,Real,3,HealthStory,0.8564631
story_reviews_00956,Magnet Therapy May Help Some Stroke Survivors Recover,Magnet Therapy May Help Some Stroke Survivors Recover,1,Real,4,HealthStory,0.8563099
story_reviews_00680,Medicine Given Even Before Smokers Are Ready to Quit Is Found to Help Them,Medicine Given Even Before Smokers Are Ready to Quit Is Found to Help Them,1,Real,4,HealthStory,0.8562151
story_reviews_01409,FDA Approves Krystexxa to Treat Gout,FDA Approves Krystexxa to Treat Gout,0,Fake,2,HealthStory,0.8562048
story_reviews_01288,Aspirin Cuts Death Rate From Several Common Cancers,Aspirin Cuts Death Rate From Several Common Cancers,1,Real,3,HealthStory,0.8559791
story_reviews_00690,"Your IUD and Implant Last Much Longer Than They Claim, Study Says","Your IUD and Implant Last Much Longer Than They Claim, Study Says",0,Fake,2,HealthStory,0.8559585
story_reviews_00167,Strange but true: Sleep deprivation can help depression. Penn scientists want to know why,Strange but true: Sleep deprivation can help depression. Penn scientists want to know why,1,Real,4,HealthStory,0.8558761
story_reviews_01028,"Blood Test Can Tell Fetal Sex at 7 Weeks, Study Says","Blood Test Can Tell Fetal Sex at 7 Weeks, Study Says",1,Real,4,HealthStory,0.8558628
story_reviews_01100,Significant Number of Medicare Patients Getting Too-Frequent Colonoscopies,Significant Number of Medicare Patients Getting Too-Frequent Colonoscopies,1,Real,4,HealthStory,0.85562307
story_reviews_00941,"Nicotine Replacement Doesn’t Help Smokers Quit, Study Finds","Nicotine Replacement Doesn’t Help Smokers Quit, Study Finds",1,Real,4,HealthStory,0.855621
story_reviews_00038,The FDA Says This Brain-Stimulating Device May Help People With Obsessive-Compulsive Disorder,The FDA Says This Brain-Stimulating Device May Help People With Obsessive-Compulsive Disorder,1,Real,3,HealthStory,0.85554993
story_reviews_00176,"PSA saves lives, a new analysis finds. Not everyone agrees","PSA saves lives, a new analysis finds. Not everyone agrees",1,Real,4,HealthStory,0.85554135
story_reviews_00431,Cancer Drug Keytruda Keeps Some Patients Alive For 3 Years,Cancer Drug Keytruda Keeps Some Patients Alive For 3 Years,1,Real,5,HealthStory,0.8555184
story_reviews_00533,Heart Scan Can Fine-Tune Risk Estimate for Patients Considering Statins,Heart Scan Can Fine-Tune Risk Estimate for Patients Considering Statins,1,Real,4,HealthStory,0.8554669
story_reviews_01298,Women With Breast Cancer History Should Consider MRI: Study,Women With Breast Cancer History Should Consider MRI: Study,0,Fake,1,HealthStory,0.85540867
story_reviews_00969,Got High Blood Pressure? Kiwi Fruit May Help,Got High Blood Pressure? Kiwi Fruit May Help,1,Real,3,HealthStory,0.85529315
story_reviews_01117,"Tai Chi, A 'Medication In Motion,' Helps People With Heart Failure","Tai Chi, A 'Medication In Motion,' Helps People With Heart Failure",0,Fake,2,HealthStory,0.8552257
story_reviews_00261,Training Your Brain So That You Don’t Need Reading Glasses,Training Your Brain So That You Don’t Need Reading Glasses,1,Real,5,HealthStory,0.8551609
story_reviews_00152,Blood Thinners May Also Protect Brains of A-Fib Patients,Blood Thinners May Also Protect Brains of A-Fib Patients,0,Fake,2,HealthStory,0.8549315
story_reviews_01389,IUDs May Help Treat Endometrial Cancer,IUDs May Help Treat Endometrial Cancer,1,Real,4,HealthStory,0.85492927
story_reviews_01132,New Pill for MS Shows Promise in Clinical Trial,New Pill for MS Shows Promise in Clinical Trial,1,Real,4,HealthStory,0.85488707
story_reviews_01024,"Heated, Harrowing Chemotherapy Bath May Be Only Hope for Some","Heated, Harrowing Chemotherapy Bath May Be Only Hope for Some",1,Real,5,HealthStory,0.8546846
story_reviews_01425,Experimental TB Test Called Fast and Accurate,Experimental TB Test Called Fast and Accurate,1,Real,3,HealthStory,0.8546079
story_reviews_01146,Patients May Benefit From New Heart Device,Patients May Benefit From New Heart Device,1,Real,4,HealthStory,0.85439223
story_reviews_00171,New Product Is First to Claim It May Reduce Peanut Allergies,New Product Is First to Claim It May Reduce Peanut Allergies,1,Real,5,HealthStory,0.8543435
story_reviews_00882,Thyme’s Time as an Acne Remedy May Be Coming Soon,Thyme’s Time as an Acne Remedy May Be Coming Soon,1,Real,3,HealthStory,0.8542577
story_reviews_01184,Rapid Rise in PSA Levels a Poor Predictor of Prostate Cancer: Study,Rapid Rise in PSA Levels a Poor Predictor of Prostate Cancer: Study,1,Real,4,HealthStory,0.8542036
story_reviews_00370,Can Blood Tests Detect Schizophrenia and Other Mental Illnesses?,Can Blood Tests Detect Schizophrenia and Other Mental Illnesses?,1,Real,3,HealthStory,0.8541299
story_reviews_00827,"Relief for Severe Asthma, at a High Price","Relief for Severe Asthma, at a High Price",1,Real,3,HealthStory,0.8540656
story_reviews_01160,40% of Gastric Banding Patients Have Complications,40% of Gastric Banding Patients Have Complications,1,Real,4,HealthStory,0.8539686
story_reviews_00813,Tomatoes May Lower Your Risk for Stroke,Tomatoes May Lower Your Risk for Stroke,1,Real,4,HealthStory,0.85386163
story_reviews_01073,Studies Find Two New Drugs Effective Against Advanced Melanoma,Studies Find Two New Drugs Effective Against Advanced Melanoma,1,Real,5,HealthStory,0.85372865
story_reviews_00622,"For Headaches, A Lifestyle Change May Be Better Than A Doctor Visit","For Headaches, A Lifestyle Change May Be Better Than A Doctor Visit",0,Fake,2,HealthStory,0.8537003
story_reviews_00351,New Drug for Severe Eczema Is Successful in 2 New Trials,New Drug for Severe Eczema Is Successful in 2 New Trials,1,Real,3,HealthStory,0.85362756
story_reviews_00789,"Meditation Might Cut Risk of Heart Attack, Stroke in Blacks","Meditation Might Cut Risk of Heart Attack, Stroke in Blacks",1,Real,4,HealthStory,0.85332966
story_reviews_00338,Study offers potential breakthrough in care of children with autism,Study offers potential breakthrough in care of children with autism,1,Real,3,HealthStory,0.8529762
story_reviews_00844,Nutrient Drink Might Boost Memory in Early Alzheimer's: Study,Nutrient Drink Might Boost Memory in Early Alzheimer's: Study,1,Real,4,HealthStory,0.8528358
story_reviews_00495,Panel Reasserts Mammogram Advice That Triggered Breast Cancer Debate,Panel Reasserts Mammogram Advice That Triggered Breast Cancer Debate,1,Real,5,HealthStory,0.8527315
story_reviews_00777,"Experimental Antidepressant Appears Quick-Acting, Safe","Experimental Antidepressant Appears Quick-Acting, Safe",1,Real,3,HealthStory,0.8524019
story_reviews_00946,Giving Antidepressants a Boost With a Vitamin,Giving Antidepressants a Boost With a Vitamin,1,Real,3,HealthStory,0.85233444
story_reviews_01531,Generic Drug Could Save Many Trauma Patients,Generic Drug Could Save Many Trauma Patients,1,Real,4,HealthStory,0.8522204
story_reviews_01570,Colonoscopy Prep in a Pill May Be Easier to Swallow,Colonoscopy Prep in a Pill May Be Easier to Swallow,0,Fake,0,HealthStory,0.85218066
story_reviews_01220,HPV Shot Prevents Genital Warts in Boys and Men,HPV Shot Prevents Genital Warts in Boys and Men,1,Real,3,HealthStory,0.85215247
story_reviews_00685,It’s Hard To Know Where Gluten Sensitivity Stops And The Placebo Effect Begins,It’s Hard To Know Where Gluten Sensitivity Stops And The Placebo Effect Begins,1,Real,4,HealthStory,0.85176057
story_reviews_00104,Google Retinal Scans Can Predict if You Will Have a Heart Attack,Google Retinal Scans Can Predict if You Will Have a Heart Attack,0,Fake,2,HealthStory,0.8515666
story_reviews_01444,First Biosynthetic Corneas Implanted,First Biosynthetic Corneas Implanted,1,Real,5,HealthStory,0.851532
story_reviews_01198,PSA Test Cut-off Could Signal Low-Risk Prostate Cancer,PSA Test Cut-off Could Signal Low-Risk Prostate Cancer,0,Fake,2,HealthStory,0.85140157
story_reviews_00446,Is Peru’s Psychedelic Potion a Cure or a Curse?,Is Peru’s Psychedelic Potion a Cure or a Curse?,1,Real,4,HealthStory,0.85137856
story_reviews_00408,Can Google Glass Help Autistic Children Read Faces?,Can Google Glass Help Autistic Children Read Faces?,1,Real,3,HealthStory,0.85135174
story_reviews_01090,Selenium Supplements Might Give Modest Benefit Against Cholesterol,Selenium Supplements Might Give Modest Benefit Against Cholesterol,1,Real,4,HealthStory,0.85101503
story_reviews_00191,Novel Procedure Improves Kidney Transplant Success,Novel Procedure Improves Kidney Transplant Success,1,Real,4,HealthStory,0.85098416
story_reviews_00692,10 million wisdom teeth are removed each year. That might be way too many.,10 million wisdom teeth are removed each year. That might be way too many.,1,Real,4,HealthStory,0.8508272
story_reviews_00565,'Scoring System' May Spot Those in Greatest Need of Colonoscopy,'Scoring System' May Spot Those in Greatest Need of Colonoscopy,1,Real,4,HealthStory,0.85059637
story_reviews_00100,Alcoholics Anonymous works for some people. A new study suggests the alternatives do too.,Alcoholics Anonymous works for some people. A new study suggests the alternatives do too.,1,Real,5,HealthStory,0.8504309
story_reviews_00457,Using Vegetable Oils to Lower Cholesterol May Not Improve Longevity,Using Vegetable Oils to Lower Cholesterol May Not Improve Longevity,1,Real,5,HealthStory,0.8503685
story_reviews_00992,Annual Mammograms May Have More False-Positives,Annual Mammograms May Have More False-Positives,1,Real,3,HealthStory,0.85032094
story_reviews_00449,"Mediterranean Diet Protects Heart Disease Sufferers From Heart Attack, Stroke","Mediterranean Diet Protects Heart Disease Sufferers From Heart Attack, Stroke",1,Real,3,HealthStory,0.8502531
story_reviews_00042,FDA approves marketing for a contraception app for the 1st time,FDA approves marketing for a contraception app for the 1st time,1,Real,3,HealthStory,0.8501586
story_reviews_00146,IUDs May Have A Surprising Added Health Benefit,IUDs May Have A Surprising Added Health Benefit,1,Real,3,HealthStory,0.8500566
story_reviews_01406,Early Trial Suggests COPD Drug Might Help Some Asthmatics,Early Trial Suggests COPD Drug Might Help Some Asthmatics,1,Real,4,HealthStory,0.850004
story_reviews_00050,Worried About Dementia? You Might Want to Check Your Blood Pressure,Worried About Dementia? You Might Want to Check Your Blood Pressure,1,Real,3,HealthStory,0.84997624
story_reviews_00820,Is a 3-D Mammogram Better at Avoiding False Positives?,Is a 3-D Mammogram Better at Avoiding False Positives?,1,Real,3,HealthStory,0.8499571
story_reviews_00008,"Researcher: Alzheimer's vaccine could cut dementia in half, human trials may be next","Researcher: Alzheimer's vaccine could cut dementia in half, human trials may be next",1,Real,3,HealthStory,0.8498947
story_reviews_01236,"Orthotic Shoe Inserts May Work, but It’s Not Clear Why","Orthotic Shoe Inserts May Work, but It’s Not Clear Why",0,Fake,2,HealthStory,0.8495605
story_reviews_01488,"Freezing human eggs is gaining in popularity, and the science behind it is making strides as well","Freezing human eggs is gaining in popularity, and the science behind it is making strides as well",1,Real,5,HealthStory,0.8495379
story_reviews_00200,Cancer and Kids: Is Medical Marijuana the Answer?,Cancer and Kids: Is Medical Marijuana the Answer?,1,Real,4,HealthStory,0.8494541
story_reviews_00451,Aggressive 'mini-stroke' therapy may cut serious stroke risk by half,Aggressive 'mini-stroke' therapy may cut serious stroke risk by half,1,Real,3,HealthStory,0.8493839
story_reviews_01461,Less Invasive Biopsies Gain Favor,Less Invasive Biopsies Gain Favor,0,Fake,2,HealthStory,0.84935814
story_reviews_00211,"To Treat Depression, Try a Digital Therapist","To Treat Depression, Try a Digital Therapist",1,Real,4,HealthStory,0.84923327
story_reviews_00278,New Drugs May Stop Migraines Before They Start,New Drugs May Stop Migraines Before They Start,1,Real,3,HealthStory,0.84910965
story_reviews_00373,"How often should you get a mammogram? It depends on whether you have dense breast tissue, experts say","How often should you get a mammogram? It depends on whether you have dense breast tissue, experts say",1,Real,3,HealthStory,0.8491079
story_reviews_00283,How a New Psoriasis Drug Is Different From Others,How a New Psoriasis Drug Is Different From Others,1,Real,4,HealthStory,0.84894854
story_reviews_01598,Acupuncture May Help Restore Lost Sense of Smell,Acupuncture May Help Restore Lost Sense of Smell,0,Fake,0,HealthStory,0.84859395
story_reviews_00664,Walk A Little Faster To Get The Most Out of Your Exercise Time,Walk A Little Faster To Get The Most Out of Your Exercise Time,1,Real,4,HealthStory,0.84802914
story_reviews_00110,This UV Lamp Could Prevent the Flu Virus From Spreading in Public Places,This UV Lamp Could Prevent the Flu Virus From Spreading in Public Places,0,Fake,2,HealthStory,0.84800535
story_reviews_01049,"For Some Prostate Cancer Patients, Combo Treatment Improves Survival","For Some Prostate Cancer Patients, Combo Treatment Improves Survival",1,Real,4,HealthStory,0.8479979
story_reviews_00112,Gone With A Shot? Hopeful New Signs Of Relief For Migraine Sufferers,Gone With A Shot? Hopeful New Signs Of Relief For Migraine Sufferers,1,Real,4,HealthStory,0.84779614
story_reviews_00736,Are Pricey Computer-Aided Mammograms Worth It?,Are Pricey Computer-Aided Mammograms Worth It?,1,Real,4,HealthStory,0.8476893
story_reviews_00609,Average U.S. Diet May Kill Prostate Cancer Survivors,Average U.S. Diet May Kill Prostate Cancer Survivors,1,Real,3,HealthStory,0.84759164
story_reviews_01140,Estrogen Lowers Breast Cancer and Heart Attack Risk in Some,Estrogen Lowers Breast Cancer and Heart Attack Risk in Some,1,Real,4,HealthStory,0.84749764
story_reviews_00282,Stem Cell Transplants May Help Some With Multiple Sclerosis,Stem Cell Transplants May Help Some With Multiple Sclerosis,1,Real,3,HealthStory,0.84749436
story_reviews_01215,"Processed, Fatty Foods May Dumb Down Your Kids: Study","Processed, Fatty Foods May Dumb Down Your Kids: Study",0,Fake,2,HealthStory,0.8471582
story_reviews_00764,"Berries May Cut Heart Attack Risk in Women, Study Says","Berries May Cut Heart Attack Risk in Women, Study Says",0,Fake,2,HealthStory,0.8471111
story_reviews_00286,Why Weight Loss Surgery Works When Diets Don’t,Why Weight Loss Surgery Works When Diets Don’t,1,Real,3,HealthStory,0.8466111
story_reviews_00520,What Happens If You Try To Prevent Every Single Suicide?,What Happens If You Try To Prevent Every Single Suicide?,1,Real,4,HealthStory,0.84658396
story_reviews_00259,Mood-Boosting Magnets Might Help Treat Depression,Mood-Boosting Magnets Might Help Treat Depression,0,Fake,2,HealthStory,0.8464109
story_reviews_00440,"‘Second Skin’ May Reduce Wrinkles, Eyebags, Scientists Say","‘Second Skin’ May Reduce Wrinkles, Eyebags, Scientists Say",1,Real,3,HealthStory,0.84568024
story_reviews_01415,No Cure For Morning Sickness Just Yet,No Cure For Morning Sickness Just Yet,1,Real,4,HealthStory,0.8452155
story_reviews_00891,404 Not Found,404 Not Found,1,Real,4,HealthStory,0.8448304
story_reviews_00154,404 Not Found,404 Not Found,1,Real,3,HealthStory,0.8448304
story_reviews_00266,Pop a Pill for Heartburn? Try Diet and Exercise Instead,Pop a Pill for Heartburn? Try Diet and Exercise Instead,0,Fake,2,HealthStory,0.8445141
story_reviews_00545,Panel Says Aspirin Lowers Heart Attack Risk For Some,Panel Says Aspirin Lowers Heart Attack Risk For Some,1,Real,4,HealthStory,0.8444404
story_reviews_01022,Chinese Herbs Equal to Tamiflu in Reducing H1N1 Fever: Study,Chinese Herbs Equal to Tamiflu in Reducing H1N1 Fever: Study,1,Real,3,HealthStory,0.84403765
story_reviews_01382,Mammogram Benefit Is Seen for Women in Their 40s,Mammogram Benefit Is Seen for Women in Their 40s,1,Real,4,HealthStory,0.84380704
story_reviews_01401,"Mammograms Cut Breast Cancer Death Rates, But Only Modestly: Study","Mammograms Cut Breast Cancer Death Rates, But Only Modestly: Study",1,Real,3,HealthStory,0.84373915
story_reviews_00307,Experimental Brain Cancer Treatment Is a Success,Experimental Brain Cancer Treatment Is a Success,1,Real,3,HealthStory,0.8428469
story_reviews_00654,"Manual Clot Removal After Heart Attack May Not Help, Could Harm","Manual Clot Removal After Heart Attack May Not Help, Could Harm",1,Real,5,HealthStory,0.8422918
story_reviews_01427,Breast Removal Reduces Cancer Risk In Some Women,Breast Removal Reduces Cancer Risk In Some Women,0,Fake,2,HealthStory,0.84157103
story_reviews_01637,Ibuprofen May Help Stave Off Parkinson's,Ibuprofen May Help Stave Off Parkinson's,1,Real,3,HealthStory,0.8412978
story_reviews_00672,"Weight-Loss Surgery May Lower Some Pregnancy Complications, Raise Others","Weight-Loss Surgery May Lower Some Pregnancy Complications, Raise Others",1,Real,3,HealthStory,0.84124184
story_reviews_01324,"Higher Statin Doses Linked to Fewer Heart Attacks, Stroke","Higher Statin Doses Linked to Fewer Heart Attacks, Stroke",1,Real,3,HealthStory,0.8412026
story_reviews_00880,"Prostate Cancer Treatment Shows Promise in Small Study, Could Lead to Fewer Side Effects","Prostate Cancer Treatment Shows Promise in Small Study, Could Lead to Fewer Side Effects",0,Fake,1,HealthStory,0.84057623
story_reviews_00241,"One Day, a Machine Will Smell Whether You’re Sick","One Day, a Machine Will Smell Whether You’re Sick",0,Fake,2,HealthStory,0.8405727
story_reviews_00518,Better Diets May Be Extending Americans' Lives,Better Diets May Be Extending Americans' Lives,1,Real,4,HealthStory,0.8405112
story_reviews_00383,You Could Skip Your Colonoscopy If You’re Willing To Collect Your Poop,You Could Skip Your Colonoscopy If You’re Willing To Collect Your Poop,1,Real,5,HealthStory,0.84028083
story_reviews_00581,"More People Should Get Statins, Report Says","More People Should Get Statins, Report Says",1,Real,4,HealthStory,0.84023833
story_reviews_01536,Drug That Stops Bleeding Could Save Lives,Drug That Stops Bleeding Could Save Lives,1,Real,4,HealthStory,0.840223
story_reviews_00115,Brain 'Pacemaker' Might Help Slow Alzheimer's,Brain 'Pacemaker' Might Help Slow Alzheimer's,1,Real,3,HealthStory,0.8395143
story_reviews_01661,"For Lower Blood Pressure, Low-Carb Diet May Be Best","For Lower Blood Pressure, Low-Carb Diet May Be Best",1,Real,3,HealthStory,0.8392063
story_reviews_00141,"Want to Live Longer? Every Movement Counts, Even Cleaning the House","Want to Live Longer? Every Movement Counts, Even Cleaning the House",0,Fake,2,HealthStory,0.8387466
story_reviews_01044,Experimental Drug Might Help Fight Alzheimer's After All,Experimental Drug Might Help Fight Alzheimer's After All,1,Real,4,HealthStory,0.83781284
story_reviews_00887,Early Study Hints That Breast Cancer Vaccine Might Work,Early Study Hints That Breast Cancer Vaccine Might Work,1,Real,4,HealthStory,0.8377032
story_reviews_00663,The Gentle Cesarean: More Like A Birth Than An Operation,The Gentle Cesarean: More Like A Birth Than An Operation,1,Real,4,HealthStory,0.8374089
story_reviews_00260,New Eczema Drug Dupixent wins FDA Approval,New Eczema Drug Dupixent wins FDA Approval,1,Real,4,HealthStory,0.83631843
story_reviews_00358,Eating Eggs and Peanuts Early Lowers Risk of Food Allergies,Eating Eggs and Peanuts Early Lowers Risk of Food Allergies,0,Fake,2,HealthStory,0.8361695
story_reviews_00184,A New Therapy May Cure Kids of Peanut Allergy,A New Therapy May Cure Kids of Peanut Allergy,0,Fake,2,HealthStory,0.83598053
story_reviews_00940,Nicotine Replacement Treatments May Not Work Long-Term,Nicotine Replacement Treatments May Not Work Long-Term,1,Real,5,HealthStory,0.83536863
story_reviews_01399,Mammograms Less Effective Than Believed,Mammograms Less Effective Than Believed,1,Real,5,HealthStory,0.8350864
story_reviews_01020,Will you have a heart attack? These tests might tell,Will you have a heart attack? These tests might tell,0,Fake,1,HealthStory,0.83480966
story_reviews_00913,At-Home Sperm-Count Test Now Available,At-Home Sperm-Count Test Now Available,0,Fake,1,HealthStory,0.8343406
story_reviews_00166,This Test Can Determine Whether You've Outgrown A Food Allergy,This Test Can Determine Whether You've Outgrown A Food Allergy,1,Real,4,HealthStory,0.8338098
story_reviews_00444,An Online Program May Help Prevent Depression In Some People,An Online Program May Help Prevent Depression In Some People,1,Real,3,HealthStory,0.83362657
story_reviews_00874,How That Glass of Red Wine Might Help You Live Longer,How That Glass of Red Wine Might Help You Live Longer,1,Real,3,HealthStory,0.833165
story_reviews_00477,"A Vaginal Ring Could Prevent HIV, Two Huge Studies Just Found","A Vaginal Ring Could Prevent HIV, Two Huge Studies Just Found",1,Real,3,HealthStory,0.8310309
story_reviews_00712,"When Bariatric Surgery's Benefits Wane, This Procedure Can Help","When Bariatric Surgery's Benefits Wane, This Procedure Can Help",1,Real,3,HealthStory,0.83082306
story_reviews_00624,More Consensus on Coffee’s Effect on Health Than You Might Think,More Consensus on Coffee’s Effect on Health Than You Might Think,1,Real,3,HealthStory,0.82947916
story_reviews_00530,Why Double Knee Replacement Might Be Best,Why Double Knee Replacement Might Be Best,1,Real,5,HealthStory,0.82663214
story_reviews_00452,"New Stroke Treatment Saves Lives, Improves Recovery","New Stroke Treatment Saves Lives, Improves Recovery",0,Fake,2,HealthStory,0.82513154
story_reviews_00290,Hormone Blockers Can Prolong Life if Prostate Cancer Recurs,Hormone Blockers Can Prolong Life if Prostate Cancer Recurs,1,Real,4,HealthStory,0.82465476
story_reviews_00973,"Study: Vaccine for Breast, Ovarian Cancer Has Potential","Study: Vaccine for Breast, Ovarian Cancer Has Potential",1,Real,4,HealthStory,0.8244148
story_reviews_00831,Walnuts May Improve Sperm Quality in Healthy Men,Walnuts May Improve Sperm Quality in Healthy Men,1,Real,4,HealthStory,0.82099736
